Avail,Player,AB,R,H,1B,2B,3B,HR,RBI,BB,K,SB,CS,AVG,OBP,SLG,Rank,
Cackleberry Czars,"Shohei Ohtani P,U | LAD ",546,125,172,85,37,6,44,117,72,137,45,5,.315,.402,.646,1
Duane Kuiper Belt Sucks,Aaron Judge CF | NYY,521,112,162,76,35,2,49,126,106,177,8,1,.311,.434,.668,2
Witt’s End,Bobby Witt SS | KC ,578,112,195,114,42,8,31,100,56,117,28,11,.337,.400,.599,3
Walk-In Closets,Jose Ramirez 3B | CLE ,553,102,161,85,36,4,36,106,61,80,34,6,.291,.361,.566,4
Bilgola-Balgowlah Bluedragons Modern Baseball Club,Francisco Lindor SS | NYM,582,111,164,90,37,4,33,96,63,130,28,4,.282,.358,.529,5
Omak Wrong Players,Juan Soto RF | NYM,539,114,162,87,32,6,37,104,100,122,8,4,.301,.412,.588,6
Johnny and the Rockers,Elly De La Cruz SS | CIN ,539,95,151,88,34,7,22,74,53,167,52,13,.280,.350,.492,7
Walk-In Closets,Yordan Alvarez LF | HOU ,526,92,165,90,33,3,39,101,80,106,5,0,.314,.416,.610,8
Marjorie Taylor Greene's Only Fans Page,Ketel Marte 2B | ARI,549,100,162,94,27,5,36,102,67,114,9,2,.295,.373,.559,9
The Midnight Sillies,"Mookie Betts 2B,RF,SS | LAD ",534,104,161,96,34,5,26,99,78,83,17,2,.301,.391,.530,10
Bus 3,Trea Turner SS | PHI,588,108,175,116,32,3,24,75,38,122,27,3,.298,.344,.485,11
Cackleberry Czars,Corey Seager SS | TEX ,537,93,164,89,35,0,40,100,58,111,2,1,.305,.377,.594,12
Johnny and the Rockers,"Corbin Carroll CF,RF | ARI ",551,111,143,84,25,12,22,73,59,122,39,7,.260,.339,.468,13
Johnny and the Rockers,Bryce Harper 1B | PHI ,548,93,162,84,44,0,34,101,75,139,6,3,.296,.383,.562,14
Walk-In Closets,Josh Naylor 1B | ARI,525,83,150,88,30,0,32,123,51,98,7,2,.286,.350,.526,15
permanent recess,Fernando Tatis RF | SD,594,96,173,103,35,3,32,80,46,138,16,4,.291,.354,.522,16
Walk-In Closets,Julio Rodriguez CF | SEA ,573,87,165,115,25,1,24,81,41,146,29,7,.288,.341,.461,17
Bilgola-Balgowlah Bluedragons Modern Baseball Club,"Jazz Chisholm 3B,CF | NYY ",491,77,129,74,21,6,28,74,50,151,38,9,.263,.335,.501,18
Johnny and the Rockers,Gunnar Henderson SS | BAL ,544,101,152,88,29,6,29,80,63,144,18,4,.279,.360,.515,19
Brooklyn Cocaine Hippos,Ronald Acuna RF | ATL ,431,84,131,88,21,3,19,53,54,85,42,8,.304,.389,.499,20
By Any Skenes,Kyle Tucker RF | CHC,501,91,134,70,31,4,29,90,95,100,21,3,.268,.384,.519,21
By Any Skenes,"Jarren Duran CF,LF | BOS",558,93,166,95,40,11,20,68,50,126,28,6,.297,.358,.516,22
Cackleberry Czars,Byron Buxton CF | MIN,532,93,147,75,36,5,31,90,39,155,12,2,.276,.338,.538,23
Strike Four,"Cody Bellinger 1B,CF,RF | NYY",553,86,155,93,30,2,30,92,52,106,14,3,.280,.341,.504,24
Cackleberry Czars,Christian Yelich LF | MIL,446,83,138,86,27,5,20,70,58,106,28,3,.309,.392,.527,25
Omak Wrong Players,"Vladimir Guerrero 1B,3B | TOR",556,84,173,107,35,1,30,95,59,93,3,2,.311,.381,.540,26
Marjorie Taylor Greene's Only Fans Page,Marcell Ozuna DH | ATL ,523,83,158,96,28,0,34,94,63,140,1,0,.302,.379,.551,27
Witt’s End,Kyle Schwarber DH | PHI,513,104,123,62,22,0,39,100,97,178,2,1,.240,.364,.511,28
Johnny and the Rockers,Brent Rooker DH | ATH,478,75,141,81,26,2,32,94,53,148,8,2,.295,.370,.559,29
Sweep The Leg Johnny,Luis Robert CF | CHW,539,85,136,72,34,1,29,73,43,188,28,7,.252,.317,.480,30
By Any Skenes,Pete Alonso 1B | NYM ,531,90,132,66,27,1,38,99,67,155,4,0,.249,.344,.518,31
Bilgola-Balgowlah Bluedragons Modern Baseball Club,Christian Walker 1B | HOU ,531,78,145,77,33,1,34,93,56,137,8,2,.273,.349,.531,32
permanent recess,Rafael Devers 3B | BOS ,547,88,153,84,33,4,32,92,68,135,4,1,.280,.363,.530,33
Sweep The Leg Johnny,Mike Trout CF | LAA,525,88,133,72,21,6,34,78,72,159,14,3,.253,.352,.510,34
Bus 3,Freddie Freeman 1B | LAD ,518,84,151,95,30,3,23,97,72,100,8,2,.291,.383,.494,35
Duane Kuiper Belt Sucks,"Bryan Reynolds LF,RF | PIT",567,79,166,106,30,5,25,87,53,137,11,2,.293,.362,.496,36
The Midnight Sillies,Matt Olson 1B | ATL,540,84,149,81,31,5,32,100,75,144,1,0,.276,.369,.530,37
Duane Kuiper Belt Sucks,"Oneil Cruz CF,SS | PIT",545,77,152,91,35,4,22,78,50,159,23,3,.279,.340,.479,38
Brooklyn Cocaine Hippos,Willy Adames SS | SF,526,75,136,70,33,1,32,89,55,149,14,3,.259,.330,.508,39
Brooklyn Cocaine Hippos,"Victor Robles CF,LF,RF | SEA ",414,66,126,84,30,2,10,48,37,98,46,6,.304,.379,.459,41
Witt’s End,Manny Machado 3B | SD,582,74,160,102,30,0,28,98,40,127,8,2,.275,.321,.471,43
Duane Kuiper Belt Sucks,Triston Casas 1B | BOS ,476,78,141,83,24,2,32,85,74,141,1,0,.296,.393,.557,45
permanent recess,Jackson Merrill CF | SD,547,72,160,98,32,8,22,80,34,117,15,4,.292,.335,.501,46
Droitwich Murdercocks,Cedric Mullins CF | BAL,509,78,119,70,22,4,23,75,50,127,30,6,.234,.308,.428,47
Witt’s End,"Lane Thomas CF,RF | CLE ",471,75,119,67,26,3,23,76,45,144,24,11,.253,.326,.467,48
Witt’s End,Jose Altuve 2B | HOU ,574,85,164,115,29,1,19,63,52,120,19,5,.286,.350,.439,49
Walk-In Closets,C.J. Abrams SS | WAS,486,72,131,78,25,7,21,62,36,120,27,10,.270,.332,.479,50
By Any Skenes,Michael Harris CF | ATL ,563,78,163,111,26,5,21,63,31,120,17,7,.289,.332,.465,51
Strike Four,Zachary Neto SS | LAA ,447,64,117,64,31,1,21,76,33,122,26,9,.262,.329,.476,52
Bus 3,"Joshua Lowe LF,RF | TB",472,64,126,76,29,3,18,65,43,139,31,3,.267,.327,.456,53
Sweep The Leg Johnny,"Brandon Nimmo CF,LF | NYM ",539,89,137,81,25,7,24,82,74,150,10,1,.254,.352,.460,54
Johnny and the Rockers,Mark Vientos 3B | NYM,497,72,134,75,26,1,32,86,40,156,2,0,.270,.326,.519,55
Marjorie Taylor Greene's Only Fans Page,Carlos Correa SS | MIN,526,83,154,96,33,3,22,86,58,118,1,0,.293,.366,.492,56
Cackleberry Czars,Tyler Fitzgerald SS | SF,475,78,137,83,31,3,20,55,38,143,20,8,.288,.350,.493,57
Sweep The Leg Johnny,Ozzie Albies 2B | ATL ,546,77,147,91,33,3,20,84,44,96,13,2,.269,.331,.451,60
Bus 3,Marcus Semien 2B | TEX,548,95,140,83,30,3,24,75,52,102,8,3,.256,.323,.453,61
Omak Wrong Players,"Brandon Lowe 1B,2B | TB",487,78,125,72,23,3,27,81,51,133,9,1,.257,.332,.482,62
Cackleberry Czars,Austin Riley 3B | ATL ,539,85,152,91,32,3,26,76,49,144,1,0,.282,.347,.497,63
Omak Wrong Players,James Wood LF | WAS ,466,72,127,78,23,8,18,71,55,153,19,9,.273,.355,.472,64
Omak Wrong Players,Xavier Edwards SS | MIA,417,64,128,91,22,8,7,49,44,88,35,6,.307,.369,.448,65
Bus 3,Brenton Doyle CF | COL ,417,71,112,70,20,4,18,63,38,124,23,4,.269,.331,.465,66
By Any Skenes,Jasson Dominguez LF | NYY ,479,73,120,72,22,2,24,66,55,133,19,4,.251,.332,.455,67
The Midnight Sillies,"Jackson Chourio LF,RF | MIL ",414,66,119,72,25,4,18,70,32,96,17,4,.287,.342,.498,68
Cackleberry Czars,"Alec Burleson 1B,LF,RF | STL ",486,71,135,91,22,1,21,78,38,86,10,4,.278,.333,.457,69
Droitwich Murdercocks,"Teoscar Hernandez LF,RF | LAD",473,67,128,79,23,2,24,84,42,138,8,2,.271,.336,.480,70
Droitwich Murdercocks,Matt McLain SS | CIN,474,78,134,83,30,4,17,61,35,135,17,6,.283,.339,.470,71
Duane Kuiper Belt Sucks,Adolis Garcia RF | TEX ,450,70,111,59,24,0,28,81,38,146,9,3,.247,.313,.487,73
Brooklyn Cocaine Hippos,Yandy Diaz 1B | TB ,553,75,169,116,33,1,19,79,60,94,0,0,.306,.377,.472,74
Cackleberry Czars,Zack Gelof 2B | ATH ,480,70,120,72,25,3,20,57,36,163,27,4,.250,.307,.440,75
The Midnight Sillies,Kerry Carpenter RF | DET,422,63,120,66,23,4,27,78,35,117,4,2,.284,.348,.550,77
Duane Kuiper Belt Sucks,Steven Kwan LF | CLE,508,91,147,107,21,5,14,53,57,76,14,5,.289,.366,.433,78
Droitwich Murdercocks,"Wyatt Langford CF,LF | TEX ",451,73,120,71,27,4,18,71,45,116,17,3,.266,.337,.463,79
Walk-In Closets,Wilyer Abreu RF | BOS ,469,72,129,72,34,3,20,74,50,127,11,4,.275,.345,.488,81
Sweep The Leg Johnny,Alex Bregman 3B | BOS,540,82,147,86,33,4,24,73,53,99,3,1,.272,.342,.481,82
Cackleberry Czars,Trevor Story SS | BOS ,491,59,135,85,33,2,15,62,46,139,27,10,.275,.340,.442,83
permanent recess,"Tommy Edman CF,SS | LAD ",483,80,124,78,26,6,14,58,38,92,25,3,.257,.315,.422,84
Bilgola-Balgowlah Bluedragons Modern Baseball Club,"Riley Greene CF,LF | DET ",474,76,130,76,26,4,24,69,57,140,6,3,.274,.358,.498,85
W ,Yoan Moncada 3B | LAA ,506,77,146,83,36,7,20,68,48,156,6,1,.288,.356,.506,86
Johnny and the Rockers,"Tyler O'Neill LF,RF | BAL",472,82,112,63,18,1,30,67,55,165,7,1,.237,.325,.470,87
The Midnight Sillies,Seiya Suzuki RF | CHC,463,65,135,83,27,6,19,67,56,136,12,6,.292,.369,.499,88
permanent recess,"Jake Burger 1B,3B | TEX",418,65,111,56,22,1,32,75,29,120,1,1,.266,.328,.553,90
Cackleberry Czars,Nick Castellanos RF | PHI ,516,76,140,87,29,4,20,79,39,124,6,2,.271,.331,.459,91
Bilgola-Balgowlah Bluedragons Modern Baseball Club,Nolan Arenado 3B | STL ,556,77,154,110,24,1,19,78,48,104,4,1,.277,.339,.426,92
Marjorie Taylor Greene's Only Fans Page,Randy Arozarena LF | SEA ,506,76,121,70,28,2,21,64,70,159,19,10,.239,.348,.427,93
Duane Kuiper Belt Sucks,"Luis Rengifo 2B,3B | LAA ",407,59,120,86,16,4,14,55,31,74,23,9,.295,.353,.457,95
Johnny and the Rockers,Anthony Santander RF | TOR,527,72,129,70,28,2,29,81,49,117,3,0,.245,.316,.471,96
Strike Four,Ezequiel Tovar SS | COL,507,72,139,80,33,4,22,67,23,151,7,5,.274,.309,.485,97
Bilgola-Balgowlah Bluedragons Modern Baseball Club,Lourdes Gurriel LF | ARI ,505,67,140,91,26,2,21,75,27,100,6,1,.277,.320,.461,98
Marjorie Taylor Greene's Only Fans Page,Matt Chapman 3B | SF,462,79,118,60,33,2,23,63,53,138,9,2,.255,.340,.485,99
The Midnight Sillies,Joc Pederson DH | TEX,435,67,117,68,23,1,25,69,51,126,6,2,.269,.359,.499,100
Sweep The Leg Johnny,J.T. Realmuto C | PHI,478,72,130,80,28,3,19,72,36,129,8,4,.272,.335,.462,101
Droitwich Murdercocks,Dansby Swanson SS | CHC,499,76,127,80,27,3,17,68,56,132,15,3,.255,.332,.423,102
Strike Four,Jurickson Profar LF | ATL ,454,72,125,78,25,1,21,66,65,98,7,2,.275,.380,.474,103
Omak Wrong Players,Paul Goldschmidt 1B | NYY ,492,68,124,71,27,1,25,70,50,158,9,1,.252,.322,.463,104
Brooklyn Cocaine Hippos,Dylan Crews RF | WAS,467,63,123,79,24,5,15,56,43,114,24,6,.263,.330,.432,106
Strike Four,"Colton Cowser CF,LF,RF | BAL",467,75,117,68,25,3,21,71,50,163,9,5,.251,.331,.452,107
Brooklyn Cocaine Hippos,Jose Siri CF | NYM,394,64,91,45,17,2,27,63,28,147,14,6,.231,.289,.490,108
Bus 3,"Luke Raley 1B,LF,RF | SEA ",409,62,109,59,24,4,22,61,34,131,13,2,.267,.345,.506,109
Strike Four,Royce Lewis 3B | MIN ,417,65,106,61,19,1,25,78,41,109,4,0,.254,.323,.484,110
Duane Kuiper Belt Sucks,"Alec Bohm 1B,3B | PHI ",484,62,138,85,38,1,14,91,35,81,4,1,.285,.338,.455,112
Marjorie Taylor Greene's Only Fans Page,Mike Yastrzemski RF | SF ,471,73,123,66,25,8,24,68,47,133,4,2,.261,.336,.501,113
Droitwich Murdercocks,"Luis Arraez 1B,2B | SD ",588,77,192,149,32,4,7,52,28,36,6,2,.327,.365,.430,115
Brooklyn Cocaine Hippos,Ryan McMahon 3B | COL,529,75,133,80,28,1,24,73,70,178,4,4,.251,.341,.444,116
W ,"Tommy Pham CF,LF,RF | PIT",488,69,136,89,29,4,14,60,43,124,15,4,.279,.339,.441,117
The Midnight Sillies,Brice Turang 2B | MIL ,422,59,115,80,24,3,8,47,37,81,33,6,.273,.333,.401,118
Bus 3,Max Muncy 3B | LAD,420,78,92,42,23,1,26,82,73,135,3,1,.219,.341,.464,119
Brooklyn Cocaine Hippos,"Heliot Ramos CF,LF | SF",485,57,133,88,20,3,22,70,36,133,8,1,.274,.326,.464,120
Omak Wrong Players,Will Smith C | LAD ,453,78,121,78,23,2,18,77,56,94,2,1,.267,.354,.446,121
Brooklyn Cocaine Hippos,Luis Garcia 2B | WAS,434,55,127,88,21,3,15,58,26,79,17,5,.293,.331,.459,122
Marjorie Taylor Greene's Only Fans Page,TJ Friedl CF | CIN,401,57,106,68,16,5,17,70,35,78,16,3,.264,.336,.456,123
Witt’s End,Ian Happ LF | CHC,448,68,116,65,29,3,19,68,70,126,11,2,.259,.363,.464,124
By Any Skenes,"Ceddanne Rafaela 2B,CF,SS | BOS",475,64,123,82,21,4,16,66,21,122,17,8,.259,.296,.421,125
permanent recess,"Spencer Steer 1B,LF | CIN ",421,58,110,63,28,3,16,71,47,97,16,2,.261,.342,.456,128
Bilgola-Balgowlah Bluedragons Modern Baseball Club,"Matt Wallner LF,RF | MIN ",361,57,101,51,26,2,22,68,39,124,6,1,.280,.377,.546,133
Johnny and the Rockers,"David Hamilton 2B,SS | BOS ",394,55,103,69,22,2,10,40,31,93,36,6,.261,.318,.404,134
Droitwich Murdercocks,"Jordan Westburg 2B,3B | BAL",487,67,125,71,30,4,20,74,34,124,7,3,.257,.320,.458,135
By Any Skenes,Bo Bichette SS | TOR ,576,64,160,111,29,4,16,67,30,123,9,4,.278,.318,.425,136
The Midnight Sillies,"Jeimer Candelario 1B,3B | CIN ",468,65,119,62,31,3,23,71,39,126,6,3,.254,.322,.481,137
Witt’s End,Christian Encarnacion-Strand 1B | CIN,473,66,124,77,26,1,20,80,32,127,3,0,.262,.319,.448,138
Bus 3,Starling Marte RF | NYM ,426,59,114,81,19,3,11,59,33,106,23,3,.268,.327,.404,140
Strike Four,Eugenio Suarez 3B | ARI,468,66,121,73,26,1,21,81,40,134,2,1,.259,.321,.453,141
Witt’s End,George Springer RF | TOR ,513,71,125,84,19,3,19,58,49,110,16,2,.244,.315,.404,142
Bilgola-Balgowlah Bluedragons Modern Baseball Club,"Xander Bogaerts 2B,SS | SD",563,64,149,105,25,3,16,61,36,110,15,3,.265,.310,.405,143
Bus 3,Michael Conforto LF | LAD ,407,67,110,61,26,3,20,74,50,95,2,1,.270,.357,.496,144
Marjorie Taylor Greene's Only Fans Page,"Trevor Larnach LF,RF | MIN",400,68,105,66,18,2,19,70,50,116,6,2,.263,.346,.460,146
W ,Jake Fraley RF | CIN,401,56,115,77,24,2,12,49,33,85,22,6,.287,.347,.446,147
Bilgola-Balgowlah Bluedragons Modern Baseball Club,"Jose Caballero 2B,3B,SS | TB",379,52,96,62,22,2,10,46,28,100,35,9,.253,.313,.401,149
Bilgola-Balgowlah Bluedragons Modern Baseball Club,Lawrence Butler RF | ATH,382,60,103,57,23,5,18,55,34,102,15,2,.270,.330,.497,150
Bus 3,Willson Contreras C | STL ,397,63,112,67,25,0,20,59,51,117,6,2,.282,.383,.496,152
Duane Kuiper Belt Sucks,"Brandon Marsh CF,LF | PHI ",395,58,108,68,21,4,15,61,48,132,15,3,.273,.352,.461,153
Sweep The Leg Johnny,Masyn Winn SS | STL ,488,75,136,90,27,5,14,52,36,96,10,5,.279,.328,.441,156
Walk-In Closets,Andres Gimenez 2B | TOR ,482,58,127,92,22,3,10,53,24,97,26,5,.264,.314,.384,157
permanent recess,Jeremy Pena SS | HOU,477,67,125,87,24,1,13,59,27,104,16,5,.262,.314,.398,158
Strike Four,"Daulton Varsho CF,LF | TOR ",479,71,114,65,23,7,19,64,46,138,12,2,.238,.310,.434,159
Strike Four,"Connor Norby 2B,3B | MIA",477,71,120,75,23,2,20,61,43,137,8,3,.252,.316,.434,161
Duane Kuiper Belt Sucks,Thairo Estrada 2B | COL ,479,67,123,77,27,3,16,65,17,120,11,4,.257,.295,.426,162
Marjorie Taylor Greene's Only Fans Page,"Salvador Perez 1B,C | KC",461,49,126,81,22,0,23,81,33,117,0,0,.273,.334,.471,163
Sweep The Leg Johnny,Vinnie Pasquantino 1B | KC ,488,61,125,76,29,1,19,84,47,101,2,0,.256,.322,.436,165
Strike Four,"Bryson Stott 2B,SS | PHI",410,57,110,78,20,2,10,50,37,77,24,3,.268,.330,.400,166
W ,Jo Adell RF | LAA ,411,60,95,55,18,2,20,63,40,136,15,10,.231,.309,.431,168
Bilgola-Balgowlah Bluedragons Modern Baseball Club,Cal Raleigh C | SEA ,408,59,98,56,16,1,25,73,49,121,3,1,.240,.324,.468,170
By Any Skenes,Jonathan Aranda 1B | TB,386,67,106,58,26,1,21,57,45,95,2,0,.275,.355,.510,172
Brooklyn Cocaine Hippos,"Brendan Donovan 2B,LF | STL ",474,60,134,87,28,4,15,65,42,82,6,5,.283,.353,.454,174
Brooklyn Cocaine Hippos,Josh Jung 3B | TEX,453,60,122,77,19,4,22,57,23,138,5,2,.269,.310,.475,175
Walk-In Closets,Evan Carter LF | TEX ,430,68,106,51,29,6,20,55,41,131,10,1,.246,.317,.481,177
Marjorie Taylor Greene's Only Fans Page,"Dylan Moore 1B,2B,3B,LF,SS | SEA ",358,53,86,40,27,6,13,52,49,107,26,6,.240,.345,.458,179
Strike Four,Andrew Vaughn 1B | CHW ,470,59,125,76,27,2,20,74,38,116,1,0,.266,.331,.460,180
Duane Kuiper Belt Sucks,Nolan Schanuel 1B | LAA,475,69,132,98,21,0,13,57,64,99,8,1,.278,.369,.404,182
W ,"Dane Myers CF,RF | MIA ",372,56,101,61,21,3,16,55,35,103,13,3,.272,.339,.473,183
Duane Kuiper Belt Sucks,Anthony Volpe SS | NYY ,489,68,123,82,23,8,10,47,29,134,23,4,.252,.298,.393,184
Witt’s End,Jung Hoo Lee CF | SF ,479,59,135,93,26,2,14,68,36,75,5,1,.282,.344,.432,185
W ,"Jose Miranda 1B,3B | MIN",466,61,137,87,30,6,14,60,30,92,4,0,.294,.346,.474,186
W ,"Josh H. Smith 3B,SS | TEX",425,60,115,70,27,2,16,59,36,109,9,2,.271,.347,.457,187
Johnny and the Rockers,Jacob Young CF | WAS ,396,63,107,79,22,2,4,37,29,95,30,7,.270,.333,.366,190
W ,Andrew Benintendi LF | CHW ,465,64,119,76,24,2,17,65,51,94,7,2,.256,.331,.426,192
Bus 3,Nolan Jones LF | COL,392,58,105,68,22,3,12,62,59,133,13,6,.268,.365,.431,195
W ,"Jonny DeLuca CF,LF,RF | TB ",415,48,108,69,19,6,14,53,33,97,20,5,.260,.322,.436,200
W ,"Dairon Blanco CF,LF,RF | KC",315,40,80,54,13,2,11,40,27,83,33,8,.254,.319,.413,201
permanent recess,"Maikel Garcia 2B,3B | KC",426,62,109,80,20,3,6,45,37,95,27,4,.256,.313,.359,202
Droitwich Murdercocks,Pete Crow-Armstrong CF | CHC ,394,53,96,62,17,5,12,54,31,104,23,4,.244,.306,.404,205
Brooklyn Cocaine Hippos,Shea Langeliers C | ATH ,387,50,97,55,17,2,23,69,32,111,4,2,.251,.313,.483,207
The Midnight Sillies,Tyler Soderstrom 1B | ATH ,412,51,109,60,25,1,23,65,42,104,2,0,.265,.341,.498,208
Omak Wrong Players,Jonathan India 2B | KC,410,68,109,71,23,2,13,51,52,90,11,1,.266,.358,.427,209
Marjorie Taylor Greene's Only Fans Page,"Isaac Paredes 1B,3B | HOU",450,55,116,71,23,1,21,73,57,85,1,0,.258,.359,.453,210
Johnny and the Rockers,"Nico Hoerner 2B,SS | CHC ",403,60,114,82,25,1,6,37,33,50,24,4,.283,.348,.395,211
W ,"Jesse Winker LF,RF | NYM ",365,58,97,61,19,2,15,55,56,96,11,3,.266,.375,.452,213
Walk-In Closets,"Ryan O'Hearn 1B,RF | BAL",419,59,113,71,22,3,17,63,39,86,4,1,.270,.334,.458,214
Sweep The Leg Johnny,"Christopher Morel 2B,3B,LF | TB",466,59,104,64,13,3,24,64,51,140,8,5,.223,.307,.418,217
W ,Masataka Yoshida DH | BOS ,446,55,130,90,25,2,13,63,32,69,4,0,.291,.351,.444,218
Johnny and the Rockers,Logan O'Hoppe C | LAA,395,59,104,66,16,0,22,56,29,127,2,2,.263,.322,.471,221
Johnny and the Rockers,Michael Busch 1B | CHC,396,60,104,59,24,2,19,58,49,121,4,1,.263,.346,.477,222
By Any Skenes,Matt Shaw 3B | CHC ,456,66,115,74,23,2,16,61,45,113,6,2,.252,.326,.417,224
permanent recess,"Jake McCarthy CF,LF,RF | ARI",382,53,103,74,14,5,10,51,28,70,18,5,.270,.332,.411,226
W ,Harrison Bader CF | MIN,378,58,95,65,18,1,11,50,17,90,19,7,.251,.295,.392,227
permanent recess,"Yainer Diaz 1B,C | HOU ",401,51,119,78,22,3,16,62,18,83,1,0,.297,.327,.486,228
Strike Four,"Michael Toglia 1B,RF | COL",364,60,87,49,15,3,20,56,50,124,8,1,.239,.334,.462,229
Witt’s End,Heston Kjerstad LF | BAL ,405,57,99,63,17,2,17,61,41,122,10,2,.244,.331,.422,230
W ,Ke'Bryan Hayes 3B | PIT ,486,60,130,94,21,4,11,51,29,99,14,4,.268,.312,.395,232
Witt’s End,William Contreras C | MIL ,351,58,103,64,25,1,13,56,39,81,5,1,.293,.367,.481,234
W ,"Mickey Moniak CF,RF | LAA",393,52,101,58,22,4,17,61,21,124,9,4,.257,.301,.463,235
Cackleberry Czars,Ryan Jeffers C | MIN ,390,56,98,58,19,1,20,63,34,99,4,1,.251,.332,.459,236
W ,"Kody Clemens 1B,3B | PHI",381,57,100,56,24,2,18,65,36,96,2,0,.263,.332,.478,238
Sweep The Leg Johnny,Jordan Walker RF | STL ,461,56,118,73,25,3,17,61,34,127,7,4,.256,.314,.434,241
W ,Michael Massey 2B | KC,410,56,111,69,22,3,17,56,24,85,5,1,.271,.314,.463,243
Droitwich Murdercocks,Gleyber Torres 2B | DET ,486,65,133,92,26,2,13,52,42,108,6,3,.274,.332,.416,245
The Midnight Sillies,Roman Anthony CF | BOS ,379,54,101,62,21,3,15,51,35,101,11,3,.267,.334,.457,246
W ,Alex Call RF | WAS,378,52,105,67,23,2,13,50,35,94,12,3,.278,.347,.452,247
By Any Skenes,"Jesus Sanchez LF,RF | MIA ",351,49,94,56,21,2,15,52,35,98,12,2,.268,.339,.467,250
Duane Kuiper Belt Sucks,Parker Meadows CF | DET ,384,57,98,58,18,7,15,43,36,103,15,4,.255,.322,.456,251
W ,"Jack Suwinski CF,LF,RF | PIT ",393,54,90,52,18,1,19,55,49,127,13,2,.229,.322,.425,252
Omak Wrong Players,Junior Caminero 3B | TB,423,53,109,65,24,2,18,60,42,100,6,1,.258,.330,.452,253
The Midnight Sillies,Taylor Ward LF | LAA,376,56,99,60,20,1,18,57,41,104,4,3,.263,.340,.465,256
W ,Johan Rojas CF | PHI ,392,53,100,72,18,4,6,42,19,93,26,3,.255,.298,.367,260
Omak Wrong Players,J.J. Bleday CF | ATH,421,61,117,61,35,5,16,51,48,90,2,0,.278,.354,.499,261
W ,Jacob Wilson SS | ATH,456,60,117,81,20,3,13,47,38,105,13,3,.257,.318,.399,262
Marjorie Taylor Greene's Only Fans Page,"Willi Castro 2B,3B,CF,LF,SS | MIN",357,63,95,61,20,5,9,43,36,99,15,5,.266,.354,.426,263
W ,"Ernie Clement 3B,SS | TOR",396,47,110,74,21,2,13,52,17,55,11,2,.278,.310,.439,265
Witt’s End,Nate Lowe 1B | WAS ,436,58,123,85,22,3,13,61,56,116,1,0,.282,.368,.436,266
W ,"Jarred Kelenic CF,LF | ATL",376,50,100,63,18,3,16,49,34,106,10,4,.266,.328,.457,270
W ,Max Kepler RF | PHI ,421,60,115,74,25,2,14,55,32,98,3,1,.273,.328,.442,274
W ,Otto Lopez 2B | MIA,381,52,105,71,24,2,8,45,28,78,17,4,.276,.326,.412,275
Bilgola-Balgowlah Bluedragons Modern Baseball Club,Tyler Stephenson C | CIN ,404,59,107,65,25,1,16,60,37,107,1,0,.265,.335,.451,276
Marjorie Taylor Greene's Only Fans Page,"Paul DeJong 3B,SS | WAS",377,54,94,57,16,0,21,55,21,123,3,3,.249,.301,.459,277
W ,"Pavin Smith 1B,LF,RF | ARI ",318,51,87,49,21,2,15,52,31,72,7,1,.274,.336,.494,278
Sweep The Leg Johnny,Rhys Hoskins 1B | MIL,383,52,88,51,16,0,21,68,43,115,3,0,.230,.317,.436,279
W ,J.P. Crawford SS | SEA ,447,73,110,68,25,3,14,52,66,108,5,0,.246,.348,.409,280
Bus 3,Jorge Soler RF | LAA,397,64,93,48,22,1,22,55,51,129,1,0,.234,.330,.461,281
Brooklyn Cocaine Hippos,Kyle Higashioka C | TEX,369,46,90,48,18,1,23,63,27,120,2,0,.244,.293,.485,283
Marjorie Taylor Greene's Only Fans Page,"Lars Nootbaar CF,LF,RF | STL ",387,56,102,63,21,4,14,49,56,94,9,3,.264,.357,.447,284
W ,Edouard Julien 2B | MIN,404,67,101,66,18,1,16,44,51,135,7,1,.250,.336,.418,286
Cackleberry Czars,"Garrett Mitchell CF,RF | MIL",343,54,89,52,20,4,13,43,39,100,14,5,.260,.336,.455,287
W ,Chase Meidroth SS | CHW ,450,56,111,74,22,3,12,50,34,116,15,4,.247,.305,.389,289
W ,Spencer Torkelson 1B | DET ,406,60,99,52,26,1,20,58,41,121,1,0,.244,.319,.461,290
Droitwich Murdercocks,Giancarlo Stanton DH | NYY ,355,45,82,37,20,0,25,65,32,129,1,0,.231,.297,.499,291
W ,"Andy Pages CF,RF | LAD ",370,66,96,59,21,2,14,52,32,100,3,2,.260,.325,.441,294
W ,"Chas McCormick CF,LF,RF | HOU",385,52,96,66,16,2,12,49,35,116,15,3,.249,.326,.395,295
W ,"Stuart Fairchild CF,LF,RF | CIN",304,50,75,46,16,1,12,45,26,84,17,2,.247,.317,.424,296
W ,"Brooks Lee 2B,3B,SS | MIN ",394,47,104,69,19,4,12,58,28,88,10,2,.264,.315,.424,297
Brooklyn Cocaine Hippos,Kyle Manzardo DH | CLE ,405,51,103,59,24,1,19,57,39,106,3,1,.254,.325,.459,298
Cackleberry Czars,Colt Keith 2B | DET,426,52,115,84,15,3,13,53,33,95,7,1,.270,.326,.411,299
W ,Gary Sanchez C | BAL,377,48,88,48,17,1,22,67,34,124,1,0,.233,.322,.459,300
Duane Kuiper Belt Sucks,Adley Rutschman C | BAL,455,59,117,83,19,0,15,62,55,91,1,1,.257,.339,.398,301
Bilgola-Balgowlah Bluedragons Modern Baseball Club,Joey Bart C | PIT,374,53,97,63,18,0,16,63,34,104,1,0,.259,.331,.436,302
W ,Jose Tena 3B | WAS ,381,49,104,73,18,1,12,51,29,96,9,2,.273,.329,.420,303
W ,"Jonah Bride 1B,3B | MIA ",364,47,99,62,19,1,17,59,40,87,1,0,.272,.343,.470,305
W ,"Jake Cronenworth 1B,2B | SD ",458,54,117,73,25,5,14,62,46,105,4,2,.256,.335,.424,307
W ,"Ji-Hwan Bae CF,RF | PIT",371,54,89,64,17,2,6,42,35,102,24,8,.240,.308,.345,308
W ,"Rob Refsnyder LF,RF | BOS",380,48,105,68,22,2,13,51,30,99,7,4,.276,.336,.447,309
W ,Alek Thomas CF | ARI,386,54,91,57,18,3,13,53,27,87,12,1,.236,.290,.399,312
W ,"Kevin Pillar CF,LF,RF | TEX ",306,47,75,43,16,1,15,47,20,75,12,3,.245,.305,.451,314
Droitwich Murdercocks,Kristian Campbell 2B | BOS ,383,52,101,67,21,2,11,47,32,87,11,3,.264,.326,.415,315
W ,"Bryan De La Cruz LF,RF | ATL ",324,44,87,51,18,0,18,53,26,89,3,1,.269,.324,.491,317
W ,Jhonkensy Noel RF | CLE ,396,57,95,57,19,3,16,53,36,115,6,1,.240,.317,.424,318
W ,"Wenceel Perez CF,RF | DET ",429,59,108,71,21,5,11,46,38,109,11,4,.252,.314,.401,319
W ,Juan Yepez 1B | WAS,367,51,101,64,22,1,14,52,34,83,3,0,.275,.338,.455,321
W ,Oliver Dunn 3B | MIL,386,55,99,64,18,5,12,51,37,104,8,2,.257,.327,.422,322
W ,Will Wagner 2B | TOR ,412,51,111,75,23,2,11,48,31,84,9,2,.269,.326,.415,325
Droitwich Murdercocks,"Connor Wong 1B,C | BOS ",382,46,110,78,19,1,12,50,23,92,5,4,.288,.339,.437,326
W ,"Kris Bryant 1B,RF | COL",468,56,113,79,18,1,15,62,50,135,4,0,.241,.338,.380,327
Sweep The Leg Johnny,Jackson Holliday 2B | BAL,438,65,96,64,16,2,14,53,37,129,10,2,.219,.287,.361,328
W ,"Isiah Kiner-Falefa 2B,3B,SS | PIT",396,47,113,83,17,5,8,43,20,76,12,3,.285,.329,.414,330
W ,"Jordan Beck LF,RF | COL",373,49,91,59,18,2,12,46,34,124,14,3,.244,.313,.400,336
The Midnight Sillies,Ryan Mountcastle 1B | BAL,428,53,111,73,24,2,12,60,30,125,3,0,.259,.308,.409,339
W ,"Seth Brown 1B,LF,RF | ATH",385,42,97,60,19,1,17,57,29,110,5,1,.252,.309,.439,340
W ,Drew Waters RF | KC,373,52,87,54,19,3,11,43,37,127,17,5,.233,.313,.389,341
W ,"Richard Palacios 2B,LF,RF | TB ",299,52,75,49,13,2,11,36,42,72,15,2,.251,.351,.418,343
W ,Trey Sweeney SS | DET ,376,47,90,57,18,2,13,51,28,100,12,2,.239,.295,.402,345
Walk-In Closets,Ben Rice 1B | NYY ,372,53,86,48,19,1,18,59,43,113,2,0,.231,.307,.433,347
W ,Leody Taveras CF | TEX,355,49,89,57,17,4,11,40,29,88,15,4,.251,.307,.414,348
W ,Jonathan Singleton 1B | HOU,362,52,95,62,17,0,16,51,55,106,1,0,.262,.361,.442,349
W ,Rowdy Tellez 1B | SEA ,403,45,101,61,22,1,17,63,43,103,1,0,.251,.325,.437,350
By Any Skenes,Luisangel Acuna SS | NYM ,326,46,87,56,16,3,12,44,26,77,10,2,.267,.327,.445,351
W ,Luis Torrens C | NYM,385,53,95,58,21,1,15,58,35,98,2,0,.247,.319,.423,352
W ,Andres Chaparro 1B | WAS ,334,45,88,52,20,1,15,52,31,83,4,2,.264,.337,.464,354
Bilgola-Balgowlah Bluedragons Modern Baseball Club,Gabriel Moreno C | ARI,400,50,106,73,20,2,11,57,45,81,4,1,.265,.343,.407,355
W ,"Edmundo Sosa 2B,3B,SS | PHI",325,49,86,55,15,4,12,43,18,88,9,2,.265,.313,.446,356
W ,Jerar Encarnacion RF | SF ,311,44,82,51,16,2,13,48,29,84,8,2,.264,.329,.453,358
W ,Elias Diaz C | SD ,391,38,116,81,23,0,12,56,25,70,1,0,.297,.344,.448,360
W ,Owen Miller 1B | COL,319,42,86,56,20,0,10,48,23,82,11,2,.270,.323,.426,361
W ,Geraldo Perdomo SS | ARI,382,56,107,70,28,3,6,40,34,76,10,2,.280,.340,.416,362
W ,Gavin Lux 2B | CIN ,419,56,108,71,24,3,10,49,34,103,7,2,.258,.318,.401,365
Strike Four,"LaMonte Wade 1B,RF | SF ",347,53,97,64,18,1,14,41,58,86,2,1,.280,.386,.458,368
Marjorie Taylor Greene's Only Fans Page,Patrick Bailey C | SF ,377,49,99,67,18,1,13,52,38,93,4,0,.263,.329,.419,369
By Any Skenes,Ha-seong Kim SS | TB ,309,46,74,49,13,3,9,37,43,80,20,4,.239,.335,.388,370
W ,"Jeff McNeil 2B,LF,RF | NYM ",406,57,107,73,22,2,10,46,32,59,6,1,.264,.327,.402,371
W ,Cal Stevenson CF | PHI ,314,47,82,50,18,2,12,47,33,81,8,2,.261,.337,.446,373
W ,Garrett Cooper 1B | ATL,376,40,96,58,19,1,18,59,31,107,1,0,.255,.319,.455,374
W ,"Austin Martin 2B,CF,LF | MIN",368,56,96,60,25,2,9,41,34,92,10,5,.261,.330,.413,375
W ,Ronny Mauricio 2B | NYM ,313,46,83,55,16,2,10,39,30,74,13,3,.265,.335,.425,377
W ,"Oswaldo Cabrera 1B,2B,3B | NYY ",386,52,99,71,15,1,12,49,31,98,6,1,.257,.314,.394,378
W ,"Romy Gonzalez 1B,2B,3B,SS | BOS ",322,44,87,60,16,2,9,39,23,76,14,3,.270,.319,.416,379
W ,Jake Rogers C | DET,380,56,86,47,18,1,20,51,30,124,1,0,.226,.289,.437,381
W ,Brayan Rocchio SS | CLE,383,56,94,65,18,1,10,41,43,92,12,6,.245,.329,.376,382
W ,Carlos Santana 1B | CLE,387,49,93,56,20,0,17,54,49,82,3,0,.240,.331,.424,386
W ,Jorge Polanco 2B | SEA,400,47,96,63,17,0,16,54,45,119,5,2,.240,.321,.403,387
Strike Four,Austin Wells C | NYY ,409,47,96,56,21,2,17,61,38,116,2,0,.235,.303,.420,389
W ,Matt Mervis DH | MIA,371,46,92,57,19,1,15,56,34,104,3,1,.248,.316,.426,390
permanent recess,"Spencer Horwitz 1B,2B | PIT ",373,53,98,65,19,0,14,48,47,93,1,0,.263,.350,.426,391
By Any Skenes,Ivan Herrera C | STL ,368,48,101,71,18,1,11,45,36,89,5,1,.275,.342,.418,392
W ,Nolan Gorman 2B | STL ,362,46,80,47,16,0,17,54,41,135,7,1,.221,.302,.406,393
W ,Nick Gonzales 2B | PIT ,398,46,110,78,21,3,8,49,27,82,7,3,.276,.329,.405,394
W ,"Dominic Canzone LF,RF | SEA",370,50,90,51,22,1,16,48,35,100,4,2,.243,.312,.438,395
W ,Miguel Andujar LF | ATH,394,46,111,78,22,2,9,43,22,68,7,2,.282,.325,.416,396
Witt’s End,"Joseph Ortiz 3B,SS | MIL ",354,47,91,55,22,4,10,50,39,81,8,4,.257,.337,.427,397
W ,"Amed Rosario 2B,3B,RF,SS | WAS ",376,44,104,75,18,5,6,43,16,82,12,4,.277,.310,.399,398
W ,"Tyrone Taylor CF,LF,RF | NYM",325,51,80,42,23,3,12,41,24,83,9,2,.246,.310,.446,399
W ,"Nelson Velazquez LF,RF | KC ",310,47,72,38,15,0,19,49,30,96,2,0,.232,.307,.465,401
W ,"Gabriel Arias 3B,SS | CLE ",371,46,92,55,22,3,12,49,28,103,8,2,.248,.306,.420,402
W ,Vimael Machin 3B | BAL,318,46,81,49,16,2,14,46,29,84,5,1,.255,.325,.450,403
W ,Luken Baker DH | STL,301,41,79,48,15,2,14,50,36,83,4,1,.263,.343,.465,404
W ,"Will Brennan LF,RF | CLE ",376,47,103,70,21,2,10,41,22,68,7,3,.274,.319,.420,406
Walk-In Closets,Brett Baty 3B | NYM ,379,52,95,65,15,1,14,49,40,110,2,0,.251,.326,.406,407
W ,Nick Pratto 1B | KC,376,47,98,65,22,0,11,57,40,137,2,1,.261,.340,.407,409
W ,"Mike Tauchman CF,LF,RF | CHW ",346,57,88,60,17,1,10,37,42,92,8,2,.254,.339,.396,410
W ,Justyn-Henry Malloy LF | DET ,372,43,92,57,17,1,17,49,41,128,3,2,.247,.329,.435,412
W ,Kyle Isbel CF | KC ,372,59,89,58,18,5,8,43,30,95,10,2,.239,.306,.379,413
W ,Jake Meyers CF | HOU,372,46,86,54,17,3,12,53,34,97,9,3,.231,.309,.390,414
W ,Donovan Walton 2B | NYM ,317,48,79,51,15,2,11,42,31,75,9,2,.249,.330,.413,415
W ,"Davis Schneider 2B,LF | TOR ",365,48,84,47,19,2,16,47,38,119,6,1,.230,.309,.425,416
Droitwich Murdercocks,Francisco Alvarez C | NYM ,345,45,85,51,16,2,16,53,32,100,1,1,.246,.314,.444,417
W ,Mike Siani CF | STL ,372,45,88,67,14,1,6,35,30,114,22,4,.237,.301,.328,419
W ,Nick Sogard 2B | BOS,319,46,87,60,17,2,8,38,26,77,10,2,.273,.326,.414,420
W ,Jorge Mateo 2B | BAL ,298,45,68,43,15,2,8,34,21,86,20,6,.228,.279,.372,421
W ,Grant McCray CF | SF ,314,42,78,46,14,5,13,37,27,97,11,2,.248,.312,.449,422
W ,"Tyler Freeman CF,SS | CLE ",362,53,83,53,17,2,11,44,34,74,10,5,.229,.311,.379,423
Walk-In Closets,Keibert Ruiz C | WAS,392,42,99,65,19,0,15,53,19,56,2,1,.253,.292,.416,424
W ,Mitch Haniger RF | SEA ,371,50,88,53,19,1,15,52,39,112,2,0,.237,.316,.415,425
W ,Josh Bell 1B | WAS,360,42,95,60,19,1,15,51,38,87,0,0,.264,.339,.447,427
W ,"Luis Matos CF,RF | SF ",311,39,80,49,15,2,14,45,26,75,6,1,.257,.318,.453,428
W ,Justin Turner 1B | CHC,348,50,93,63,18,0,12,46,48,79,1,0,.267,.361,.422,429
W ,"Enrique Hernandez 1B,2B,3B,CF,LF | LAD ",336,50,85,55,16,1,13,50,28,69,1,1,.253,.311,.423,431
W ,Ryan Kreidler SS | DET ,319,43,80,53,14,3,10,37,24,87,13,6,.251,.307,.407,434
W ,Brandon Lockridge LF | SD ,315,41,82,53,16,2,11,39,25,72,10,2,.260,.321,.429,435
W ,"Max Schuemann 3B,SS | ATH",368,50,90,65,16,1,8,36,37,104,14,2,.245,.322,.359,436
W ,Eric Wagaman 3B | MIA ,316,41,85,53,19,1,12,46,24,78,4,1,.269,.325,.449,437
W ,"J.D. Davis 1B,3B | LAA",370,48,98,64,20,1,13,45,37,103,1,0,.265,.343,.430,438
W ,MJ Melendez LF | KC,380,48,90,50,22,3,15,45,39,116,5,3,.237,.311,.429,439
W ,Ty France 1B | MIN,367,48,100,66,23,0,11,46,26,74,1,0,.273,.344,.425,440
W ,Ryan Noda 1B | LAA,354,58,84,50,20,1,13,45,56,127,2,0,.237,.351,.410,441
W ,Josh Palacios RF | PIT,379,44,91,62,14,3,12,48,30,88,8,1,.240,.303,.388,442
W ,Travis d'Arnaud C | LAA,374,48,88,54,19,0,15,52,32,111,2,0,.235,.308,.406,443
W ,"Gavin Sheets 1B,RF | SD ",320,38,90,58,19,2,11,45,31,65,4,2,.281,.350,.456,444
W ,"Ramon Laureano CF,LF,RF | BAL",318,44,77,46,16,3,12,39,22,105,10,2,.242,.307,.424,445
W ,"Addison Barger 3B,LF,RF | TOR",378,44,90,55,21,2,12,48,29,98,8,1,.238,.298,.400,446
W ,"Abraham Toro 2B,3B | BOS",329,43,91,61,19,1,10,41,21,68,5,2,.277,.330,.432,448
W ,Nick Martini RF | COL,309,45,75,47,12,2,14,48,27,88,3,2,.243,.310,.430,449
W ,"Jose Iglesias 2B,3B | SD",326,39,103,79,15,3,6,30,17,48,8,2,.316,.357,.436,451
W ,"Jared Triolo 2B,3B | PIT",365,44,91,65,14,2,10,46,37,104,8,2,.249,.325,.381,452
W ,Andrew McCutchen DH | PIT,299,46,77,49,13,1,14,37,41,81,4,2,.258,.354,.448,455
W ,"Derek Hill CF,LF | MIA",312,40,78,51,14,2,11,42,23,89,9,2,.250,.307,.413,458
W ,"Jose Azocar CF,LF | NYM",256,40,63,40,12,1,10,35,24,69,13,3,.246,.321,.418,459
W ,"Blaze Alexander 2B,SS | ARI ",309,42,80,54,15,2,9,41,25,71,9,2,.259,.319,.408,461
W ,"Santiago Espinal 2B,3B | CIN",317,38,83,59,14,1,9,44,22,58,9,1,.262,.312,.398,462
W ,"Ben Gamel LF,RF | HOU",295,48,78,52,15,1,10,36,40,74,6,1,.264,.356,.424,464
W ,"Leonardo Rivas 2B,SS | SEA",310,41,81,54,15,3,9,38,30,83,10,2,.261,.332,.416,465
W ,Oswald Peraza 3B | NYY,319,43,79,48,17,1,13,41,30,89,6,2,.248,.322,.429,466
W ,"Matt Vierling 3B,CF,LF,RF | DET ",339,51,90,59,18,3,10,37,28,84,4,2,.266,.325,.425,467
W ,Griffin Conine RF | MIA ,310,43,79,51,15,2,11,40,28,87,7,1,.255,.321,.423,468
W ,Myles Straw CF | TOR,365,47,89,66,15,3,5,32,34,90,18,4,.244,.311,.343,469
W ,"Daniel Schneemann 3B,CF,RF,SS | CLE",303,40,76,46,18,1,11,44,37,96,7,3,.251,.333,.426,470
Johnny and the Rockers,Bo Naylor C | CLE,360,45,79,48,13,2,16,45,40,125,6,3,.219,.299,.400,471
By Any Skenes,Coby Mayo 3B | BAL ,329,46,79,49,15,2,13,44,30,92,4,1,.240,.311,.416,473
W ,Jon Berti 3B | CHC ,240,34,71,54,9,2,6,26,23,51,15,3,.296,.370,.425,474
W ,"Tyler Wade 2B,3B,LF,SS | SD ",316,41,84,62,13,2,7,31,25,66,13,2,.266,.326,.386,475
Bilgola-Balgowlah Bluedragons Modern Baseball Club,Sean Murphy C | ATL ,344,43,81,51,13,1,16,51,42,95,0,0,.235,.338,.419,476
W ,Nick Yorke 2B | PIT ,314,41,80,55,14,2,9,40,27,73,9,2,.255,.315,.398,477
W ,Luis Campusano C | SD ,381,45,98,66,21,0,11,49,23,65,1,0,.257,.304,.399,478
Omak Wrong Players,Alejandro Kirk C | TOR,411,35,105,73,21,1,10,64,38,76,1,0,.256,.315,.384,479
W ,Jonah Heim C | TEX,360,41,85,57,15,0,13,58,23,77,1,0,.236,.286,.386,484
W ,Carson Kelly C | CHC,365,45,95,68,16,1,10,49,39,81,1,0,.260,.341,.392,486
W ,Nick Fortes C | MIA,385,48,96,65,21,0,10,52,21,70,1,0,.249,.294,.382,487
W ,Danny Jansen C | TB ,360,49,80,46,18,0,16,48,44,89,1,0,.222,.320,.406,488
W ,"Cavan Biggio 1B,2B,3B,RF | KC",354,51,82,55,15,1,11,44,37,117,5,1,.232,.323,.373,490
W ,"Connor Joe 1B,RF | SD ",312,46,85,52,20,2,11,36,30,66,2,2,.272,.344,.455,491
W ,Ramon Urias 3B | BAL ,312,46,75,47,12,3,13,45,30,75,2,2,.240,.316,.423,492
W ,Hunter Renfroe RF | KC ,371,43,88,52,21,0,15,49,36,94,1,0,.237,.308,.415,493
W ,"Mauricio Dubon 1B,2B,3B,CF,LF,RF | HOU",381,46,104,74,24,1,5,44,14,60,5,2,.273,.301,.381,494
W ,Freddy Fermin C | KC,382,44,101,74,16,1,10,44,28,94,2,0,.264,.317,.390,496
W ,David Villar 1B | SF,305,41,75,44,16,1,14,44,30,87,2,0,.246,.320,.443,497
W ,Ryan Bliss 2B | SEA,310,41,77,50,16,2,9,37,29,80,10,2,.248,.323,.400,498
W ,"Sam Hilliard CF,LF,RF | COL",251,40,62,37,12,2,11,36,24,87,8,2,.247,.314,.442,501
W ,Mike Ford DH | MIN,306,41,72,44,11,1,16,45,30,88,1,0,.235,.315,.435,502
W ,"Sal Frelick CF,LF,RF | MIL",337,48,90,65,18,3,4,31,30,62,11,2,.267,.330,.374,505
W ,"Randal Grichuk LF,RF | ARI ",257,42,72,40,19,2,11,35,19,46,2,0,.280,.337,.498,506
W ,Jason Heyward RF | SD ,310,40,79,48,19,1,11,38,25,60,6,1,.255,.316,.429,507
W ,Austin Hays LF | CIN,365,46,93,60,22,1,10,40,21,99,4,2,.255,.310,.403,508
W ,Javier Sanoja 2B | MIA ,316,42,82,56,16,2,8,36,24,71,8,2,.260,.318,.399,512
W ,Trayce Thompson CF | BOS,315,39,76,48,15,2,11,39,29,96,8,1,.241,.315,.406,516
W ,Blake Perkins CF | MIL ,242,38,62,44,10,2,6,31,26,69,14,2,.256,.332,.388,517
The Midnight Sillies,Mitch Garver C | SEA ,351,44,74,41,17,0,16,56,47,116,0,0,.211,.316,.396,519
W ,Korey Lee C | CHW ,313,37,75,44,15,3,13,43,20,96,5,3,.240,.286,.431,520
W ,Pedro Pages C | STL,315,38,79,56,10,1,12,44,26,84,3,1,.251,.312,.403,521
W ,"Victor Caratini 1B,C | HOU",309,42,82,57,12,2,11,40,30,72,1,1,.265,.340,.424,523
W ,Braden Shewmake SS | NYY,260,36,62,39,13,1,9,32,20,62,13,2,.238,.291,.400,525
W ,Sam Haggerty LF | TEX,239,34,62,35,17,1,9,33,24,62,10,2,.259,.332,.452,526
Sweep The Leg Johnny,Victor Scott II CF | STL ,310,39,74,46,17,2,9,35,26,84,11,2,.239,.301,.394,528
W ,"Gio Urshela 1B,3B | ATH",389,35,104,77,17,1,9,50,22,72,1,1,.267,.305,.386,529
W ,"Nick Loftin 2B,3B | KC",376,47,92,64,19,2,7,40,39,79,7,1,.245,.318,.362,530
W ,Yuli Gurriel 1B | SD ,309,45,84,55,20,2,7,35,31,55,4,0,.272,.337,.417,531
W ,"Miguel Rojas 2B,3B,SS | LAD ",312,44,82,57,18,1,6,33,23,45,8,4,.263,.319,.385,533
W ,Brett Harris 3B | ATH ,365,44,82,52,16,1,13,44,38,94,4,1,.225,.303,.381,534
W ,Taylor Trammell LF | HOU ,245,35,61,38,11,1,11,38,26,63,6,1,.249,.329,.437,535
W ,"David Fry 1B,C,LF | CLE ",248,36,65,42,12,0,11,37,28,67,4,1,.262,.343,.444,536
W ,Max Stassi C | SF,310,38,78,49,16,1,12,42,27,84,2,1,.252,.318,.426,537
W ,Tyler Black DH | MIL,255,36,66,42,13,1,10,38,32,70,5,1,.259,.348,.435,538
W ,Zac Veen LF | COL ,247,36,63,38,13,2,10,34,23,75,7,2,.255,.324,.445,540
W ,Orlando Arcia SS | ATL,399,43,98,67,19,0,12,41,31,88,2,0,.246,.300,.384,542
W ,"Chris Taylor 2B,3B,LF | LAD",291,41,62,37,13,2,10,41,37,93,9,2,.213,.307,.375,544
W ,"Donovan Solano 1B,3B | SEA ",374,43,100,68,24,1,7,41,32,110,2,1,.267,.339,.393,545
W ,David Hensley RF | DET,309,42,71,46,13,2,10,36,31,98,8,2,.230,.304,.382,546
W ,"Jose Fermin 2B,3B | STL ",311,37,79,55,13,2,9,40,27,72,5,2,.254,.320,.396,547
W ,"Bobby Dalbec 1B,3B | CHW",358,41,80,50,17,1,12,44,34,112,5,1,.224,.295,.377,548
W ,Wilmer Flores 1B | SF,304,40,75,45,17,1,12,41,32,71,1,0,.247,.322,.428,549
W ,Ben Rortvedt C | TB,372,42,90,61,20,0,9,49,37,106,2,0,.242,.317,.368,552
W ,Javier Baez SS | DET ,321,36,71,47,14,1,9,46,16,84,9,1,.221,.267,.355,553
Bus 3,Cam Smith 3B | HOU ,249,35,66,42,13,1,10,35,23,58,4,1,.265,.335,.446,555
W ,"Miles Mastrobuoni 2B,3B,SS | SEA",308,42,75,53,14,1,7,26,31,75,12,2,.243,.317,.364,556
W ,"Zach McKinstry 2B,3B,LF,RF,SS | DET ",310,39,74,46,17,4,7,29,27,74,13,2,.239,.301,.387,557
W ,"Kyle Stowers CF,LF,RF | MIA",308,37,75,46,18,2,9,42,25,95,5,1,.243,.309,.403,559
W ,"Jake Bauers 1B,RF | MIL",259,35,55,32,11,1,11,40,28,89,8,1,.212,.297,.390,564
W ,Brendan Rodgers 2B | HOU ,258,38,75,51,15,1,8,32,17,53,1,0,.291,.343,.450,565
W ,"Casey Schmitt 2B,SS | SF",251,33,67,44,13,1,9,34,20,56,5,1,.267,.326,.434,566
W ,Rene Pinto C | ARI,259,34,66,39,14,1,12,39,19,66,1,0,.255,.311,.456,567
W ,"Dylan Carlson CF,LF,RF | BAL ",310,37,71,48,12,2,9,49,33,91,4,1,.229,.323,.368,568
W ,Nathan Lukes LF | TOR,247,36,65,40,14,3,8,32,24,55,6,1,.263,.327,.441,570
W ,"DJ Stewart LF,RF | PIT ",292,35,69,44,12,1,12,41,35,85,3,0,.236,.327,.407,571
W ,"Andy Ibanez 1B,2B,3B | DET ",321,39,84,56,19,2,7,39,22,83,3,1,.262,.313,.399,572
W ,Nick Ahmed SS | TEX,366,42,86,63,14,2,7,40,23,90,7,3,.235,.282,.342,573
W ,Tom Murphy C | SF ,255,34,67,39,16,0,12,34,21,72,1,0,.263,.319,.467,574
W ,Christian Bethancourt C | TOR,321,39,73,44,18,0,11,41,17,85,4,0,.227,.271,.386,575
W ,"DJ LeMahieu 1B,3B | NYY ",290,38,69,44,14,1,10,43,33,73,2,0,.238,.318,.397,576
W ,Pablo Reyes 3B | NYY,253,39,63,44,11,1,7,32,24,63,7,3,.249,.317,.383,578
W ,Adrian Del Castillo C | ARI ,254,32,66,42,13,1,10,39,22,66,2,1,.260,.324,.437,579
W ,Andrew Knizner C | WAS,313,35,78,54,15,0,9,44,14,82,2,0,.249,.290,.383,580
W ,"Vidal Brujan 2B,3B,CF,SS | CHC",298,45,74,49,18,1,6,29,36,62,7,5,.248,.335,.376,581
W ,Miguel Amaya C | CHC ,307,34,78,52,16,1,9,45,25,64,1,0,.254,.316,.401,583
W ,"Lenyn Sosa 2B,3B | CHW",310,32,80,57,14,0,9,38,16,70,4,1,.258,.301,.390,584
W ,"Sean Bouchard LF,RF | COL",245,37,58,35,14,1,8,31,26,79,8,2,.237,.317,.400,587
W ,"Brandon Drury 1B,2B,3B | CHW ",401,44,90,57,19,2,12,43,27,108,1,0,.224,.281,.372,588
W ,Michael Taylor CF | CHW,368,41,76,50,15,1,10,34,27,134,11,2,.206,.262,.334,591
W ,Tristan Gray 1B | CHW,296,34,73,45,16,1,11,37,31,84,2,0,.247,.322,.419,593
W ,Eric Haase C | MIL,269,33,67,46,10,1,10,39,17,77,2,1,.249,.295,.405,594
W ,"Adam Frazier 2B,LF,RF | PIT",316,39,74,52,12,2,8,36,25,71,6,2,.234,.302,.361,596
W ,"Ezequiel Duran 1B,3B,LF | TEX",300,38,78,54,15,1,8,32,18,81,3,2,.260,.314,.397,598
W ,Martin Maldonado C | SD,319,35,75,48,14,1,12,41,23,78,1,0,.235,.293,.398,599
W ,Nick Allen SS | ATL ,327,35,85,63,13,2,7,31,21,59,6,1,.260,.308,.376,600
W ,Harold Castro 2B | KC,324,35,85,61,18,1,5,40,19,71,4,1,.262,.305,.370,601
W ,Jacob Amaya SS | CHW ,305,35,73,49,15,2,7,32,22,86,9,2,.239,.295,.370,604
W ,Eguy Rosario 3B | SD,253,32,67,44,13,1,9,32,19,57,3,1,.265,.321,.431,609
W ,Jacob Stallings C | COL ,307,36,74,44,20,1,9,43,35,90,1,0,.241,.334,.401,610
W ,Buddy Kennedy 2B | PHI,192,29,52,33,10,1,8,28,17,44,6,2,.271,.320,.458,612
W ,Alexander Canario LF | NYM,191,30,49,30,9,1,9,28,19,53,6,1,.257,.335,.456,613
W ,Henry Davis C | PIT,363,44,79,54,14,0,11,40,33,117,2,0,.218,.291,.347,616
W ,Austin Shenton 1B | SEA,242,31,61,35,15,1,10,35,31,70,2,0,.252,.344,.446,619
W ,Joey Wiemer LF | KC,250,33,56,34,12,1,9,31,21,70,8,3,.224,.292,.388,621
W ,"Joey Loperfido CF,LF,RF | TOR ",314,35,72,44,16,4,8,34,23,105,7,2,.229,.289,.382,622
W ,Weston Wilson LF | PHI ,181,28,48,30,10,1,7,27,18,51,7,1,.265,.335,.448,624
W ,"Josh Rojas 2B,3B | CHW ",301,36,73,50,15,2,6,29,28,73,8,2,.242,.309,.365,625
W ,Dustin Harris DH | TEX ,175,26,48,27,10,1,10,30,19,48,2,1,.274,.350,.514,626
W ,Jose Trevino C | CIN ,312,35,71,50,11,0,10,42,20,66,1,0,.228,.283,.359,628
W ,Luis Urias 3B | ATH,295,37,66,40,15,1,10,38,30,83,2,0,.224,.312,.383,629
W ,Michael Stefanic 2B | TOR,312,34,80,58,14,2,6,31,27,59,5,1,.256,.324,.372,630
W ,"Manuel Margot CF,LF,RF | MIL",268,32,70,47,17,1,5,33,20,48,5,1,.261,.317,.388,632
W ,Taylor Walls SS | TB,238,34,49,35,7,3,4,23,36,65,17,3,.206,.310,.311,633
W ,Eli White RF | ATL ,187,28,49,31,9,1,8,25,17,48,6,1,.262,.329,.449,634
W ,Endy Rodriguez C | PIT ,313,39,76,52,14,2,8,35,27,79,1,0,.243,.307,.377,635
W ,James McCann C | BAL ,247,32,61,40,12,0,9,33,21,70,2,1,.247,.315,.405,638
permanent recess,Caleb Durbin 2B | MIL ,211,30,55,37,11,1,6,27,20,48,6,2,.261,.332,.408,642
W ,"Brett Wisely 2B,SS | SF",255,29,66,44,15,1,6,34,17,61,4,4,.259,.310,.396,644
W ,"Travis Jankowski CF,LF,RF | CHW",291,30,66,46,14,2,4,25,26,72,15,2,.227,.299,.330,645
W ,Trent Grisham CF | NYY ,239,32,51,27,14,1,9,35,31,84,5,2,.213,.315,.393,646
W ,Tomas Nido C | DET,318,38,71,47,13,1,10,36,21,92,1,0,.223,.274,.365,650
W ,DaShawn Keirsey CF | MIN,184,27,47,28,10,1,8,26,17,48,5,1,.255,.330,.451,652
W ,Tirso Ornelas LF | SD,189,25,51,33,10,1,7,24,16,42,6,1,.270,.332,.444,654
W ,Chuckie Robinson C | LAA,313,34,71,48,12,1,10,35,28,90,2,0,.227,.297,.367,655
W ,Cooper Hummel LF | HOU,186,27,47,30,9,1,7,24,17,47,7,2,.253,.330,.425,656
W ,Blake Dunn LF | CIN ,182,28,46,28,10,1,7,25,17,52,6,1,.253,.325,.434,657
W ,"Mark Canha 1B,LF,RF | MIL ",205,29,56,39,12,0,5,28,26,46,4,0,.273,.368,.405,662
W ,"Kevin Newman 1B,2B,SS | LAA",258,31,68,47,16,1,4,24,14,52,7,2,.264,.300,.380,665
W ,Christian Koss SS | SF,188,26,49,32,10,1,6,23,15,47,7,2,.261,.320,.420,668
W ,Christian Vazquez C | MIN,254,31,64,46,11,0,7,30,15,59,2,0,.252,.294,.378,669
W ,Jacob Hurtubise LF | CIN ,183,27,47,30,9,2,6,24,17,51,6,1,.257,.328,.426,671
W ,"Leonardo Jimenez 2B,SS | TOR ",248,29,61,41,13,1,6,28,18,64,5,1,.246,.313,.379,676
W ,Billy Cook CF | PIT ,188,25,47,30,9,1,7,26,16,52,5,1,.250,.314,.420,678
W ,"Hunter Goodman C,RF | COL",189,24,42,22,9,2,9,34,14,56,3,0,.222,.284,.434,679
W ,Levi Jordan LF | CIN,182,26,45,27,10,1,7,25,16,49,5,1,.247,.309,.429,680
W ,Alan Roden RF | TOR ,186,25,48,30,10,1,7,23,17,45,5,1,.258,.329,.435,682
W ,Matt Thaiss C | CHW ,289,30,65,44,13,0,8,35,36,92,3,0,.225,.314,.353,684
W ,Nasim Nunez SS | WAS ,185,24,49,34,9,1,5,20,15,44,8,2,.265,.325,.405,685
W ,Jahmai Jones RF | DET,188,25,48,30,9,2,7,23,16,54,5,1,.255,.322,.436,686
W ,Livan Soto 2B | BAL,191,28,48,32,9,1,6,23,18,46,5,1,.251,.324,.403,688
W ,Austin Barnes C | LAD,245,31,57,43,8,0,6,30,26,62,4,0,.233,.309,.339,690
W ,Steward Berroa RF | TOR,183,25,45,29,9,1,6,22,19,46,7,2,.246,.322,.404,691
W ,Pedro Leon RF | HOU ,165,23,43,28,8,1,6,22,16,41,6,1,.261,.332,.430,692
W ,"Kyle Farmer 2B,3B,SS | COL ",241,31,55,36,11,1,7,30,19,66,3,1,.228,.293,.369,693
W ,Christian Moore 2B | LAA,189,26,48,32,9,1,6,23,16,46,5,1,.254,.321,.407,694
W ,Mason McCoy SS | SD,192,25,51,35,10,1,5,21,13,45,6,1,.266,.317,.406,695
W ,"Austin Slater CF,LF,RF | CHW ",237,30,55,37,11,1,6,27,22,73,5,2,.232,.303,.363,697
W ,Gage Workman 3B | CHC,180,25,46,29,9,1,7,25,19,44,3,1,.256,.332,.433,698
W ,Zach Dezenzo 1B | HOU ,185,24,49,32,10,0,7,28,18,45,1,0,.265,.338,.432,701
W ,Ignacio Alvarez 2B | ATL ,188,25,49,33,9,1,6,21,15,41,5,1,.261,.324,.415,702
W ,Oscar Gonzalez RF | SD,192,25,51,33,10,2,6,22,13,45,4,1,.266,.316,.432,703
W ,Isaac Collins LF | MIL,157,23,41,26,8,1,6,22,16,42,5,1,.261,.335,.440,705
W ,Wade Meckler CF | SF ,184,26,47,31,9,1,6,23,17,55,4,1,.255,.327,.413,706
W ,Dominic Smith 1B | NYY ,242,29,58,36,14,0,8,28,29,62,1,1,.240,.330,.397,707
W ,Kyren Paris 2B | LAA ,187,25,44,29,8,1,6,22,20,50,7,1,.235,.318,.385,708
W ,Drake Baldwin C | ATL ,187,24,48,31,9,0,8,26,16,48,1,0,.257,.324,.433,709
W ,"Miguel Vargas 3B,LF | CHW",341,39,65,38,16,2,9,32,38,98,5,2,.191,.280,.328,710
W ,Alex Jackson C | NYY,190,28,43,25,10,0,8,27,18,56,2,0,.226,.300,.405,712
W ,Tim Anderson SS | LAA ,384,39,89,76,10,2,1,25,22,113,9,5,.232,.277,.276,715
W ,Mickey Gasper 1B | MIN,182,24,45,27,10,1,7,27,19,49,2,0,.247,.330,.429,717
W ,J.C. Escarra C | NYY ,191,25,46,29,9,0,8,27,18,53,1,0,.241,.311,.414,720
W ,Jose Herrera C | ARI,193,25,49,33,10,0,6,28,16,47,1,0,.254,.315,.399,725
W ,Reese McGuire C | CHC,238,23,58,41,10,1,6,29,24,63,3,1,.244,.317,.370,728
W ,Austin Wynns C | CIN ,213,26,53,34,13,0,6,28,17,56,1,0,.249,.317,.394,729
W ,Tucker Barnhart C | TEX,236,31,53,37,10,0,6,28,26,76,2,0,.225,.304,.343,736
W ,Carlos Narvaez C | BOS ,187,22,48,32,9,0,7,25,19,49,1,0,.257,.333,.417,738
W ,Drew Millas C | WAS ,185,22,48,33,9,0,6,22,15,47,3,1,.260,.320,.405,739
W ,Rafael Marchan C | PHI,158,22,41,26,9,0,6,24,13,41,1,0,.260,.322,.430,746
W ,"Ildemaro Vargas 2B,3B,LF | ARI",194,24,49,37,8,1,3,25,18,25,4,3,.253,.319,.350,747
W ,Hayden Senger C | NYM ,160,21,40,25,8,0,7,24,15,43,1,0,.250,.324,.431,750
W ,Seby Zavala C | BOS ,191,23,44,27,9,0,8,25,16,58,1,0,.230,.294,.403,753
W ,"Curtis Mead 2B,3B | TB ",186,24,45,31,8,1,5,21,15,45,4,1,.242,.306,.376,756
W ,Anthony Rendon 3B | LAA ,191,24,48,32,12,0,4,21,20,42,4,1,.251,.326,.377,757
W ,Brooks Baldwin 2B | CHW,181,22,44,29,9,1,5,20,14,46,5,1,.243,.303,.387,758
W ,Nick Maton 3B | CHW,231,29,47,29,10,0,8,29,29,68,1,0,.203,.301,.351,761
W ,Liam Hicks C | MIA ,188,23,46,31,9,0,6,25,15,51,1,0,.245,.306,.388,765
W ,"Zack Short 3B,SS | HOU",182,20,41,26,8,0,7,25,22,47,3,0,.225,.317,.385,771
W ,Vinny Capra 3B | MIL,157,23,39,25,8,1,5,22,16,39,2,1,.248,.324,.408,773
W ,Jhonny Pereda C | ATH,187,21,45,30,8,0,7,24,14,52,1,0,.241,.302,.396,774
W ,Bryan Ramos 3B | CHW,180,23,43,27,9,1,6,22,15,49,2,0,.239,.301,.400,779
W ,Aramis Garcia C | ARI,161,21,40,26,8,0,6,23,13,38,1,0,.248,.311,.410,782
W ,Chadwick Tromp C | ATL ,158,19,41,26,9,0,6,22,12,41,1,0,.260,.314,.430,787
W ,Austin Hedges C | CLE ,309,30,58,40,12,0,6,37,23,95,3,0,.188,.254,.285,799
W ,Jakson Reetz C | NYM,160,20,38,24,8,0,6,23,15,43,1,0,.237,.313,.400,804
W ,Dillon Dingler C | DET,191,20,43,26,10,1,6,27,14,56,1,0,.225,.284,.382,807
W ,Sam Huff C | SF,156,19,39,25,8,0,6,20,13,44,1,0,.250,.314,.417,808
W ,Brett Sullivan C | SD,161,18,41,28,7,0,6,20,11,33,1,0,.255,.309,.410,809
W ,Tyler Heineman C | TOR ,184,22,44,30,8,1,5,22,17,45,1,0,.239,.312,.375,813
W ,Omar Narvaez C | CHW,299,29,64,44,14,0,6,27,24,75,1,0,.214,.274,.321,815
W ,"Luis Guillorme 2B,3B | HOU",186,21,46,31,11,1,3,16,20,41,4,2,.247,.321,.366,825
W ,Rob Brantly C | MIA,158,18,38,26,7,0,5,21,12,42,1,0,.240,.301,.380,832
W ,Riley Adams C | WAS,153,16,38,24,8,1,5,19,12,45,1,0,.248,.308,.412,841
W ,Luke Maile C | KC,115,13,29,19,6,0,4,16,10,31,1,0,.252,.320,.409,880
W ,Emilio Sanchez SS | BAL,0,0,0,0,0,0,0,0,0,0,0,0,.000,.000,.000,9999
W ,Mitchell Kranson C | CIN,0,0,0,0,0,0,0,0,0,0,0,0,.000,.000,.000,9999
W ,Dylan Beavers RF | BAL,0,0,0,0,0,0,0,0,0,0,0,0,.000,.000,.000,9999
W ,Gregory Duran RF | MIN,0,0,0,0,0,0,0,0,0,0,0,0,.000,.000,.000,9999
W ,Cortland Lawson SS | WAS,0,0,0,0,0,0,0,0,0,0,0,0,.000,.000,.000,9999
W ,George Wolkow RF | CHW,0,0,0,0,0,0,0,0,0,0,0,0,.000,.000,.000,9999
W ,Loidel Chapelli 2B | CHW,0,0,0,0,0,0,0,0,0,0,0,0,.000,.000,.000,9999
W ,Julio Rodriguez C | DET,0,0,0,0,0,0,0,0,0,0,0,0,.000,.000,.000,9999
W ,Homer Bush CF | TB,0,0,0,0,0,0,0,0,0,0,0,0,.000,.000,.000,9999
W ,Johnny Adams SS | SEA,0,0,0,0,0,0,0,0,0,0,0,0,.000,.000,.000,9999
W ,Jesus Made SS | MIL,0,0,0,0,0,0,0,0,0,0,0,0,.000,.000,.000,9999
W ,Ali Sanchez C | TOR,0,0,0,0,0,0,0,0,0,0,0,0,.000,.000,.000,9999
W ,Luis Sanchez SS | ATL,0,0,0,0,0,0,0,0,0,0,0,0,.000,.000,.000,9999
W ,KJ Harrison 1B | WAS,0,0,0,0,0,0,0,0,0,0,0,0,.000,.000,.000,9999
W ,Rob Emery C | SF,0,0,0,0,0,0,0,0,0,0,0,0,.000,.000,.000,9999
W ,Andrew Daschbach 1B | BAL,0,0,0,0,0,0,0,0,0,0,0,0,.000,.000,.000,9999
W ,Danyer Cueva 2B | TEX,0,0,0,0,0,0,0,0,0,0,0,0,.000,.000,.000,9999
W ,Jose Felix C | TEX,0,0,0,0,0,0,0,0,0,0,0,0,.000,.000,.000,9999
W ,Sterlin Thompson LF | COL,0,0,0,0,0,0,0,0,0,0,0,0,.000,.000,.000,9999
W ,Alex Iadisernia LF | STL,0,0,0,0,0,0,0,0,0,0,0,0,.000,.000,.000,9999
W ,Gianfranco Wawoe SS | SEA,0,0,0,0,0,0,0,0,0,0,0,0,.000,.000,.000,9999
W ,Logan Wagner 1B | LAD,0,0,0,0,0,0,0,0,0,0,0,0,.000,.000,.000,9999
W ,Cobb Hightower SS | SD,0,0,0,0,0,0,0,0,0,0,0,0,.000,.000,.000,9999
W ,Luis Guerrero CF | HOU,0,0,0,0,0,0,0,0,0,0,0,0,.000,.000,.000,9999
W ,Derrik Gibson 2B | COL,0,0,0,0,0,0,0,0,0,0,0,0,.000,.000,.000,9999
W ,Stephen Wrenn CF | HOU,0,0,0,0,0,0,0,0,0,0,0,0,.000,.000,.000,9999
W ,Braiden Ward CF | COL,0,0,0,0,0,0,0,0,0,0,0,0,.000,.000,.000,9999
W ,Jared Carr CF | PHI,0,0,0,0,0,0,0,0,0,0,0,0,.000,.000,.000,9999
W ,Anthony Phillips SS | COL,0,0,0,0,0,0,0,0,0,0,0,0,.000,.000,.000,9999
W ,Miguel Jerez C | CLE,0,0,0,0,0,0,0,0,0,0,0,0,.000,.000,.000,9999
W ,Tanner Schobel 3B | MIN,0,0,0,0,0,0,0,0,0,0,0,0,.000,.000,.000,9999
W ,Roberto Alvarez C | TB,0,0,0,0,0,0,0,0,0,0,0,0,.000,.000,.000,9999
W ,Wyatt Hoffman SS | SD,0,0,0,0,0,0,0,0,0,0,0,0,.000,.000,.000,9999
W ,Kewby Meyer 1B | TB,0,0,0,0,0,0,0,0,0,0,0,0,.000,.000,.000,9999
W ,Mitch Trees C | CIN,0,0,0,0,0,0,0,0,0,0,0,0,.000,.000,.000,9999
W ,James Nelson 3B | MIA,0,0,0,0,0,0,0,0,0,0,0,0,.000,.000,.000,9999
W ,Yasser Mercedes CF | MIN ,0,0,0,0,0,0,0,0,0,0,0,0,.000,.000,.000,9999
W ,Enrique Jimenez C | DET,0,0,0,0,0,0,0,0,0,0,0,0,.000,.000,.000,9999
W ,Josh Crouch C | DET,0,0,0,0,0,0,0,0,0,0,0,0,.000,.000,.000,9999
W ,Jackson Coutts 1B | WAS,0,0,0,0,0,0,0,0,0,0,0,0,.000,.000,.000,9999
W ,Rikelbin De Castro 2B | TOR,0,0,0,0,0,0,0,0,0,0,0,0,.000,.000,.000,9999
W ,Yan Gomes C | CHC,0,0,0,0,0,0,0,0,0,0,0,0,.000,.000,.000,9999
W ,Ethan Anderson C | BAL,0,0,0,0,0,0,0,0,0,0,0,0,.000,.000,.000,9999
W ,Kevin Vicuna SS | ARI,0,0,0,0,0,0,0,0,0,0,0,0,.000,.000,.000,9999
W ,Fernando Kelli CF | CHC,0,0,0,0,0,0,0,0,0,0,0,0,.000,.000,.000,9999
W ,Ernie De La Trinidad LF | MIN,0,0,0,0,0,0,0,0,0,0,0,0,.000,.000,.000,9999
W ,Miguel Del Castillo C | SD,0,0,0,0,0,0,0,0,0,0,0,0,.000,.000,.000,9999
W ,Fernando Perez 2B | SD,0,0,0,0,0,0,0,0,0,0,0,0,.000,.000,.000,9999
W ,Ryan Haug C | PIT,0,0,0,0,0,0,0,0,0,0,0,0,.000,.000,.000,9999
W ,Kyle Roller 1B | TB,0,0,0,0,0,0,0,0,0,0,0,0,.000,.000,.000,9999
W ,Danny Serretti 3B | DET,0,0,0,0,0,0,0,0,0,0,0,0,.000,.000,.000,9999
W ,Darryl Collins LF | KC,0,0,0,0,0,0,0,0,0,0,0,0,.000,.000,.000,9999
W ,Fabian Lopez SS | MIA,0,0,0,0,0,0,0,0,0,0,0,0,.000,.000,.000,9999
W ,Ethan Skender SS | SD,0,0,0,0,0,0,0,0,0,0,0,0,.000,.000,.000,9999
W ,Luke Berryhill C | HOU,0,0,0,0,0,0,0,0,0,0,0,0,.000,.000,.000,9999
W ,Zach Gibbons LF | LAA,0,0,0,0,0,0,0,0,0,0,0,0,.000,.000,.000,9999
W ,Carter Cunningham LF | TOR,0,0,0,0,0,0,0,0,0,0,0,0,.000,.000,.000,9999
W ,Echedry Vargas SS | MIA,0,0,0,0,0,0,0,0,0,0,0,0,.000,.000,.000,9999
W ,Leandro Cedeno 1B | ARI,0,0,0,0,0,0,0,0,0,0,0,0,.000,.000,.000,9999
W ,Manuel Melendez CF | COL,0,0,0,0,0,0,0,0,0,0,0,0,.000,.000,.000,9999
W ,Jairo Rosario C | COL,0,0,0,0,0,0,0,0,0,0,0,0,.000,.000,.000,9999
W ,Jake Thompson RF | MIA,0,0,0,0,0,0,0,0,0,0,0,0,.000,.000,.000,9999
W ,Grant Richardson LF | NYY,0,0,0,0,0,0,0,0,0,0,0,0,.000,.000,.000,9999
W ,Jhonayker Ugarte 3B | KC,0,0,0,0,0,0,0,0,0,0,0,0,.000,.000,.000,9999
W ,Manuel Geraldo SS | SF,0,0,0,0,0,0,0,0,0,0,0,0,.000,.000,.000,9999
W ,Jason Martinson SS | TEX,0,0,0,0,0,0,0,0,0,0,0,0,.000,.000,.000,9999
W ,Reynaldo Rivera 1B | DET,0,0,0,0,0,0,0,0,0,0,0,0,.000,.000,.000,9999
W ,Jeremy Celedonio RF | ATL,0,0,0,0,0,0,0,0,0,0,0,0,.000,.000,.000,9999
W ,Ruben Cardenas RF | TB,0,0,0,0,0,0,0,0,0,0,0,0,.000,.000,.000,9999
W ,Joendry Vargas SS | LAD,0,0,0,0,0,0,0,0,0,0,0,0,.000,.000,.000,9999
W ,Shalin Polanco CF | PIT,0,0,0,0,0,0,0,0,0,0,0,0,.000,.000,.000,9999
W ,Sean Miller SS | BAL,0,0,0,0,0,0,0,0,0,0,0,0,.000,.000,.000,9999
W ,Kody Eaves 2B | MIN,0,0,0,0,0,0,0,0,0,0,0,0,.000,.000,.000,9999
W ,Cade Harris 3B | COL,0,0,0,0,0,0,0,0,0,0,0,0,.000,.000,.000,9999
W ,Brady Allen CF | DET,0,0,0,0,0,0,0,0,0,0,0,0,.000,.000,.000,9999
W ,Yemal Flores LF | PHI,0,0,0,0,0,0,0,0,0,0,0,0,.000,.000,.000,9999
W ,James Jones RF | LAD,0,0,0,0,0,0,0,0,0,0,0,0,.000,.000,.000,9999
W ,Derlin Figueroa 1B | KC,0,0,0,0,0,0,0,0,0,0,0,0,.000,.000,.000,9999
W ,Brett Kinneman RF | PIT,0,0,0,0,0,0,0,0,0,0,0,0,.000,.000,.000,9999
W ,Will Swanner C | COL,0,0,0,0,0,0,0,0,0,0,0,0,.000,.000,.000,9999
W ,Melvin Mercedes SS | ATH,0,0,0,0,0,0,0,0,0,0,0,0,.000,.000,.000,9999
W ,Jimmy Glowenke SS | SF,0,0,0,0,0,0,0,0,0,0,0,0,.000,.000,.000,9999
W ,Bradley Zimmer CF | COL,0,0,0,0,0,0,0,0,0,0,0,0,.000,.000,.000,9999
W ,Jonathan Aceves C | CHW,0,0,0,0,0,0,0,0,0,0,0,0,.000,.000,.000,9999
W ,Ryan Campos C | STL,0,0,0,0,0,0,0,0,0,0,0,0,.000,.000,.000,9999
W ,Zack Kone SS | PIT,0,0,0,0,0,0,0,0,0,0,0,0,.000,.000,.000,9999
W ,Nick Peoples LF | WAS,0,0,0,0,0,0,0,0,0,0,0,0,.000,.000,.000,9999
W ,Cole Urman C | BAL,0,0,0,0,0,0,0,0,0,0,0,0,.000,.000,.000,9999
W ,Kyle Datres 3B | COL,0,0,0,0,0,0,0,0,0,0,0,0,.000,.000,.000,9999
W ,Esteury Ruiz LF | ATH ,0,0,0,0,0,0,0,0,0,0,0,0,.000,.000,.000,9999
W ,Joshua Liranzo 3B | BAL,0,0,0,0,0,0,0,0,0,0,0,0,.000,.000,.000,9999
W ,Derrick Loveless RF | TOR,0,0,0,0,0,0,0,0,0,0,0,0,.000,.000,.000,9999
W ,Luis Jean SS | COL,0,0,0,0,0,0,0,0,0,0,0,0,.000,.000,.000,9999
W ,Edwin Garcia SS | TEX,0,0,0,0,0,0,0,0,0,0,0,0,.000,.000,.000,9999
Omak Wrong Players,Chase DeLauter RF | CLE,0,0,0,0,0,0,0,0,0,0,0,0,.000,.000,.000,9999
W ,David Mershon SS | LAA,0,0,0,0,0,0,0,0,0,0,0,0,.000,.000,.000,9999
W ,Bobby Wernes 3B | COL,0,0,0,0,0,0,0,0,0,0,0,0,.000,.000,.000,9999
W ,Michael Cantu C | SD,0,0,0,0,0,0,0,0,0,0,0,0,.000,.000,.000,9999
W ,Eddy Diaz 2B | COL,0,0,0,0,0,0,0,0,0,0,0,0,.000,.000,.000,9999
W ,Balbino Fuenmayor 1B | ATL,0,0,0,0,0,0,0,0,0,0,0,0,.000,.000,.000,9999
W ,Brennan Gowens CF | LAA,0,0,0,0,0,0,0,0,0,0,0,0,.000,.000,.000,9999
W ,Yophery Rodriguez CF | MIL,0,0,0,0,0,0,0,0,0,0,0,0,.000,.000,.000,9999
W ,Dariel Lopez 3B | PIT,0,0,0,0,0,0,0,0,0,0,0,0,.000,.000,.000,9999
W ,Brandon Martorano C | TEX,0,0,0,0,0,0,0,0,0,0,0,0,.000,.000,.000,9999
W ,Brock Wilken 3B | MIL,0,0,0,0,0,0,0,0,0,0,0,0,.000,.000,.000,9999
W ,Max Ferguson LF | BOS,0,0,0,0,0,0,0,0,0,0,0,0,.000,.000,.000,9999
W ,Blake Rutherford LF | WAS,0,0,0,0,0,0,0,0,0,0,0,0,.000,.000,.000,9999
W ,Dameury Pena 2B | MIN,0,0,0,0,0,0,0,0,0,0,0,0,.000,.000,.000,9999
W ,Pres Cavenaugh RF | CLE,0,0,0,0,0,0,0,0,0,0,0,0,.000,.000,.000,9999
W ,Ulysses Cantu 3B | CLE,0,0,0,0,0,0,0,0,0,0,0,0,.000,.000,.000,9999
W ,Gerald Bautista 1B | CLE,0,0,0,0,0,0,0,0,0,0,0,0,.000,.000,.000,9999
W ,Caleb Knight C | CHC,0,0,0,0,0,0,0,0,0,0,0,0,.000,.000,.000,9999
W ,Arjun Nimmala SS | TOR,0,0,0,0,0,0,0,0,0,0,0,0,.000,.000,.000,9999
W ,Mark Coley II CF | MIA,0,0,0,0,0,0,0,0,0,0,0,0,.000,.000,.000,9999
W ,Robert Hassell CF | WAS ,0,0,0,0,0,0,0,0,0,0,0,0,.000,.000,.000,9999
W ,Ryan Miller C | SD,0,0,0,0,0,0,0,0,0,0,0,0,.000,.000,.000,9999
W ,Jefferson Rojas SS | CHC,0,0,0,0,0,0,0,0,0,0,0,0,.000,.000,.000,9999
W ,Christian Johnson CF | TB,0,0,0,0,0,0,0,0,0,0,0,0,.000,.000,.000,9999
W ,Henyer Gomez SS | CLE,0,0,0,0,0,0,0,0,0,0,0,0,.000,.000,.000,9999
W ,Nic Kent SS | COL,0,0,0,0,0,0,0,0,0,0,0,0,.000,.000,.000,9999
W ,Julio Francisco CF | PHI,0,0,0,0,0,0,0,0,0,0,0,0,.000,.000,.000,9999
W ,Niko Decolati CF | COL,0,0,0,0,0,0,0,0,0,0,0,0,.000,.000,.000,9999
W ,Tres Barrera C | TB,0,0,0,0,0,0,0,0,0,0,0,0,.000,.000,.000,9999
W ,Luis Asuncion RF | SD,0,0,0,0,0,0,0,0,0,0,0,0,.000,.000,.000,9999
W ,Carter Johnson SS | MIA,0,0,0,0,0,0,0,0,0,0,0,0,.000,.000,.000,9999
W ,Jawuan Harris CF | SD,0,0,0,0,0,0,0,0,0,0,0,0,.000,.000,.000,9999
W ,Boomer White 2B | SD,0,0,0,0,0,0,0,0,0,0,0,0,.000,.000,.000,9999
W ,Darrien Miller C | MIL,0,0,0,0,0,0,0,0,0,0,0,0,.000,.000,.000,9999
W ,Robert Hipwell 3B | SF,0,0,0,0,0,0,0,0,0,0,0,0,.000,.000,.000,9999
W ,Ricardo Cabrera 3B | CIN,0,0,0,0,0,0,0,0,0,0,0,0,.000,.000,.000,9999
W ,Jayce Easley 2B | TEX,0,0,0,0,0,0,0,0,0,0,0,0,.000,.000,.000,9999
W ,Pedro Hernandez SS | CLE,0,0,0,0,0,0,0,0,0,0,0,0,.000,.000,.000,9999
W ,Aldrich De Jongh LF | LAD,0,0,0,0,0,0,0,0,0,0,0,0,.000,.000,.000,9999
W ,Wade Stauss C | STL,0,0,0,0,0,0,0,0,0,0,0,0,.000,.000,.000,9999
W ,Alfredo Escalera-Maldonado CF | NYM,0,0,0,0,0,0,0,0,0,0,0,0,.000,.000,.000,9999
W ,Jake Gatewood 3B | LAA,0,0,0,0,0,0,0,0,0,0,0,0,.000,.000,.000,9999
W ,Cody Orr LF | HOU,0,0,0,0,0,0,0,0,0,0,0,0,.000,.000,.000,9999
W ,Bjay Cooke SS | ATH,0,0,0,0,0,0,0,0,0,0,0,0,.000,.000,.000,9999
W ,J.J. Franco 2B | NYM,0,0,0,0,0,0,0,0,0,0,0,0,.000,.000,.000,9999
W ,Tate Matheny CF | BOS,0,0,0,0,0,0,0,0,0,0,0,0,.000,.000,.000,9999
W ,Patrick Leonard 1B | MIL,0,0,0,0,0,0,0,0,0,0,0,0,.000,.000,.000,9999
W ,LeDarious Clark LF | TEX,0,0,0,0,0,0,0,0,0,0,0,0,.000,.000,.000,9999
W ,Anthony Hall RF | NYY,0,0,0,0,0,0,0,0,0,0,0,0,.000,.000,.000,9999
W ,Braedon Karpathios RF | SD,0,0,0,0,0,0,0,0,0,0,0,0,.000,.000,.000,9999
W ,Jordan Rodgers 3B | ATL,0,0,0,0,0,0,0,0,0,0,0,0,.000,.000,.000,9999
W ,Marco Dinges C | MIL,0,0,0,0,0,0,0,0,0,0,0,0,.000,.000,.000,9999
W ,Elijah Dunham LF | NYY,0,0,0,0,0,0,0,0,0,0,0,0,.000,.000,.000,9999
W ,Ashley Graeter C | COL,0,0,0,0,0,0,0,0,0,0,0,0,.000,.000,.000,9999
W ,Bryson Brigman SS | LAD,0,0,0,0,0,0,0,0,0,0,0,0,.000,.000,.000,9999
W ,Nick Dini C | TB,0,0,0,0,0,0,0,0,0,0,0,0,.000,.000,.000,9999
W ,Chris Diaz SS | MIA,0,0,0,0,0,0,0,0,0,0,0,0,.000,.000,.000,9999
W ,Cory Thompson SS | STL,0,0,0,0,0,0,0,0,0,0,0,0,.000,.000,.000,9999
W ,Andres Sosa C | TOR,0,0,0,0,0,0,0,0,0,0,0,0,.000,.000,.000,9999
W ,Angel Mateo LF | TB,0,0,0,0,0,0,0,0,0,0,0,0,.000,.000,.000,9999
W ,Bryan Rincon SS | PHI,0,0,0,0,0,0,0,0,0,0,0,0,.000,.000,.000,9999
W ,Brayden Taylor 3B | TB,0,0,0,0,0,0,0,0,0,0,0,0,.000,.000,.000,9999
W ,Stanley Consuegra LF | NYM,0,0,0,0,0,0,0,0,0,0,0,0,.000,.000,.000,9999
W ,Jorge Caballero LF | MIA,0,0,0,0,0,0,0,0,0,0,0,0,.000,.000,.000,9999
W ,Sean Roby 3B | MIA,0,0,0,0,0,0,0,0,0,0,0,0,.000,.000,.000,9999
W ,Kyle Petty C | SEA,0,0,0,0,0,0,0,0,0,0,0,0,.000,.000,.000,9999
W ,Joey Harris C | WAS,0,0,0,0,0,0,0,0,0,0,0,0,.000,.000,.000,9999
W ,Justin Dean CF | LAD,0,0,0,0,0,0,0,0,0,0,0,0,.000,.000,.000,9999
W ,Brett Roberts SS | MIA,0,0,0,0,0,0,0,0,0,0,0,0,.000,.000,.000,9999
W ,Santiago Chavez C | MIA,0,0,0,0,0,0,0,0,0,0,0,0,.000,.000,.000,9999
W ,Ryan Gold C | TOR,0,0,0,0,0,0,0,0,0,0,0,0,.000,.000,.000,9999
W ,Robie Rojas C | MIL,0,0,0,0,0,0,0,0,0,0,0,0,.000,.000,.000,9999
W ,Osvaldo Abreu SS | WAS,0,0,0,0,0,0,0,0,0,0,0,0,.000,.000,.000,9999
W ,Danny Woodrow RF | DET,0,0,0,0,0,0,0,0,0,0,0,0,.000,.000,.000,9999
W ,Alberth Martinez CF | SD,0,0,0,0,0,0,0,0,0,0,0,0,.000,.000,.000,9999
W ,Ripken Reyes 2B | SD,0,0,0,0,0,0,0,0,0,0,0,0,.000,.000,.000,9999
W ,Jake Henson C | LAD,0,0,0,0,0,0,0,0,0,0,0,0,.000,.000,.000,9999
W ,A.J. Vukovich LF | ARI,0,0,0,0,0,0,0,0,0,0,0,0,.000,.000,.000,9999
W ,Parks Harber 3B | NYY,0,0,0,0,0,0,0,0,0,0,0,0,.000,.000,.000,9999
W ,Vaun Brown LF | SF,0,0,0,0,0,0,0,0,0,0,0,0,.000,.000,.000,9999
W ,Noah Mendlinger 2B | STL,0,0,0,0,0,0,0,0,0,0,0,0,.000,.000,.000,9999
W ,Gabriel Cancel 2B | KC,0,0,0,0,0,0,0,0,0,0,0,0,.000,.000,.000,9999
W ,Ryan Dobson SS | ARI,0,0,0,0,0,0,0,0,0,0,0,0,.000,.000,.000,9999
W ,Emerson Landoni 2B | ATL,0,0,0,0,0,0,0,0,0,0,0,0,.000,.000,.000,9999
W ,Wil Dalton CF | BOS,0,0,0,0,0,0,0,0,0,0,0,0,.000,.000,.000,9999
W ,Jay Harry SS | TOR,0,0,0,0,0,0,0,0,0,0,0,0,.000,.000,.000,9999
W ,Logan Warmoth 2B | SEA,0,0,0,0,0,0,0,0,0,0,0,0,.000,.000,.000,9999
W ,Wilfredo Rodriguez C | CHW,0,0,0,0,0,0,0,0,0,0,0,0,.000,.000,.000,9999
W ,Reivaj Garcia 2B | CHC,0,0,0,0,0,0,0,0,0,0,0,0,.000,.000,.000,9999
W ,Jason Morozowski CF | ARI,0,0,0,0,0,0,0,0,0,0,0,0,.000,.000,.000,9999
W ,Chris Mariscal 3B | SEA,0,0,0,0,0,0,0,0,0,0,0,0,.000,.000,.000,9999
W ,Dominic Ficociello 3B | DET,0,0,0,0,0,0,0,0,0,0,0,0,.000,.000,.000,9999
W ,Colby Thomas LF | ATH ,0,0,0,0,0,0,0,0,0,0,0,0,.000,.000,.000,9999
W ,Dylan Neuse SS | MIN,0,0,0,0,0,0,0,0,0,0,0,0,.000,.000,.000,9999
W ,Haydn McGeary 1B | CHC,0,0,0,0,0,0,0,0,0,0,0,0,.000,.000,.000,9999
W ,Gerson Montilla 2B | CHW,0,0,0,0,0,0,0,0,0,0,0,0,.000,.000,.000,9999
W ,Armando Alvarez 3B | MIN,0,0,0,0,0,0,0,0,0,0,0,0,.000,.000,.000,9999
W ,Matt Duffy 3B | TEX,0,0,0,0,0,0,0,0,0,0,0,0,.000,.000,.000,9999
W ,Jose Colmenares 2B | NYY,0,0,0,0,0,0,0,0,0,0,0,0,.000,.000,.000,9999
W ,Daniel Vazquez SS | KC,0,0,0,0,0,0,0,0,0,0,0,0,.000,.000,.000,9999
W ,Irving Lopez 2B | STL,0,0,0,0,0,0,0,0,0,0,0,0,.000,.000,.000,9999
W ,Cam Clayton SS | MIA,0,0,0,0,0,0,0,0,0,0,0,0,.000,.000,.000,9999
W ,Jonathan Cluff RF | WAS,0,0,0,0,0,0,0,0,0,0,0,0,.000,.000,.000,9999
W ,Wilkerman Garcia SS | NYY,0,0,0,0,0,0,0,0,0,0,0,0,.000,.000,.000,9999
W ,Andres Valor CF | MIA,0,0,0,0,0,0,0,0,0,0,0,0,.000,.000,.000,9999
W ,Matt Whatley C | TOR,0,0,0,0,0,0,0,0,0,0,0,0,.000,.000,.000,9999
W ,Pedro Pineda CF | ATH,0,0,0,0,0,0,0,0,0,0,0,0,.000,.000,.000,9999
W ,David Freitas C | LAD,0,0,0,0,0,0,0,0,0,0,0,0,.000,.000,.000,9999
W ,Christopher Paciolla 3B | CHC,0,0,0,0,0,0,0,0,0,0,0,0,.000,.000,.000,9999
W ,Alberto Hernandez SS | HOU,0,0,0,0,0,0,0,0,0,0,0,0,.000,.000,.000,9999
W ,Tyler Locklear 1B | SEA ,0,0,0,0,0,0,0,0,0,0,0,0,.000,.000,.000,9999
W ,Leonardo Balcazar SS | CIN,0,0,0,0,0,0,0,0,0,0,0,0,.000,.000,.000,9999
W ,Luke Ritter 1B | NYM,0,0,0,0,0,0,0,0,0,0,0,0,.000,.000,.000,9999
W ,Quincy Nieporte 1B | DET,0,0,0,0,0,0,0,0,0,0,0,0,.000,.000,.000,9999
W ,Gunnar Heidt SS | TOR,0,0,0,0,0,0,0,0,0,0,0,0,.000,.000,.000,9999
W ,Adrian Rondon 2B | LAA,0,0,0,0,0,0,0,0,0,0,0,0,.000,.000,.000,9999
Duane Kuiper Belt Sucks,Bryce Eldridge 1B | SF ,0,0,0,0,0,0,0,0,0,0,0,0,.000,.000,.000,9999
W ,Frank Nigro C | MIN,0,0,0,0,0,0,0,0,0,0,0,0,.000,.000,.000,9999
W ,Kenedy Corona CF | HOU,0,0,0,0,0,0,0,0,0,0,0,0,.000,.000,.000,9999
W ,Jeremy Rodriguez SS | NYM,0,0,0,0,0,0,0,0,0,0,0,0,.000,.000,.000,9999
W ,Charlie Blackmon RF | COL,0,0,0,0,0,0,0,0,0,0,0,0,.000,.000,.000,9999
W ,Sebastian Rivero C | LAA,0,0,0,0,0,0,0,0,0,0,0,0,.000,.000,.000,9999
W ,John Michael Faile C | CIN,0,0,0,0,0,0,0,0,0,0,0,0,.000,.000,.000,9999
W ,Euribiel Angeles SS | ATH,0,0,0,0,0,0,0,0,0,0,0,0,.000,.000,.000,9999
W ,Jake Holton 1B | DET,0,0,0,0,0,0,0,0,0,0,0,0,.000,.000,.000,9999
W ,"Whit Merrifield 2B,3B,LF | ATL",0,0,0,0,0,0,0,0,0,0,0,0,.000,.000,.000,9999
W ,Ben Malgeri CF | DET,0,0,0,0,0,0,0,0,0,0,0,0,.000,.000,.000,9999
W ,Peyton Williams 1B | TOR,0,0,0,0,0,0,0,0,0,0,0,0,.000,.000,.000,9999
W ,Alexander Benua CF | ARI,0,0,0,0,0,0,0,0,0,0,0,0,.000,.000,.000,9999
W ,Carlos Mesa LF | PIT,0,0,0,0,0,0,0,0,0,0,0,0,.000,.000,.000,9999
W ,Michael Berglund C | CLE,0,0,0,0,0,0,0,0,0,0,0,0,.000,.000,.000,9999
W ,Jaylen Ferguson LF | BAL,0,0,0,0,0,0,0,0,0,0,0,0,.000,.000,.000,9999
W ,Jose Pujols RF | PHI,0,0,0,0,0,0,0,0,0,0,0,0,.000,.000,.000,9999
W ,Joel Diaz C | COL,0,0,0,0,0,0,0,0,0,0,0,0,.000,.000,.000,9999
W ,Tyler Depreta-Johnson SS | TEX,0,0,0,0,0,0,0,0,0,0,0,0,.000,.000,.000,9999
W ,Cristhian Rodriguez 3B | MIA,0,0,0,0,0,0,0,0,0,0,0,0,.000,.000,.000,9999
W ,Pablo Aliendo C | CHC,0,0,0,0,0,0,0,0,0,0,0,0,.000,.000,.000,9999
W ,Jeyner Baez C | WAS,0,0,0,0,0,0,0,0,0,0,0,0,.000,.000,.000,9999
W ,Dexture McCall 1B | HOU,0,0,0,0,0,0,0,0,0,0,0,0,.000,.000,.000,9999
W ,Brando Mayea CF | NYY,0,0,0,0,0,0,0,0,0,0,0,0,.000,.000,.000,9999
W ,Jake Brodt 1B | TOR,0,0,0,0,0,0,0,0,0,0,0,0,.000,.000,.000,9999
W ,Jordan Thompson SS | LAD,0,0,0,0,0,0,0,0,0,0,0,0,.000,.000,.000,9999
W ,"Alex Verdugo LF,RF | NYY ",0,0,0,0,0,0,0,0,0,0,0,0,.000,.000,.000,9999
W ,Jack Hurley LF | ARI,0,0,0,0,0,0,0,0,0,0,0,0,.000,.000,.000,9999
W ,Brett Wellman C | TOR,0,0,0,0,0,0,0,0,0,0,0,0,.000,.000,.000,9999
W ,Angel Arevalo 2B | ATH,0,0,0,0,0,0,0,0,0,0,0,0,.000,.000,.000,9999
W ,Kennie Taylor CF | MIN,0,0,0,0,0,0,0,0,0,0,0,0,.000,.000,.000,9999
W ,Estuar Suero CF | PIT,0,0,0,0,0,0,0,0,0,0,0,0,.000,.000,.000,9999
W ,Yolfran Castillo SS | TEX,0,0,0,0,0,0,0,0,0,0,0,0,.000,.000,.000,9999
W ,Yasiel Balaguert 1B | CHC,0,0,0,0,0,0,0,0,0,0,0,0,.000,.000,.000,9999
W ,Louis Silverio RF | CHW,0,0,0,0,0,0,0,0,0,0,0,0,.000,.000,.000,9999
W ,Max Holy SS | HOU,0,0,0,0,0,0,0,0,0,0,0,0,.000,.000,.000,9999
W ,Andy Sugilio RF | CIN,0,0,0,0,0,0,0,0,0,0,0,0,.000,.000,.000,9999
W ,Shawn Ross SS | PIT,0,0,0,0,0,0,0,0,0,0,0,0,.000,.000,.000,9999
W ,Tra'mayne Holmes CF | ARI,0,0,0,0,0,0,0,0,0,0,0,0,.000,.000,.000,9999
W ,Viandel Pena 2B | WAS ,0,0,0,0,0,0,0,0,0,0,0,0,.000,.000,.000,9999
W ,Willie Abreu RF | COL,0,0,0,0,0,0,0,0,0,0,0,0,.000,.000,.000,9999
W ,Ryan Lasko CF | ATH,0,0,0,0,0,0,0,0,0,0,0,0,.000,.000,.000,9999
W ,Liam Spence SS | CHC,0,0,0,0,0,0,0,0,0,0,0,0,.000,.000,.000,9999
W ,Jordan George 1B | KC,0,0,0,0,0,0,0,0,0,0,0,0,.000,.000,.000,9999
W ,Khadim Diaw C | MIN,0,0,0,0,0,0,0,0,0,0,0,0,.000,.000,.000,9999
W ,Jon Kemmer RF | MIN,0,0,0,0,0,0,0,0,0,0,0,0,.000,.000,.000,9999
W ,Michel Triana 3B | CIN,0,0,0,0,0,0,0,0,0,0,0,0,.000,.000,.000,9999
W ,Tanner Rahier SS | CIN,0,0,0,0,0,0,0,0,0,0,0,0,.000,.000,.000,9999
W ,Alex Holderbach C | HOU,0,0,0,0,0,0,0,0,0,0,0,0,.000,.000,.000,9999
W ,Ariel Armas C | CHC,0,0,0,0,0,0,0,0,0,0,0,0,.000,.000,.000,9999
W ,Cristian Paulino LF | SF,0,0,0,0,0,0,0,0,0,0,0,0,.000,.000,.000,9999
W ,Adony Mejia C | PHI,0,0,0,0,0,0,0,0,0,0,0,0,.000,.000,.000,9999
W ,Alex Guerrero 1B | NYY,0,0,0,0,0,0,0,0,0,0,0,0,.000,.000,.000,9999
W ,Yerlin Luis LF | CLE,0,0,0,0,0,0,0,0,0,0,0,0,.000,.000,.000,9999
W ,Evan Longoria 3B | ARI,0,0,0,0,0,0,0,0,0,0,0,0,.000,.000,.000,9999
W ,Matt Reynolds 3B | CIN,0,0,0,0,0,0,0,0,0,0,0,0,.000,.000,.000,9999
W ,Luke Dickerson SS | WAS,0,0,0,0,0,0,0,0,0,0,0,0,.000,.000,.000,9999
W ,Felipe Blanco 3B | SD,0,0,0,0,0,0,0,0,0,0,0,0,.000,.000,.000,9999
W ,Brandon Brosher C | NYM,0,0,0,0,0,0,0,0,0,0,0,0,.000,.000,.000,9999
W ,Niko Hulsizer RF | TB,0,0,0,0,0,0,0,0,0,0,0,0,.000,.000,.000,9999
W ,Henry Castillo 2B | ARI,0,0,0,0,0,0,0,0,0,0,0,0,.000,.000,.000,9999
W ,Carlos Soto C | STL,0,0,0,0,0,0,0,0,0,0,0,0,.000,.000,.000,9999
W ,Kyle Kasser 2B | LAA,0,0,0,0,0,0,0,0,0,0,0,0,.000,.000,.000,9999
W ,Xavier Casserilla 1B | HOU,0,0,0,0,0,0,0,0,0,0,0,0,.000,.000,.000,9999
W ,"Aaron Schunk 2B,3B | COL",0,0,0,0,0,0,0,0,0,0,0,0,.000,.000,.000,9999
permanent recess,Samuel Basallo C | BAL ,0,0,0,0,0,0,0,0,0,0,0,0,.000,.000,.000,9999
W ,Mac Wainwright CF | CIN,0,0,0,0,0,0,0,0,0,0,0,0,.000,.000,.000,9999
W ,Nick Dunn 2B | SEA,0,0,0,0,0,0,0,0,0,0,0,0,.000,.000,.000,9999
W ,Anthony Donofrio RF | SEA,0,0,0,0,0,0,0,0,0,0,0,0,.000,.000,.000,9999
W ,Coco Montes 2B | TB,0,0,0,0,0,0,0,0,0,0,0,0,.000,.000,.000,9999
W ,Alec Sole SS | TB,0,0,0,0,0,0,0,0,0,0,0,0,.000,.000,.000,9999
W ,Jorge Vazquez 3B | NYY,0,0,0,0,0,0,0,0,0,0,0,0,.000,.000,.000,9999
W ,Jhostynxon Garcia CF | BOS,0,0,0,0,0,0,0,0,0,0,0,0,.000,.000,.000,9999
W ,Mahki Backstrom 1B | ATL,0,0,0,0,0,0,0,0,0,0,0,0,.000,.000,.000,9999
W ,Will Taylor CF | PIT,0,0,0,0,0,0,0,0,0,0,0,0,.000,.000,.000,9999
W ,Jose Devers 2B | ATL,0,0,0,0,0,0,0,0,0,0,0,0,.000,.000,.000,9999
W ,Travis Honeyman LF | STL,0,0,0,0,0,0,0,0,0,0,0,0,.000,.000,.000,9999
W ,Xavier Fernandez C | CHW,0,0,0,0,0,0,0,0,0,0,0,0,.000,.000,.000,9999
W ,Jose Fernandez SS | ARI,0,0,0,0,0,0,0,0,0,0,0,0,.000,.000,.000,9999
W ,Adrian Sugastey C | SF,0,0,0,0,0,0,0,0,0,0,0,0,.000,.000,.000,9999
W ,Jhon Nunez C | DET,0,0,0,0,0,0,0,0,0,0,0,0,.000,.000,.000,9999
W ,Oliver Tejada CF | SF,0,0,0,0,0,0,0,0,0,0,0,0,.000,.000,.000,9999
W ,Brad Haynal C | MIA,0,0,0,0,0,0,0,0,0,0,0,0,.000,.000,.000,9999
W ,Brendt Citta C | PIT,0,0,0,0,0,0,0,0,0,0,0,0,.000,.000,.000,9999
W ,Jabari Henry LF | SEA,0,0,0,0,0,0,0,0,0,0,0,0,.000,.000,.000,9999
W ,Jacob Bosiokovic 1B | MIN,0,0,0,0,0,0,0,0,0,0,0,0,.000,.000,.000,9999
W ,John Cruz RF | MIA,0,0,0,0,0,0,0,0,0,0,0,0,.000,.000,.000,9999
W ,Gabriel Rodriguez SS | CLE,0,0,0,0,0,0,0,0,0,0,0,0,.000,.000,.000,9999
W ,Jesse Berardi SS | CLE,0,0,0,0,0,0,0,0,0,0,0,0,.000,.000,.000,9999
W ,Fran Alduey SS | CLE,0,0,0,0,0,0,0,0,0,0,0,0,.000,.000,.000,9999
W ,Riley Unroe 2B | DET,0,0,0,0,0,0,0,0,0,0,0,0,.000,.000,.000,9999
W ,Anderson Green SS | CHC,0,0,0,0,0,0,0,0,0,0,0,0,.000,.000,.000,9999
W ,Izzy Wilson RF | BOS,0,0,0,0,0,0,0,0,0,0,0,0,.000,.000,.000,9999
W ,Davis Bradshaw LF | MIA,0,0,0,0,0,0,0,0,0,0,0,0,.000,.000,.000,9999
W ,Rixon Taylor-Wingrove 1B | PHI,0,0,0,0,0,0,0,0,0,0,0,0,.000,.000,.000,9999
W ,Garrett Howe SS | CLE,0,0,0,0,0,0,0,0,0,0,0,0,.000,.000,.000,9999
W ,JJ Wetherholt SS | STL,0,0,0,0,0,0,0,0,0,0,0,0,.000,.000,.000,9999
W ,Francisco Del Valle RF | LAA,0,0,0,0,0,0,0,0,0,0,0,0,.000,.000,.000,9999
W ,Cael Brockmeyer C | BAL,0,0,0,0,0,0,0,0,0,0,0,0,.000,.000,.000,9999
W ,Bryson Smith LF | CIN,0,0,0,0,0,0,0,0,0,0,0,0,.000,.000,.000,9999
W ,Matt Dean 1B | TOR,0,0,0,0,0,0,0,0,0,0,0,0,.000,.000,.000,9999
W ,John Cresto 3B | COL,0,0,0,0,0,0,0,0,0,0,0,0,.000,.000,.000,9999
W ,Kelly Dugan CF | PHI,0,0,0,0,0,0,0,0,0,0,0,0,.000,.000,.000,9999
W ,Mason Janvrin CF | BAL,0,0,0,0,0,0,0,0,0,0,0,0,.000,.000,.000,9999
W ,Pascanel Ferreras 2B | HOU,0,0,0,0,0,0,0,0,0,0,0,0,.000,.000,.000,9999
W ,Rafael Ortega CF | NYM,0,0,0,0,0,0,0,0,0,0,0,0,.000,.000,.000,9999
W ,Avisail Garcia RF | MIA,0,0,0,0,0,0,0,0,0,0,0,0,.000,.000,.000,9999
W ,Rio Foster RF | LAA,0,0,0,0,0,0,0,0,0,0,0,0,.000,.000,.000,9999
W ,Jose Guzman SS | LAA,0,0,0,0,0,0,0,0,0,0,0,0,.000,.000,.000,9999
W ,Jordan Tarsovich 2B | ATH,0,0,0,0,0,0,0,0,0,0,0,0,.000,.000,.000,9999
W ,Agustin Ruiz RF | MIN,0,0,0,0,0,0,0,0,0,0,0,0,.000,.000,.000,9999
W ,Luis A. Garcia LF | NYY,0,0,0,0,0,0,0,0,0,0,0,0,.000,.000,.000,9999
W ,Hector Nieves SS | HOU,0,0,0,0,0,0,0,0,0,0,0,0,.000,.000,.000,9999
W ,Diego Goris SS | SD,0,0,0,0,0,0,0,0,0,0,0,0,.000,.000,.000,9999
W ,Isaias Quiroz C | TEX,0,0,0,0,0,0,0,0,0,0,0,0,.000,.000,.000,9999
W ,Jimmy Crooks C | STL,0,0,0,0,0,0,0,0,0,0,0,0,.000,.000,.000,9999
W ,Jake DeLeo CF | MIA,0,0,0,0,0,0,0,0,0,0,0,0,.000,.000,.000,9999
W ,Oswaldo Osorio SS | LAD,0,0,0,0,0,0,0,0,0,0,0,0,.000,.000,.000,9999
W ,Francesco Barbieri LF | WAS,0,0,0,0,0,0,0,0,0,0,0,0,.000,.000,.000,9999
W ,Austin Meadows LF | DET,0,0,0,0,0,0,0,0,0,0,0,0,.000,.000,.000,9999
W ,Justin Lopez SS | SD,0,0,0,0,0,0,0,0,0,0,0,0,.000,.000,.000,9999
W ,Garret Guillemette C | HOU,0,0,0,0,0,0,0,0,0,0,0,0,.000,.000,.000,9999
W ,Joe Lampe CF | CLE,0,0,0,0,0,0,0,0,0,0,0,0,.000,.000,.000,9999
W ,B.J. Boyd LF | ATH,0,0,0,0,0,0,0,0,0,0,0,0,.000,.000,.000,9999
W ,Kyle Garlick RF | ARI,0,0,0,0,0,0,0,0,0,0,0,0,.000,.000,.000,9999
W ,Franklin Arias SS | BOS,0,0,0,0,0,0,0,0,0,0,0,0,.000,.000,.000,9999
W ,Zach Sullivan CF | MIA,0,0,0,0,0,0,0,0,0,0,0,0,.000,.000,.000,9999
W ,David Banuelos C | BAL,0,0,0,0,0,0,0,0,0,0,0,0,.000,.000,.000,9999
W ,Brailer Guerrero RF | TB,0,0,0,0,0,0,0,0,0,0,0,0,.000,.000,.000,9999
W ,Wilfred Veras RF | CHW,0,0,0,0,0,0,0,0,0,0,0,0,.000,.000,.000,9999
W ,Michael Sandle RF | HOU,0,0,0,0,0,0,0,0,0,0,0,0,.000,.000,.000,9999
W ,Austin Rei C | BOS,0,0,0,0,0,0,0,0,0,0,0,0,.000,.000,.000,9999
W ,Antony Peguero LF | MIA,0,0,0,0,0,0,0,0,0,0,0,0,.000,.000,.000,9999
W ,Miguel Pabon SS | CHC,0,0,0,0,0,0,0,0,0,0,0,0,.000,.000,.000,9999
Brooklyn Cocaine Hippos,Jordan Lawlar SS | ARI ,0,0,0,0,0,0,0,0,0,0,0,0,.000,.000,.000,9999
W ,Max Burt 3B | NYY,0,0,0,0,0,0,0,0,0,0,0,0,.000,.000,.000,9999
W ,Jeff Roy LF | PIT,0,0,0,0,0,0,0,0,0,0,0,0,.000,.000,.000,9999
W ,Dillon Lewis RF | NYY,0,0,0,0,0,0,0,0,0,0,0,0,.000,.000,.000,9999
W ,Juan Baez 3B | MIL,0,0,0,0,0,0,0,0,0,0,0,0,.000,.000,.000,9999
W ,Ivan Brethowr RF | CHC,0,0,0,0,0,0,0,0,0,0,0,0,.000,.000,.000,9999
W ,Daniel Cabrera RF | DET,0,0,0,0,0,0,0,0,0,0,0,0,.000,.000,.000,9999
W ,Angel Rojas 2B | NYY,0,0,0,0,0,0,0,0,0,0,0,0,.000,.000,.000,9999
W ,Trace Loehr SS | ATH,0,0,0,0,0,0,0,0,0,0,0,0,.000,.000,.000,9999
W ,Jerry Downs LF | BOS,0,0,0,0,0,0,0,0,0,0,0,0,.000,.000,.000,9999
W ,Ryan Scott C | SEA,0,0,0,0,0,0,0,0,0,0,0,0,.000,.000,.000,9999
W ,Brayan Hernandez CF | MIA,0,0,0,0,0,0,0,0,0,0,0,0,.000,.000,.000,9999
W ,Cole Stobbe 1B | PHI,0,0,0,0,0,0,0,0,0,0,0,0,.000,.000,.000,9999
W ,Matthew Wood C | MIL,0,0,0,0,0,0,0,0,0,0,0,0,.000,.000,.000,9999
W ,Colton Ledbetter RF | TB,0,0,0,0,0,0,0,0,0,0,0,0,.000,.000,.000,9999
W ,Ronny Cruz SS | CHC,0,0,0,0,0,0,0,0,0,0,0,0,.000,.000,.000,9999
W ,Joseph Monge RF | BOS,0,0,0,0,0,0,0,0,0,0,0,0,.000,.000,.000,9999
W ,Matt Oberste 1B | NYM,0,0,0,0,0,0,0,0,0,0,0,0,.000,.000,.000,9999
W ,Eddy Rodriguez LF | PIT,0,0,0,0,0,0,0,0,0,0,0,0,.000,.000,.000,9999
W ,Andy Vasquez SS | PIT,0,0,0,0,0,0,0,0,0,0,0,0,.000,.000,.000,9999
W ,Yanki Baptiste SS | CLE,0,0,0,0,0,0,0,0,0,0,0,0,.000,.000,.000,9999
W ,Anthony Vilar C | SD,0,0,0,0,0,0,0,0,0,0,0,0,.000,.000,.000,9999
W ,Joe Dunand 2B | BOS,0,0,0,0,0,0,0,0,0,0,0,0,.000,.000,.000,9999
W ,Jack Murphy C | MIA,0,0,0,0,0,0,0,0,0,0,0,0,.000,.000,.000,9999
W ,Rikuu Nishida LF | CHW,0,0,0,0,0,0,0,0,0,0,0,0,.000,.000,.000,9999
W ,Jack Lopez 2B | SEA,0,0,0,0,0,0,0,0,0,0,0,0,.000,.000,.000,9999
W ,Randolph Oduber RF | WAS,0,0,0,0,0,0,0,0,0,0,0,0,.000,.000,.000,9999
W ,Dominic Keegan C | TB,0,0,0,0,0,0,0,0,0,0,0,0,.000,.000,.000,9999
W ,Kort Peterson LF | KC,0,0,0,0,0,0,0,0,0,0,0,0,.000,.000,.000,9999
W ,Freddvil Chevez 1B | TB,0,0,0,0,0,0,0,0,0,0,0,0,.000,.000,.000,9999
W ,Jesus Bastidas SS | HOU,0,0,0,0,0,0,0,0,0,0,0,0,.000,.000,.000,9999
W ,Chris Hoo C | MIA,0,0,0,0,0,0,0,0,0,0,0,0,.000,.000,.000,9999
W ,Jesus Galiz C | LAD,0,0,0,0,0,0,0,0,0,0,0,0,.000,.000,.000,9999
W ,Ty Washington 2B | MIA,0,0,0,0,0,0,0,0,0,0,0,0,.000,.000,.000,9999
W ,Rylan Bannon 2B | NYM,0,0,0,0,0,0,0,0,0,0,0,0,.000,.000,.000,9999
W ,Andres Arias RF | TOR,0,0,0,0,0,0,0,0,0,0,0,0,.000,.000,.000,9999
W ,Juniel Querecuto 3B | STL,0,0,0,0,0,0,0,0,0,0,0,0,.000,.000,.000,9999
W ,Nelson Medina CF | NYY,0,0,0,0,0,0,0,0,0,0,0,0,.000,.000,.000,9999
W ,"Cristian Pache CF,LF | ARI",0,0,0,0,0,0,0,0,0,0,0,0,.000,.000,.000,9999
W ,Riley Delgado SS | ATL,0,0,0,0,0,0,0,0,0,0,0,0,.000,.000,.000,9999
W ,Matthew Batten 1B | ATL,0,0,0,0,0,0,0,0,0,0,0,0,.000,.000,.000,9999
W ,Cody Schrier SS | MIA,0,0,0,0,0,0,0,0,0,0,0,0,.000,.000,.000,9999
W ,Miguel Perez LF | SEA,0,0,0,0,0,0,0,0,0,0,0,0,.000,.000,.000,9999
W ,Jordy Barley SS | WAS,0,0,0,0,0,0,0,0,0,0,0,0,.000,.000,.000,9999
W ,Lisbel DIaz CF | SF,0,0,0,0,0,0,0,0,0,0,0,0,.000,.000,.000,9999
W ,Rudy Martin LF | KC,0,0,0,0,0,0,0,0,0,0,0,0,.000,.000,.000,9999
W ,Brenden Webb CF | BAL,0,0,0,0,0,0,0,0,0,0,0,0,.000,.000,.000,9999
W ,Johanfran Garcia C | BOS ,0,0,0,0,0,0,0,0,0,0,0,0,.000,.000,.000,9999
W ,Lewin Diaz 1B | WAS,0,0,0,0,0,0,0,0,0,0,0,0,.000,.000,.000,9999
W ,Dom Johnson CF | DET,0,0,0,0,0,0,0,0,0,0,0,0,.000,.000,.000,9999
W ,Mike Boeve 3B | MIL,0,0,0,0,0,0,0,0,0,0,0,0,.000,.000,.000,9999
W ,Roberto Chirinos SS | NYY,0,0,0,0,0,0,0,0,0,0,0,0,.000,.000,.000,9999
W ,Carlos Perez C | CHC,0,0,0,0,0,0,0,0,0,0,0,0,.000,.000,.000,9999
W ,Mac Horvath 3B | TB ,0,0,0,0,0,0,0,0,0,0,0,0,.000,.000,.000,9999
W ,Eddy Alvarez 2B | ATL,0,0,0,0,0,0,0,0,0,0,0,0,.000,.000,.000,9999
W ,Joe Naranjo 1B | CLE,0,0,0,0,0,0,0,0,0,0,0,0,.000,.000,.000,9999
W ,Curt Powell SS | DET,0,0,0,0,0,0,0,0,0,0,0,0,.000,.000,.000,9999
W ,Matt Jones LF | LAD,0,0,0,0,0,0,0,0,0,0,0,0,.000,.000,.000,9999
W ,Marty Costes CF | MIA,0,0,0,0,0,0,0,0,0,0,0,0,.000,.000,.000,9999
W ,Logan Cerny CF | HOU,0,0,0,0,0,0,0,0,0,0,0,0,.000,.000,.000,9999
W ,Mike Brosseau 3B | SD,0,0,0,0,0,0,0,0,0,0,0,0,.000,.000,.000,9999
W ,Joab Gonzalez SS | CLE,0,0,0,0,0,0,0,0,0,0,0,0,.000,.000,.000,9999
W ,Tyler Naquin LF | CHW,0,0,0,0,0,0,0,0,0,0,0,0,.000,.000,.000,9999
W ,Eleardo Cabrera RF | TB,0,0,0,0,0,0,0,0,0,0,0,0,.000,.000,.000,9999
W ,Armond Upshaw RF | WAS,0,0,0,0,0,0,0,0,0,0,0,0,.000,.000,.000,9999
W ,CJ Alexander 3B | ATH ,0,0,0,0,0,0,0,0,0,0,0,0,.000,.000,.000,9999
W ,Arturo Michelena 2B | HOU,0,0,0,0,0,0,0,0,0,0,0,0,.000,.000,.000,9999
W ,Jake Ring CF | BAL,0,0,0,0,0,0,0,0,0,0,0,0,.000,.000,.000,9999
W ,Drake Osborn C | ARI,0,0,0,0,0,0,0,0,0,0,0,0,.000,.000,.000,9999
W ,Liover Peguero SS | PIT,0,0,0,0,0,0,0,0,0,0,0,0,.000,.000,.000,9999
W ,Jairo Perez 3B | MIN,0,0,0,0,0,0,0,0,0,0,0,0,.000,.000,.000,9999
W ,Ricky Eusebio CF | SEA,0,0,0,0,0,0,0,0,0,0,0,0,.000,.000,.000,9999
W ,Robby Martin LF | COL,0,0,0,0,0,0,0,0,0,0,0,0,.000,.000,.000,9999
W ,A.J. Ewing CF | NYM,0,0,0,0,0,0,0,0,0,0,0,0,.000,.000,.000,9999
W ,Danny Black SS | MIA,0,0,0,0,0,0,0,0,0,0,0,0,.000,.000,.000,9999
W ,Anderson Miller LF | KC,0,0,0,0,0,0,0,0,0,0,0,0,.000,.000,.000,9999
W ,Nomar Mazara RF | WAS,0,0,0,0,0,0,0,0,0,0,0,0,.000,.000,.000,9999
W ,Ali Camarillo SS | ATH,0,0,0,0,0,0,0,0,0,0,0,0,.000,.000,.000,9999
W ,Nick Basto 3B | CHW,0,0,0,0,0,0,0,0,0,0,0,0,.000,.000,.000,9999
W ,Kevin Smith SS | NYY,0,0,0,0,0,0,0,0,0,0,0,0,.000,.000,.000,9999
W ,J.T. Watkins C | BOS,0,0,0,0,0,0,0,0,0,0,0,0,.000,.000,.000,9999
W ,Will Holland SS | MIN,0,0,0,0,0,0,0,0,0,0,0,0,.000,.000,.000,9999
W ,Michael Rivera C | CLE,0,0,0,0,0,0,0,0,0,0,0,0,.000,.000,.000,9999
W ,Michael Guldberg CF | ATH,0,0,0,0,0,0,0,0,0,0,0,0,.000,.000,.000,9999
W ,Gabriel Noriega SS | MIL,0,0,0,0,0,0,0,0,0,0,0,0,.000,.000,.000,9999
W ,Sebastian Almonte 2B | CIN,0,0,0,0,0,0,0,0,0,0,0,0,.000,.000,.000,9999
W ,Lazaro Benitez LF | DET,0,0,0,0,0,0,0,0,0,0,0,0,.000,.000,.000,9999
W ,Diego Velasquez SS | SF,0,0,0,0,0,0,0,0,0,0,0,0,.000,.000,.000,9999
W ,Luis Gonzalez SS | MIL,0,0,0,0,0,0,0,0,0,0,0,0,.000,.000,.000,9999
W ,Carlos Aguiar LF | MIN,0,0,0,0,0,0,0,0,0,0,0,0,.000,.000,.000,9999
W ,Andriel Lantigua C | NYM,0,0,0,0,0,0,0,0,0,0,0,0,.000,.000,.000,9999
W ,Jonah Cox CF | SF,0,0,0,0,0,0,0,0,0,0,0,0,.000,.000,.000,9999
W ,Nathan Church LF | STL,0,0,0,0,0,0,0,0,0,0,0,0,.000,.000,.000,9999
W ,Chris O'Brien C | BAL,0,0,0,0,0,0,0,0,0,0,0,0,.000,.000,.000,9999
W ,Steven Sensley 1B | NYY,0,0,0,0,0,0,0,0,0,0,0,0,.000,.000,.000,9999
W ,Juan Negret RF | KC,0,0,0,0,0,0,0,0,0,0,0,0,.000,.000,.000,9999
W ,Josh Richmond RF | CHW,0,0,0,0,0,0,0,0,0,0,0,0,.000,.000,.000,9999
W ,Blake Hunt C | SEA,0,0,0,0,0,0,0,0,0,0,0,0,.000,.000,.000,9999
W ,Ryan Wrobleski C | HOU,0,0,0,0,0,0,0,0,0,0,0,0,.000,.000,.000,9999
W ,Wander Franco 3B | SF,0,0,0,0,0,0,0,0,0,0,0,0,.000,.000,.000,9999
W ,Jordan Diaz 3B | ATH,0,0,0,0,0,0,0,0,0,0,0,0,.000,.000,.000,9999
W ,Austin Bailey SS | KC,0,0,0,0,0,0,0,0,0,0,0,0,.000,.000,.000,9999
W ,Carlos Munoz 1B | PIT,0,0,0,0,0,0,0,0,0,0,0,0,.000,.000,.000,9999
W ,J.D. Martinez DH | NYM,0,0,0,0,0,0,0,0,0,0,0,0,.000,.000,.000,9999
W ,Scott Schreiber 1B | HOU,0,0,0,0,0,0,0,0,0,0,0,0,.000,.000,.000,9999
W ,Luis Guanipa CF | ATL,0,0,0,0,0,0,0,0,0,0,0,0,.000,.000,.000,9999
W ,Landy Pena SS | CLE,0,0,0,0,0,0,0,0,0,0,0,0,.000,.000,.000,9999
W ,Cutter Dykstra LF | WAS,0,0,0,0,0,0,0,0,0,0,0,0,.000,.000,.000,9999
W ,Michael Miller C | SD,0,0,0,0,0,0,0,0,0,0,0,0,.000,.000,.000,9999
W ,Dyron Campos RF | NYM,0,0,0,0,0,0,0,0,0,0,0,0,.000,.000,.000,9999
W ,Eric Marinez 3B | ATH,0,0,0,0,0,0,0,0,0,0,0,0,.000,.000,.000,9999
W ,Chris Jacobs 1B | STL,0,0,0,0,0,0,0,0,0,0,0,0,.000,.000,.000,9999
W ,Hayden Dunhurst C | KC,0,0,0,0,0,0,0,0,0,0,0,0,.000,.000,.000,9999
W ,Jace Peterson SS | ARI,0,0,0,0,0,0,0,0,0,0,0,0,.000,.000,.000,9999
W ,Adam Weisenburger C | MIL,0,0,0,0,0,0,0,0,0,0,0,0,.000,.000,.000,9999
W ,Winder Diaz 3B | WAS,0,0,0,0,0,0,0,0,0,0,0,0,.000,.000,.000,9999
W ,Edwin Diaz SS | BOS,0,0,0,0,0,0,0,0,0,0,0,0,.000,.000,.000,9999
W ,Edgar Basabe CF | TEX,0,0,0,0,0,0,0,0,0,0,0,0,.000,.000,.000,9999
W ,Trey Martin CF | CHC,0,0,0,0,0,0,0,0,0,0,0,0,.000,.000,.000,9999
W ,Zack Coppola CF | PHI,0,0,0,0,0,0,0,0,0,0,0,0,.000,.000,.000,9999
W ,Billy McKinney LF | PIT ,0,0,0,0,0,0,0,0,0,0,0,0,.000,.000,.000,9999
W ,Jordan Smith 3B | CLE,0,0,0,0,0,0,0,0,0,0,0,0,.000,.000,.000,9999
W ,Tyler McDonough CF | BOS,0,0,0,0,0,0,0,0,0,0,0,0,.000,.000,.000,9999
W ,Peter Zimmerman 1B | HOU,0,0,0,0,0,0,0,0,0,0,0,0,.000,.000,.000,9999
W ,Konner Piotto C | TEX,0,0,0,0,0,0,0,0,0,0,0,0,.000,.000,.000,9999
W ,Delvis Morales 2B | LAD,0,0,0,0,0,0,0,0,0,0,0,0,.000,.000,.000,9999
W ,Larry Ernesto CF | MIL,0,0,0,0,0,0,0,0,0,0,0,0,.000,.000,.000,9999
W ,Antoine Duplantis CF | NYM,0,0,0,0,0,0,0,0,0,0,0,0,.000,.000,.000,9999
W ,Ivan Murzi C | WAS,0,0,0,0,0,0,0,0,0,0,0,0,.000,.000,.000,9999
W ,"Emmanuel Rivera 1B,3B | BAL ",0,0,0,0,0,0,0,0,0,0,0,0,.000,.000,.000,9999
W ,Otto Kemp 3B | PHI,0,0,0,0,0,0,0,0,0,0,0,0,.000,.000,.000,9999
W ,Graham Pauley 3B | MIA ,0,0,0,0,0,0,0,0,0,0,0,0,.000,.000,.000,9999
W ,Yonathan Mendoza 3B | CIN,0,0,0,0,0,0,0,0,0,0,0,0,.000,.000,.000,9999
W ,Dauri Lorenzo 2B | HOU,0,0,0,0,0,0,0,0,0,0,0,0,.000,.000,.000,9999
W ,Aaron Zavala LF | TEX,0,0,0,0,0,0,0,0,0,0,0,0,.000,.000,.000,9999
W ,Cal Stark C | TEX,0,0,0,0,0,0,0,0,0,0,0,0,.000,.000,.000,9999
W ,JJ Muno 2B | CHW,0,0,0,0,0,0,0,0,0,0,0,0,.000,.000,.000,9999
W ,Jesus Lara SS | CLE,0,0,0,0,0,0,0,0,0,0,0,0,.000,.000,.000,9999
W ,Ernesto Liberatore C | CIN,0,0,0,0,0,0,0,0,0,0,0,0,.000,.000,.000,9999
W ,C.J. McElroy CF | STL,0,0,0,0,0,0,0,0,0,0,0,0,.000,.000,.000,9999
W ,Kyle Hayes C | KC,0,0,0,0,0,0,0,0,0,0,0,0,.000,.000,.000,9999
W ,Jose Gerardo RF | MIA,0,0,0,0,0,0,0,0,0,0,0,0,.000,.000,.000,9999
W ,Waner Luciano 3B | HOU,0,0,0,0,0,0,0,0,0,0,0,0,.000,.000,.000,9999
W ,Nelson Ward SS | SD,0,0,0,0,0,0,0,0,0,0,0,0,.000,.000,.000,9999
W ,Kevin Made SS | WAS,0,0,0,0,0,0,0,0,0,0,0,0,.000,.000,.000,9999
W ,Chance Sisco C | STL ,0,0,0,0,0,0,0,0,0,0,0,0,.000,.000,.000,9999
W ,Marquez Smith 3B | CIN,0,0,0,0,0,0,0,0,0,0,0,0,.000,.000,.000,9999
W ,Camilo Diaz 3B | HOU,0,0,0,0,0,0,0,0,0,0,0,0,.000,.000,.000,9999
W ,Kevin Merrell SS | MIN,0,0,0,0,0,0,0,0,0,0,0,0,.000,.000,.000,9999
W ,Luis Durango CF | NYY,0,0,0,0,0,0,0,0,0,0,0,0,.000,.000,.000,9999
W ,Ben Hartl C | TEX,0,0,0,0,0,0,0,0,0,0,0,0,.000,.000,.000,9999
W ,Adam Haseley RF | CHW,0,0,0,0,0,0,0,0,0,0,0,0,.000,.000,.000,9999
W ,River Town LF | KC,0,0,0,0,0,0,0,0,0,0,0,0,.000,.000,.000,9999
W ,Luis Alejandro Basabe 2B | ARI,0,0,0,0,0,0,0,0,0,0,0,0,.000,.000,.000,9999
W ,Kevin Garcia LF | CIN,0,0,0,0,0,0,0,0,0,0,0,0,.000,.000,.000,9999
W ,Enmanuel Terrero RF | PIT,0,0,0,0,0,0,0,0,0,0,0,0,.000,.000,.000,9999
W ,Maikol Hernandez 3B | BAL,0,0,0,0,0,0,0,0,0,0,0,0,.000,.000,.000,9999
W ,Malvin Valdez CF | CIN,0,0,0,0,0,0,0,0,0,0,0,0,.000,.000,.000,9999
W ,Gregori Cano SS | TOR,0,0,0,0,0,0,0,0,0,0,0,0,.000,.000,.000,9999
W ,Nick Tanielu 3B | TEX,0,0,0,0,0,0,0,0,0,0,0,0,.000,.000,.000,9999
W ,Jaime Pedroza 2B | CHW,0,0,0,0,0,0,0,0,0,0,0,0,.000,.000,.000,9999
W ,Milan Tolentino SS | CLE,0,0,0,0,0,0,0,0,0,0,0,0,.000,.000,.000,9999
W ,Jordan Edgerton 3B | ATL,0,0,0,0,0,0,0,0,0,0,0,0,.000,.000,.000,9999
W ,Yeyson Yrizarri SS | CHW,0,0,0,0,0,0,0,0,0,0,0,0,.000,.000,.000,9999
W ,Brett Netzer 2B | BOS,0,0,0,0,0,0,0,0,0,0,0,0,.000,.000,.000,9999
W ,Angelo Mora 2B | LAD,0,0,0,0,0,0,0,0,0,0,0,0,.000,.000,.000,9999
W ,Jhalan Jackson RF | NYY,0,0,0,0,0,0,0,0,0,0,0,0,.000,.000,.000,9999
W ,Kehden Hettiger C | PHI,0,0,0,0,0,0,0,0,0,0,0,0,.000,.000,.000,9999
W ,Roberto Lopez DH | LAA,0,0,0,0,0,0,0,0,0,0,0,0,.000,.000,.000,9999
W ,Brandon Bednar 3B | COL,0,0,0,0,0,0,0,0,0,0,0,0,.000,.000,.000,9999
W ,Wes Wilson C | NYY,0,0,0,0,0,0,0,0,0,0,0,0,.000,.000,.000,9999
W ,John Norwood RF | MIA,0,0,0,0,0,0,0,0,0,0,0,0,.000,.000,.000,9999
W ,Jheremy Vargas LF | MIL,0,0,0,0,0,0,0,0,0,0,0,0,.000,.000,.000,9999
W ,Joseph Astacio 3B | TB,0,0,0,0,0,0,0,0,0,0,0,0,.000,.000,.000,9999
W ,Dayner Moreira 2B | SEA,0,0,0,0,0,0,0,0,0,0,0,0,.000,.000,.000,9999
W ,Landon Wallace CF | LAA,0,0,0,0,0,0,0,0,0,0,0,0,.000,.000,.000,9999
W ,D.J. Burt 2B | KC,0,0,0,0,0,0,0,0,0,0,0,0,.000,.000,.000,9999
W ,Jason Delay C | PIT ,0,0,0,0,0,0,0,0,0,0,0,0,.000,.000,.000,9999
W ,Moises Gomez RF | STL,0,0,0,0,0,0,0,0,0,0,0,0,.000,.000,.000,9999
W ,Joshua Day SS | ARI,0,0,0,0,0,0,0,0,0,0,0,0,.000,.000,.000,9999
W ,PJ Morlando CF | MIA ,0,0,0,0,0,0,0,0,0,0,0,0,.000,.000,.000,9999
W ,Tayler Aguilar LF | COL,0,0,0,0,0,0,0,0,0,0,0,0,.000,.000,.000,9999
W ,Alex Freeland SS | LAD,0,0,0,0,0,0,0,0,0,0,0,0,.000,.000,.000,9999
W ,Creed Willems C | BAL,0,0,0,0,0,0,0,0,0,0,0,0,.000,.000,.000,9999
W ,Grant Witherspoon RF | TB,0,0,0,0,0,0,0,0,0,0,0,0,.000,.000,.000,9999
W ,Bennett Hostetler SS | MIA,0,0,0,0,0,0,0,0,0,0,0,0,.000,.000,.000,9999
W ,Mac Seibert 2B | TB,0,0,0,0,0,0,0,0,0,0,0,0,.000,.000,.000,9999
W ,Jeferson Quero C | MIL ,0,0,0,0,0,0,0,0,0,0,0,0,.000,.000,.000,9999
W ,Shane Zeile C | DET,0,0,0,0,0,0,0,0,0,0,0,0,.000,.000,.000,9999
W ,Jhonny Piron CF | TB,0,0,0,0,0,0,0,0,0,0,0,0,.000,.000,.000,9999
W ,Alberto Triunfel 2B | LAA,0,0,0,0,0,0,0,0,0,0,0,0,.000,.000,.000,9999
W ,Wendell Rijo 2B | PHI,0,0,0,0,0,0,0,0,0,0,0,0,.000,.000,.000,9999
W ,Sam McMillan C | DET,0,0,0,0,0,0,0,0,0,0,0,0,.000,.000,.000,9999
W ,Joe Sever 2B | CLE,0,0,0,0,0,0,0,0,0,0,0,0,.000,.000,.000,9999
W ,Omar Carrizales CF | COL,0,0,0,0,0,0,0,0,0,0,0,0,.000,.000,.000,9999
W ,Aaron Schnurbusch LF | CHW,0,0,0,0,0,0,0,0,0,0,0,0,.000,.000,.000,9999
W ,Jose Medina LF | CLE,0,0,0,0,0,0,0,0,0,0,0,0,.000,.000,.000,9999
W ,Jose Curpa 2B | ARI,0,0,0,0,0,0,0,0,0,0,0,0,.000,.000,.000,9999
W ,Ronald Bueno 2B | CIN,0,0,0,0,0,0,0,0,0,0,0,0,.000,.000,.000,9999
W ,Dixon Machado SS | CHC,0,0,0,0,0,0,0,0,0,0,0,0,.000,.000,.000,9999
W ,Carlos Mendoza 3B | DET,0,0,0,0,0,0,0,0,0,0,0,0,.000,.000,.000,9999
W ,Carlos Paulino C | MIA,0,0,0,0,0,0,0,0,0,0,0,0,.000,.000,.000,9999
W ,Rowdey Jordan LF | NYM,0,0,0,0,0,0,0,0,0,0,0,0,.000,.000,.000,9999
W ,Sharif Othman C | MIA,0,0,0,0,0,0,0,0,0,0,0,0,.000,.000,.000,9999
W ,Hector Rodriguez RF | CIN,0,0,0,0,0,0,0,0,0,0,0,0,.000,.000,.000,9999
W ,Hunter Cole RF | TEX,0,0,0,0,0,0,0,0,0,0,0,0,.000,.000,.000,9999
W ,Daiverson Gutierrez C | NYM,0,0,0,0,0,0,0,0,0,0,0,0,.000,.000,.000,9999
W ,Curtis Washington CF | SEA,0,0,0,0,0,0,0,0,0,0,0,0,.000,.000,.000,9999
W ,Kale Fountain 3B | SD ,0,0,0,0,0,0,0,0,0,0,0,0,.000,.000,.000,9999
W ,Rafael P Valera 2B | MIN,0,0,0,0,0,0,0,0,0,0,0,0,.000,.000,.000,9999
W ,Zach DeLoach RF | CHW ,0,0,0,0,0,0,0,0,0,0,0,0,.000,.000,.000,9999
W ,Radley Haddad C | NYY,0,0,0,0,0,0,0,0,0,0,0,0,.000,.000,.000,9999
W ,Dalton Guthrie LF | BOS,0,0,0,0,0,0,0,0,0,0,0,0,.000,.000,.000,9999
W ,Ben Ross SS | MIN,0,0,0,0,0,0,0,0,0,0,0,0,.000,.000,.000,9999
W ,Graysen Tarlow C | STL,0,0,0,0,0,0,0,0,0,0,0,0,.000,.000,.000,9999
W ,Mitch Nay 3B | SEA,0,0,0,0,0,0,0,0,0,0,0,0,.000,.000,.000,9999
W ,Ben Ruta LF | SD,0,0,0,0,0,0,0,0,0,0,0,0,.000,.000,.000,9999
W ,Adam Law LF | SEA,0,0,0,0,0,0,0,0,0,0,0,0,.000,.000,.000,9999
W ,Isan Castillo SS | WAS,0,0,0,0,0,0,0,0,0,0,0,0,.000,.000,.000,9999
W ,Grae Kessinger 3B | ARI ,0,0,0,0,0,0,0,0,0,0,0,0,.000,.000,.000,9999
W ,Chris Meyers 1B | DET,0,0,0,0,0,0,0,0,0,0,0,0,.000,.000,.000,9999
W ,Gabriel Gonzalez RF | MIN,0,0,0,0,0,0,0,0,0,0,0,0,.000,.000,.000,9999
W ,Buck Britton 2B | MIN,0,0,0,0,0,0,0,0,0,0,0,0,.000,.000,.000,9999
W ,Elian Pena SS | NYM,0,0,0,0,0,0,0,0,0,0,0,0,.000,.000,.000,9999
W ,Austin Byler 1B | ARI,0,0,0,0,0,0,0,0,0,0,0,0,.000,.000,.000,9999
W ,Caden Connor 1B | CHW,0,0,0,0,0,0,0,0,0,0,0,0,.000,.000,.000,9999
W ,Moises Perez SS | LAD,0,0,0,0,0,0,0,0,0,0,0,0,.000,.000,.000,9999
W ,Curtis Terry 1B | BAL,0,0,0,0,0,0,0,0,0,0,0,0,.000,.000,.000,9999
W ,Roberto Campos RF | DET,0,0,0,0,0,0,0,0,0,0,0,0,.000,.000,.000,9999
W ,Michael Smith LF | TB,0,0,0,0,0,0,0,0,0,0,0,0,.000,.000,.000,9999
W ,Cris Rodriguez RF | DET,0,0,0,0,0,0,0,0,0,0,0,0,.000,.000,.000,9999
W ,Eduardo Escobar 3B | TOR,0,0,0,0,0,0,0,0,0,0,0,0,.000,.000,.000,9999
W ,Alfredo Lopez SS | MIA,0,0,0,0,0,0,0,0,0,0,0,0,.000,.000,.000,9999
W ,Daniel Paolini 2B | SEA,0,0,0,0,0,0,0,0,0,0,0,0,.000,.000,.000,9999
W ,Jake Hirabayashi C | MIN,0,0,0,0,0,0,0,0,0,0,0,0,.000,.000,.000,9999
W ,McCarthy Tatum 3B | PHI,0,0,0,0,0,0,0,0,0,0,0,0,.000,.000,.000,9999
W ,Matt Morgan C | TOR,0,0,0,0,0,0,0,0,0,0,0,0,.000,.000,.000,9999
W ,Jeremy Rivas SS | STL,0,0,0,0,0,0,0,0,0,0,0,0,.000,.000,.000,9999
W ,Lorenzo Quintana C | MIA,0,0,0,0,0,0,0,0,0,0,0,0,.000,.000,.000,9999
W ,Bubba Hollins 3B | MIA,0,0,0,0,0,0,0,0,0,0,0,0,.000,.000,.000,9999
W ,Kellin Deglan C | TOR,0,0,0,0,0,0,0,0,0,0,0,0,.000,.000,.000,9999
W ,Shotaro Morii SS | ATH ,0,0,0,0,0,0,0,0,0,0,0,0,.000,.000,.000,9999
W ,Ezequiel Pagan CF | LAD,0,0,0,0,0,0,0,0,0,0,0,0,.000,.000,.000,9999
W ,Cole Messina C | COL,0,0,0,0,0,0,0,0,0,0,0,0,.000,.000,.000,9999
W ,Estiven Machado SS | TOR,0,0,0,0,0,0,0,0,0,0,0,0,.000,.000,.000,9999
W ,Kelson Brown SS | PIT,0,0,0,0,0,0,0,0,0,0,0,0,.000,.000,.000,9999
W ,L.J. Mazzilli 2B | NYY,0,0,0,0,0,0,0,0,0,0,0,0,.000,.000,.000,9999
W ,Dawel Joseph SS | SEA,0,0,0,0,0,0,0,0,0,0,0,0,.000,.000,.000,9999
W ,Josh Harrison 3B | CIN,0,0,0,0,0,0,0,0,0,0,0,0,.000,.000,.000,9999
W ,Patrick Clohisy CF | ATL,0,0,0,0,0,0,0,0,0,0,0,0,.000,.000,.000,9999
W ,"Nicky Lopez 2B,SS | CHC ",0,0,0,0,0,0,0,0,0,0,0,0,.000,.000,.000,9999
W ,Nicolas Torres 3B | PHI,0,0,0,0,0,0,0,0,0,0,0,0,.000,.000,.000,9999
W ,Raul Rivas 2B | PHI,0,0,0,0,0,0,0,0,0,0,0,0,.000,.000,.000,9999
W ,Edwin Espinal 1B | DET,0,0,0,0,0,0,0,0,0,0,0,0,.000,.000,.000,9999
W ,Arden Pabst C | ATL,0,0,0,0,0,0,0,0,0,0,0,0,.000,.000,.000,9999
W ,Matt Gorski CF | PIT,0,0,0,0,0,0,0,0,0,0,0,0,.000,.000,.000,9999
W ,Jackson Feltner 1B | ARI,0,0,0,0,0,0,0,0,0,0,0,0,.000,.000,.000,9999
W ,Alexfri Planez RF | CLE,0,0,0,0,0,0,0,0,0,0,0,0,.000,.000,.000,9999
W ,Desmond Lindsay CF | NYM,0,0,0,0,0,0,0,0,0,0,0,0,.000,.000,.000,9999
W ,Ralphy Velazquez 1B | CLE,0,0,0,0,0,0,0,0,0,0,0,0,.000,.000,.000,9999
W ,Yhoswar Garcia CF | PHI,0,0,0,0,0,0,0,0,0,0,0,0,.000,.000,.000,9999
W ,Tyler Neslony RF | CHW,0,0,0,0,0,0,0,0,0,0,0,0,.000,.000,.000,9999
W ,Heath Holder CF | COL,0,0,0,0,0,0,0,0,0,0,0,0,.000,.000,.000,9999
W ,Marcos Gonzalez SS | CLE,0,0,0,0,0,0,0,0,0,0,0,0,.000,.000,.000,9999
W ,Eric Jagielo 1B | MIA,0,0,0,0,0,0,0,0,0,0,0,0,.000,.000,.000,9999
W ,Hans Montero 3B | NYY,0,0,0,0,0,0,0,0,0,0,0,0,.000,.000,.000,9999
W ,Werner Blakely CF | LAA,0,0,0,0,0,0,0,0,0,0,0,0,.000,.000,.000,9999
W ,Dimas Ojeda LF | SEA,0,0,0,0,0,0,0,0,0,0,0,0,.000,.000,.000,9999
W ,Chris Okey C | LAD,0,0,0,0,0,0,0,0,0,0,0,0,.000,.000,.000,9999
W ,Caleb Hobson CF | COL,0,0,0,0,0,0,0,0,0,0,0,0,.000,.000,.000,9999
W ,Austin Nola C | COL,0,0,0,0,0,0,0,0,0,0,0,0,.000,.000,.000,9999
W ,Dan Rizzie C | NYM,0,0,0,0,0,0,0,0,0,0,0,0,.000,.000,.000,9999
W ,Brock Jones RF | TB,0,0,0,0,0,0,0,0,0,0,0,0,.000,.000,.000,9999
W ,Ryan Cesarini RF | CLE,0,0,0,0,0,0,0,0,0,0,0,0,.000,.000,.000,9999
W ,Christian Cerda C | ARI,0,0,0,0,0,0,0,0,0,0,0,0,.000,.000,.000,9999
W ,Drew Weeks LF | ARI,0,0,0,0,0,0,0,0,0,0,0,0,.000,.000,.000,9999
W ,Duke Ellis LF | NYY,0,0,0,0,0,0,0,0,0,0,0,0,.000,.000,.000,9999
W ,Connor Panas 3B | SD,0,0,0,0,0,0,0,0,0,0,0,0,.000,.000,.000,9999
W ,Gavin Cross RF | KC,0,0,0,0,0,0,0,0,0,0,0,0,.000,.000,.000,9999
W ,Jamari Baylor SS | PHI,0,0,0,0,0,0,0,0,0,0,0,0,.000,.000,.000,9999
W ,Cleuluis Rondon SS | ATL,0,0,0,0,0,0,0,0,0,0,0,0,.000,.000,.000,9999
W ,Delvin Zinn SS | CHC,0,0,0,0,0,0,0,0,0,0,0,0,.000,.000,.000,9999
W ,Logan Taylor LF | CIN,0,0,0,0,0,0,0,0,0,0,0,0,.000,.000,.000,9999
W ,Ronnie Mitchell LF | HOU,0,0,0,0,0,0,0,0,0,0,0,0,.000,.000,.000,9999
W ,Jonathon Long 1B | CHC,0,0,0,0,0,0,0,0,0,0,0,0,.000,.000,.000,9999
W ,Aidan Miller SS | PHI,0,0,0,0,0,0,0,0,0,0,0,0,.000,.000,.000,9999
W ,Herlis Rodriguez CF | DET,0,0,0,0,0,0,0,0,0,0,0,0,.000,.000,.000,9999
W ,Brenner Cox LF | WAS,0,0,0,0,0,0,0,0,0,0,0,0,.000,.000,.000,9999
W ,Grenny Cumana SS | PHI,0,0,0,0,0,0,0,0,0,0,0,0,.000,.000,.000,9999
W ,Dan Swain CF | ARI,0,0,0,0,0,0,0,0,0,0,0,0,.000,.000,.000,9999
W ,Bryce Teodosio CF | LAA,0,0,0,0,0,0,0,0,0,0,0,0,.000,.000,.000,9999
W ,Erick Torres C | KC,0,0,0,0,0,0,0,0,0,0,0,0,.000,.000,.000,9999
W ,Brewer Hicklen LF | MIL ,0,0,0,0,0,0,0,0,0,0,0,0,.000,.000,.000,9999
W ,Carson Williams SS | TB,0,0,0,0,0,0,0,0,0,0,0,0,.000,.000,.000,9999
W ,Brandon Winokur SS | MIN,0,0,0,0,0,0,0,0,0,0,0,0,.000,.000,.000,9999
W ,Chris DeVito 1B | KC,0,0,0,0,0,0,0,0,0,0,0,0,.000,.000,.000,9999
W ,Tyler Filliben SS | PIT,0,0,0,0,0,0,0,0,0,0,0,0,.000,.000,.000,9999
W ,Tommy White 3B | ATH,0,0,0,0,0,0,0,0,0,0,0,0,.000,.000,.000,9999
W ,Alay Lago 3B | ATL,0,0,0,0,0,0,0,0,0,0,0,0,.000,.000,.000,9999
W ,Tim Elko 1B | CHW,0,0,0,0,0,0,0,0,0,0,0,0,.000,.000,.000,9999
W ,"Eddie Rosario CF,LF,RF | LAD",0,0,0,0,0,0,0,0,0,0,0,0,.000,.000,.000,9999
W ,Jorge Flores SS | TOR,0,0,0,0,0,0,0,0,0,0,0,0,.000,.000,.000,9999
W ,Justice Bigbie RF | DET,0,0,0,0,0,0,0,0,0,0,0,0,.000,.000,.000,9999
W ,Gregory Barrios SS | TB,0,0,0,0,0,0,0,0,0,0,0,0,.000,.000,.000,9999
W ,Roismar Quintana LF | WAS,0,0,0,0,0,0,0,0,0,0,0,0,.000,.000,.000,9999
W ,Tyresse Turner SS | CLE,0,0,0,0,0,0,0,0,0,0,0,0,.000,.000,.000,9999
W ,Christian Arroyo 2B | PHI,0,0,0,0,0,0,0,0,0,0,0,0,.000,.000,.000,9999
W ,Jauri Custodio LF | PIT,0,0,0,0,0,0,0,0,0,0,0,0,.000,.000,.000,9999
W ,Jonny Homza 3B | SD,0,0,0,0,0,0,0,0,0,0,0,0,.000,.000,.000,9999
W ,Dakota Harris SS | STL,0,0,0,0,0,0,0,0,0,0,0,0,.000,.000,.000,9999
W ,Jacob Gonzalez 3B | PIT,0,0,0,0,0,0,0,0,0,0,0,0,.000,.000,.000,9999
W ,Jose Alexander Martinez SS | STL,0,0,0,0,0,0,0,0,0,0,0,0,.000,.000,.000,9999
W ,Edwin Lora SS | WAS,0,0,0,0,0,0,0,0,0,0,0,0,.000,.000,.000,9999
W ,Chris Roller CF | MIL,0,0,0,0,0,0,0,0,0,0,0,0,.000,.000,.000,9999
W ,Alex Murphy C | BAL,0,0,0,0,0,0,0,0,0,0,0,0,.000,.000,.000,9999
W ,Chase Simpson 3B | PIT,0,0,0,0,0,0,0,0,0,0,0,0,.000,.000,.000,9999
W ,Joe Stewart CF | LAA,0,0,0,0,0,0,0,0,0,0,0,0,.000,.000,.000,9999
W ,Jose Almonte RF | TEX,0,0,0,0,0,0,0,0,0,0,0,0,.000,.000,.000,9999
W ,Josh Almonte CF | TOR,0,0,0,0,0,0,0,0,0,0,0,0,.000,.000,.000,9999
W ,Randy Cesar 3B | MIN,0,0,0,0,0,0,0,0,0,0,0,0,.000,.000,.000,9999
W ,Zach Reks LF | SD,0,0,0,0,0,0,0,0,0,0,0,0,.000,.000,.000,9999
W ,Alexander Ramirez RF | LAA,0,0,0,0,0,0,0,0,0,0,0,0,.000,.000,.000,9999
W ,Paul Witt SS | WAS,0,0,0,0,0,0,0,0,0,0,0,0,.000,.000,.000,9999
W ,Diego Infante RF | MIA,0,0,0,0,0,0,0,0,0,0,0,0,.000,.000,.000,9999
W ,Elio Prado RF | PHI,0,0,0,0,0,0,0,0,0,0,0,0,.000,.000,.000,9999
W ,"Robbie Grossman LF,RF | KC",0,0,0,0,0,0,0,0,0,0,0,0,.000,.000,.000,9999
W ,Bryan Gonzalez RF | KC,0,0,0,0,0,0,0,0,0,0,0,0,.000,.000,.000,9999
W ,Jakob Marsee CF | MIA,0,0,0,0,0,0,0,0,0,0,0,0,.000,.000,.000,9999
W ,Francisco Mejia C | TB,0,0,0,0,0,0,0,0,0,0,0,0,.000,.000,.000,9999
W ,Demitrio Nadal 3B | MIL,0,0,0,0,0,0,0,0,0,0,0,0,.000,.000,.000,9999
W ,Louie Lechich RF | CHW,0,0,0,0,0,0,0,0,0,0,0,0,.000,.000,.000,9999
W ,Edwin Figuera SS | CHC,0,0,0,0,0,0,0,0,0,0,0,0,.000,.000,.000,9999
W ,Joe Jackson C | TEX,0,0,0,0,0,0,0,0,0,0,0,0,.000,.000,.000,9999
W ,Junior Franco LF | ARI,0,0,0,0,0,0,0,0,0,0,0,0,.000,.000,.000,9999
W ,Fenwick Trimble SS | MIA,0,0,0,0,0,0,0,0,0,0,0,0,.000,.000,.000,9999
W ,Rafael Flores C | NYY,0,0,0,0,0,0,0,0,0,0,0,0,.000,.000,.000,9999
W ,Robert Calaz RF | COL,0,0,0,0,0,0,0,0,0,0,0,0,.000,.000,.000,9999
W ,Kevin Padlo 1B | LAD,0,0,0,0,0,0,0,0,0,0,0,0,.000,.000,.000,9999
W ,Beycker Barroso C | TEX,0,0,0,0,0,0,0,0,0,0,0,0,.000,.000,.000,9999
W ,Chris Rivera 2B | STL,0,0,0,0,0,0,0,0,0,0,0,0,.000,.000,.000,9999
W ,Michael Burgess RF | HOU,0,0,0,0,0,0,0,0,0,0,0,0,.000,.000,.000,9999
W ,Juan Carlos Linares RF | BOS,0,0,0,0,0,0,0,0,0,0,0,0,.000,.000,.000,9999
W ,Emilio Guerrero SS | TOR,0,0,0,0,0,0,0,0,0,0,0,0,.000,.000,.000,9999
W ,Bryson Worrell RF | ATL,0,0,0,0,0,0,0,0,0,0,0,0,.000,.000,.000,9999
W ,Oscar Colas RF | CHW ,0,0,0,0,0,0,0,0,0,0,0,0,.000,.000,.000,9999
W ,Anthony Stephan LF | CIN,0,0,0,0,0,0,0,0,0,0,0,0,.000,.000,.000,9999
W ,Dillon Moyer SS | LAD,0,0,0,0,0,0,0,0,0,0,0,0,.000,.000,.000,9999
W ,Turner Hill CF | SF,0,0,0,0,0,0,0,0,0,0,0,0,.000,.000,.000,9999
W ,Trent Farquhar 2B | PHI,0,0,0,0,0,0,0,0,0,0,0,0,.000,.000,.000,9999
W ,Travis Blankenhorn DH | LAA ,0,0,0,0,0,0,0,0,0,0,0,0,.000,.000,.000,9999
W ,Joswa Lugo SS | LAA,0,0,0,0,0,0,0,0,0,0,0,0,.000,.000,.000,9999
W ,Mack Chambers SS | STL,0,0,0,0,0,0,0,0,0,0,0,0,.000,.000,.000,9999
W ,"Estevan Florial LF,RF | CLE",0,0,0,0,0,0,0,0,0,0,0,0,.000,.000,.000,9999
W ,Samad Taylor LF | SEA,0,0,0,0,0,0,0,0,0,0,0,0,.000,.000,.000,9999
W ,Sabin Ceballos 3B | SF,0,0,0,0,0,0,0,0,0,0,0,0,.000,.000,.000,9999
W ,Matt Winn C | SF,0,0,0,0,0,0,0,0,0,0,0,0,.000,.000,.000,9999
W ,"Nick Gordon CF,LF | BAL ",0,0,0,0,0,0,0,0,0,0,0,0,.000,.000,.000,9999
W ,Jadher Areinamo 2B | MIL,0,0,0,0,0,0,0,0,0,0,0,0,.000,.000,.000,9999
W ,Yandel Ricardo SS | KC,0,0,0,0,0,0,0,0,0,0,0,0,.000,.000,.000,9999
W ,Ashly Andujar SS | COL,0,0,0,0,0,0,0,0,0,0,0,0,.000,.000,.000,9999
W ,Gareth Morgan LF | LAA,0,0,0,0,0,0,0,0,0,0,0,0,.000,.000,.000,9999
W ,Jordan Qsar RF | TB,0,0,0,0,0,0,0,0,0,0,0,0,.000,.000,.000,9999
W ,Zach Ashford CF | NYM,0,0,0,0,0,0,0,0,0,0,0,0,.000,.000,.000,9999
W ,Colton Plaia C | NYM,0,0,0,0,0,0,0,0,0,0,0,0,.000,.000,.000,9999
W ,Thomas Milone CF | SD,0,0,0,0,0,0,0,0,0,0,0,0,.000,.000,.000,9999
W ,Abimelec Ortiz 1B | TEX,0,0,0,0,0,0,0,0,0,0,0,0,.000,.000,.000,9999
W ,Jacob Buchberger 3B | STL,0,0,0,0,0,0,0,0,0,0,0,0,.000,.000,.000,9999
W ,Grant Williams 2B | BOS,0,0,0,0,0,0,0,0,0,0,0,0,.000,.000,.000,9999
W ,Jared Dupere RF | SF,0,0,0,0,0,0,0,0,0,0,0,0,.000,.000,.000,9999
W ,Adael Amador 2B | COL,0,0,0,0,0,0,0,0,0,0,0,0,.000,.000,.000,9999
W ,Yordany De Los Santos SS | PIT,0,0,0,0,0,0,0,0,0,0,0,0,.000,.000,.000,9999
W ,Daniel Vogelbach DH | TOR,0,0,0,0,0,0,0,0,0,0,0,0,.000,.000,.000,9999
W ,Jose Rosario 2B | BOS,0,0,0,0,0,0,0,0,0,0,0,0,.000,.000,.000,9999
W ,Troy Sieber 1B | HOU,0,0,0,0,0,0,0,0,0,0,0,0,.000,.000,.000,9999
W ,Greyson Jenista RF | ATL,0,0,0,0,0,0,0,0,0,0,0,0,.000,.000,.000,9999
W ,Jeremy Eierman SS | ATH,0,0,0,0,0,0,0,0,0,0,0,0,.000,.000,.000,9999
W ,Gustavo Campero RF | LAA,0,0,0,0,0,0,0,0,0,0,0,0,.000,.000,.000,9999
W ,Micah Pries CF | CLE,0,0,0,0,0,0,0,0,0,0,0,0,.000,.000,.000,9999
W ,Jacob Teter 1B | BAL,0,0,0,0,0,0,0,0,0,0,0,0,.000,.000,.000,9999
W ,D.J. Artis CF | CHC,0,0,0,0,0,0,0,0,0,0,0,0,.000,.000,.000,9999
W ,Edward Salcedo RF | PIT,0,0,0,0,0,0,0,0,0,0,0,0,.000,.000,.000,9999
W ,Luke Williams 2B | ATL ,0,0,0,0,0,0,0,0,0,0,0,0,.000,.000,.000,9999
W ,Jared King LF | NYM,0,0,0,0,0,0,0,0,0,0,0,0,.000,.000,.000,9999
W ,John Wimmer SS | LAA,0,0,0,0,0,0,0,0,0,0,0,0,.000,.000,.000,9999
W ,Matt Dyer C | TB,0,0,0,0,0,0,0,0,0,0,0,0,.000,.000,.000,9999
W ,Nick Lorusso 3B | NYM,0,0,0,0,0,0,0,0,0,0,0,0,.000,.000,.000,9999
W ,Stefan Sabol LF | NYM,0,0,0,0,0,0,0,0,0,0,0,0,.000,.000,.000,9999
W ,Jay Jabs 3B | NYM,0,0,0,0,0,0,0,0,0,0,0,0,.000,.000,.000,9999
W ,Kala'i Rosario RF | MIN,0,0,0,0,0,0,0,0,0,0,0,0,.000,.000,.000,9999
W ,Christian Olivo SS | CHC,0,0,0,0,0,0,0,0,0,0,0,0,.000,.000,.000,9999
W ,Shervyen Newton SS | KC,0,0,0,0,0,0,0,0,0,0,0,0,.000,.000,.000,9999
W ,Randal Diaz SS | WAS,0,0,0,0,0,0,0,0,0,0,0,0,.000,.000,.000,9999
W ,Mark Kolozsvary C | BOS,0,0,0,0,0,0,0,0,0,0,0,0,.000,.000,.000,9999
W ,Cole Gabrielson CF | NYY,0,0,0,0,0,0,0,0,0,0,0,0,.000,.000,.000,9999
W ,Austin Allen C | NYM,0,0,0,0,0,0,0,0,0,0,0,0,.000,.000,.000,9999
W ,Kade Kern RF | ATL,0,0,0,0,0,0,0,0,0,0,0,0,.000,.000,.000,9999
W ,Jonah McReynolds SS | TEX,0,0,0,0,0,0,0,0,0,0,0,0,.000,.000,.000,9999
W ,Brian Burgamy 2B | LAD,0,0,0,0,0,0,0,0,0,0,0,0,.000,.000,.000,9999
W ,Connor Hujsak LF | TB,0,0,0,0,0,0,0,0,0,0,0,0,.000,.000,.000,9999
W ,Brennen Davis LF | NYY,0,0,0,0,0,0,0,0,0,0,0,0,.000,.000,.000,9999
W ,Anthony Miller 1B | ATH,0,0,0,0,0,0,0,0,0,0,0,0,.000,.000,.000,9999
W ,Sergio Tapia C | DET,0,0,0,0,0,0,0,0,0,0,0,0,.000,.000,.000,9999
W ,Marcus Lemon SS | CHW,0,0,0,0,0,0,0,0,0,0,0,0,.000,.000,.000,9999
W ,Alex De Jesus 3B | TOR,0,0,0,0,0,0,0,0,0,0,0,0,.000,.000,.000,9999
W ,Frederick Bencosme SS | BAL,0,0,0,0,0,0,0,0,0,0,0,0,.000,.000,.000,9999
W ,Sam Brown 1B | LAA,0,0,0,0,0,0,0,0,0,0,0,0,.000,.000,.000,9999
W ,Pablo Abreu CF | MIL,0,0,0,0,0,0,0,0,0,0,0,0,.000,.000,.000,9999
W ,Jonathan Willems 2B | CIN,0,0,0,0,0,0,0,0,0,0,0,0,.000,.000,.000,9999
W ,Nicholas Vizcaino 1B | ATL,0,0,0,0,0,0,0,0,0,0,0,0,.000,.000,.000,9999
W ,George Lombard SS | NYY,0,0,0,0,0,0,0,0,0,0,0,0,.000,.000,.000,9999
W ,Garrett Mattlage SS | DET,0,0,0,0,0,0,0,0,0,0,0,0,.000,.000,.000,9999
W ,Diego Mosquera 2B | NYM,0,0,0,0,0,0,0,0,0,0,0,0,.000,.000,.000,9999
W ,JT Schwartz 1B | NYM,0,0,0,0,0,0,0,0,0,0,0,0,.000,.000,.000,9999
W ,Zach Cone CF | TEX,0,0,0,0,0,0,0,0,0,0,0,0,.000,.000,.000,9999
W ,Jeff Hendrix CF | NYY,0,0,0,0,0,0,0,0,0,0,0,0,.000,.000,.000,9999
W ,Zach Houchins 3B | LAA,0,0,0,0,0,0,0,0,0,0,0,0,.000,.000,.000,9999
W ,Cesar Izturis Jr. 2B | SEA,0,0,0,0,0,0,0,0,0,0,0,0,.000,.000,.000,9999
W ,Bryce Rainer SS | DET,0,0,0,0,0,0,0,0,0,0,0,0,.000,.000,.000,9999
W ,Jairo Pomares RF | SF,0,0,0,0,0,0,0,0,0,0,0,0,.000,.000,.000,9999
W ,Ricky Oropesa 1B | SF,0,0,0,0,0,0,0,0,0,0,0,0,.000,.000,.000,9999
W ,Paulino Santana CF | TEX,0,0,0,0,0,0,0,0,0,0,0,0,.000,.000,.000,9999
W ,Mike Ahmed 3B | ARI,0,0,0,0,0,0,0,0,0,0,0,0,.000,.000,.000,9999
W ,Max Schrock RF | SD,0,0,0,0,0,0,0,0,0,0,0,0,.000,.000,.000,9999
W ,Juan Chacon LF | BOS,0,0,0,0,0,0,0,0,0,0,0,0,.000,.000,.000,9999
W ,Jadiel Sanchez RF | LAA,0,0,0,0,0,0,0,0,0,0,0,0,.000,.000,.000,9999
W ,Jake Yacinich SS | LAA,0,0,0,0,0,0,0,0,0,0,0,0,.000,.000,.000,9999
W ,Ryan Cermak CF | TB,0,0,0,0,0,0,0,0,0,0,0,0,.000,.000,.000,9999
W ,Tyler Krieger 3B | CLE,0,0,0,0,0,0,0,0,0,0,0,0,.000,.000,.000,9999
W ,Chad Sedio SS | DET,0,0,0,0,0,0,0,0,0,0,0,0,.000,.000,.000,9999
W ,Zac Cook 2B | TOR,0,0,0,0,0,0,0,0,0,0,0,0,.000,.000,.000,9999
W ,Erick Hernandez CF | CHW,0,0,0,0,0,0,0,0,0,0,0,0,.000,.000,.000,9999
W ,Yeison Morrobel RF | TEX ,0,0,0,0,0,0,0,0,0,0,0,0,.000,.000,.000,9999
W ,Ariel Sandoval LF | SEA,0,0,0,0,0,0,0,0,0,0,0,0,.000,.000,.000,9999
W ,Callan Moss 1B | KC,0,0,0,0,0,0,0,0,0,0,0,0,.000,.000,.000,9999
W ,Scott Kapers C | TEX,0,0,0,0,0,0,0,0,0,0,0,0,.000,.000,.000,9999
W ,Stryker Trahan RF | ARI,0,0,0,0,0,0,0,0,0,0,0,0,.000,.000,.000,9999
W ,Kenni Gomez CF | HOU,0,0,0,0,0,0,0,0,0,0,0,0,.000,.000,.000,9999
W ,Joe Suozzi 1B | NYM,0,0,0,0,0,0,0,0,0,0,0,0,.000,.000,.000,9999
W ,Ryan Clifford 1B | NYM,0,0,0,0,0,0,0,0,0,0,0,0,.000,.000,.000,9999
W ,David Sheaffer C | SEA,0,0,0,0,0,0,0,0,0,0,0,0,.000,.000,.000,9999
W ,Joey Morgan C | DET,0,0,0,0,0,0,0,0,0,0,0,0,.000,.000,.000,9999
W ,Jordyn Adams RF | BAL,0,0,0,0,0,0,0,0,0,0,0,0,.000,.000,.000,9999
W ,Garrett Forrester 3B | MIA,0,0,0,0,0,0,0,0,0,0,0,0,.000,.000,.000,9999
W ,Jake Palomaki 2B | TB,0,0,0,0,0,0,0,0,0,0,0,0,.000,.000,.000,9999
W ,Emaarion Boyd CF | PHI,0,0,0,0,0,0,0,0,0,0,0,0,.000,.000,.000,9999
W ,Anthony Seigler C | MIL,0,0,0,0,0,0,0,0,0,0,0,0,.000,.000,.000,9999
W ,Andrew Pullin LF | PHI,0,0,0,0,0,0,0,0,0,0,0,0,.000,.000,.000,9999
W ,Adam Hackenberg C | CHW,0,0,0,0,0,0,0,0,0,0,0,0,.000,.000,.000,9999
W ,Ryan Peurifoy RF | PIT,0,0,0,0,0,0,0,0,0,0,0,0,.000,.000,.000,9999
W ,Ramon Rodriguez C | MIL,0,0,0,0,0,0,0,0,0,0,0,0,.000,.000,.000,9999
W ,Sebastian Walcott SS | TEX,0,0,0,0,0,0,0,0,0,0,0,0,.000,.000,.000,9999
W ,Logan Porter C | SF,0,0,0,0,0,0,0,0,0,0,0,0,.000,.000,.000,9999
W ,Jose Sanchez SS | WAS,0,0,0,0,0,0,0,0,0,0,0,0,.000,.000,.000,9999
W ,Ali Castillo 2B | PHI,0,0,0,0,0,0,0,0,0,0,0,0,.000,.000,.000,9999
W ,James Outman CF | LAD ,0,0,0,0,0,0,0,0,0,0,0,0,.000,.000,.000,9999
W ,Yassel Pino 3B | CIN,0,0,0,0,0,0,0,0,0,0,0,0,.000,.000,.000,9999
W ,Josue Huma 3B | CHC,0,0,0,0,0,0,0,0,0,0,0,0,.000,.000,.000,9999
W ,Quincy Hamilton CF | HOU,0,0,0,0,0,0,0,0,0,0,0,0,.000,.000,.000,9999
W ,Esteban Mejia 3B | TEX,0,0,0,0,0,0,0,0,0,0,0,0,.000,.000,.000,9999
W ,Adrian Placencia SS | LAA,0,0,0,0,0,0,0,0,0,0,0,0,.000,.000,.000,9999
W ,Danny Oh LF | ATH,0,0,0,0,0,0,0,0,0,0,0,0,.000,.000,.000,9999
W ,Isan Diaz 2B | DET,0,0,0,0,0,0,0,0,0,0,0,0,.000,.000,.000,9999
W ,Chase Calabuig RF | ATH,0,0,0,0,0,0,0,0,0,0,0,0,.000,.000,.000,9999
W ,Tyler Hill LF | COL,0,0,0,0,0,0,0,0,0,0,0,0,.000,.000,.000,9999
W ,Jordan Howard 2B | ARI,0,0,0,0,0,0,0,0,0,0,0,0,.000,.000,.000,9999
W ,Tucker Flint RF | LAA,0,0,0,0,0,0,0,0,0,0,0,0,.000,.000,.000,9999
W ,Anthony Alford LF | CIN,0,0,0,0,0,0,0,0,0,0,0,0,.000,.000,.000,9999
W ,Ambioris Tavarez SS | ATL,0,0,0,0,0,0,0,0,0,0,0,0,.000,.000,.000,9999
W ,Yunesky Sanchez SS | ARI,0,0,0,0,0,0,0,0,0,0,0,0,.000,.000,.000,9999
W ,Mark Mathias 2B | CIN,0,0,0,0,0,0,0,0,0,0,0,0,.000,.000,.000,9999
W ,Mike Fish CF | LAA,0,0,0,0,0,0,0,0,0,0,0,0,.000,.000,.000,9999
W ,Angel Genao SS | CLE,0,0,0,0,0,0,0,0,0,0,0,0,.000,.000,.000,9999
W ,Camden Duzenack SS | ARI,0,0,0,0,0,0,0,0,0,0,0,0,.000,.000,.000,9999
W ,Bryce Johnson RF | PIT,0,0,0,0,0,0,0,0,0,0,0,0,.000,.000,.000,9999
W ,Luis Toribio 3B | SF,0,0,0,0,0,0,0,0,0,0,0,0,.000,.000,.000,9999
W ,Jud Fabian CF | BAL,0,0,0,0,0,0,0,0,0,0,0,0,.000,.000,.000,9999
W ,Jose Barrero SS | STL ,0,0,0,0,0,0,0,0,0,0,0,0,.000,.000,.000,9999
W ,Demi Orimoloye RF | TOR,0,0,0,0,0,0,0,0,0,0,0,0,.000,.000,.000,9999
W ,Chase Luttrell RF | MIA,0,0,0,0,0,0,0,0,0,0,0,0,.000,.000,.000,9999
W ,Yhoxian Medina SS | CLE,0,0,0,0,0,0,0,0,0,0,0,0,.000,.000,.000,9999
W ,Adrian Hernandez RF | NYM,0,0,0,0,0,0,0,0,0,0,0,0,.000,.000,.000,9999
W ,Brent Diaz C | MIL,0,0,0,0,0,0,0,0,0,0,0,0,.000,.000,.000,9999
W ,Jonathan Ornelas 3B | TEX ,0,0,0,0,0,0,0,0,0,0,0,0,.000,.000,.000,9999
W ,Todd Lott RF | STL,0,0,0,0,0,0,0,0,0,0,0,0,.000,.000,.000,9999
W ,Sammy Hernandez C | STL,0,0,0,0,0,0,0,0,0,0,0,0,.000,.000,.000,9999
W ,Keegan McGovern LF | SEA,0,0,0,0,0,0,0,0,0,0,0,0,.000,.000,.000,9999
W ,Moises Ballesteros C | CHC,0,0,0,0,0,0,0,0,0,0,0,0,.000,.000,.000,9999
W ,Jeren Kendall CF | LAD,0,0,0,0,0,0,0,0,0,0,0,0,.000,.000,.000,9999
W ,Troy Montgomery RF | DET,0,0,0,0,0,0,0,0,0,0,0,0,.000,.000,.000,9999
W ,Malcom Nunez 3B | PIT,0,0,0,0,0,0,0,0,0,0,0,0,.000,.000,.000,9999
W ,Ruben Castro C | HOU,0,0,0,0,0,0,0,0,0,0,0,0,.000,.000,.000,9999
W ,Andre Lipcius 3B | CHW ,0,0,0,0,0,0,0,0,0,0,0,0,.000,.000,.000,9999
W ,Braeden Schlehuber C | ATL,0,0,0,0,0,0,0,0,0,0,0,0,.000,.000,.000,9999
W ,Garrett Stubbs C | PHI ,0,0,0,0,0,0,0,0,0,0,0,0,.000,.000,.000,9999
W ,Andres Angulo C | SF,0,0,0,0,0,0,0,0,0,0,0,0,.000,.000,.000,9999
W ,Vinny Siena 2B | NYM,0,0,0,0,0,0,0,0,0,0,0,0,.000,.000,.000,9999
W ,Victor Victor Mesa CF | MIA,0,0,0,0,0,0,0,0,0,0,0,0,.000,.000,.000,9999
W ,Juancito Martinez CF | MIA,0,0,0,0,0,0,0,0,0,0,0,0,.000,.000,.000,9999
W ,Luis Torres 1B | LAA,0,0,0,0,0,0,0,0,0,0,0,0,.000,.000,.000,9999
W ,George Valera RF | CLE,0,0,0,0,0,0,0,0,0,0,0,0,.000,.000,.000,9999
W ,Aaron Blanton SS | MIA,0,0,0,0,0,0,0,0,0,0,0,0,.000,.000,.000,9999
W ,Ismael Salgado CF | DET,0,0,0,0,0,0,0,0,0,0,0,0,.000,.000,.000,9999
W ,Rodolfo Duran C | SD,0,0,0,0,0,0,0,0,0,0,0,0,.000,.000,.000,9999
W ,Enmanuel Zabala LF | NYM,0,0,0,0,0,0,0,0,0,0,0,0,.000,.000,.000,9999
W ,Rodrigo Vigil C | MIA,0,0,0,0,0,0,0,0,0,0,0,0,.000,.000,.000,9999
W ,Garrett Boulware C | CIN,0,0,0,0,0,0,0,0,0,0,0,0,.000,.000,.000,9999
W ,Claudio Finol 3B | CIN,0,0,0,0,0,0,0,0,0,0,0,0,.000,.000,.000,9999
W ,Zach Levenson LF | STL,0,0,0,0,0,0,0,0,0,0,0,0,.000,.000,.000,9999
W ,Zach Kokoska RF | COL,0,0,0,0,0,0,0,0,0,0,0,0,.000,.000,.000,9999
W ,Connor Hollis 2B | SD,0,0,0,0,0,0,0,0,0,0,0,0,.000,.000,.000,9999
W ,Curt Casali C | ATL ,0,0,0,0,0,0,0,0,0,0,0,0,.000,.000,.000,9999
W ,Hendrik Clementina C | ATL,0,0,0,0,0,0,0,0,0,0,0,0,.000,.000,.000,9999
W ,Ryan Fitzgerald 2B | MIN,0,0,0,0,0,0,0,0,0,0,0,0,.000,.000,.000,9999
W ,Will Banfield C | CIN,0,0,0,0,0,0,0,0,0,0,0,0,.000,.000,.000,9999
W ,Jeison Guzman SS | KC,0,0,0,0,0,0,0,0,0,0,0,0,.000,.000,.000,9999
W ,Noelvi Marte 3B | CIN,0,0,0,0,0,0,0,0,0,0,0,0,.000,.000,.000,9999
W ,Ian Lewis 2B | MIA,0,0,0,0,0,0,0,0,0,0,0,0,.000,.000,.000,9999
W ,Jodd Carter RF | CLE,0,0,0,0,0,0,0,0,0,0,0,0,.000,.000,.000,9999
W ,Carlos Jorge CF | CIN,0,0,0,0,0,0,0,0,0,0,0,0,.000,.000,.000,9999
W ,Ryan Gebhardt 2B | ARI,0,0,0,0,0,0,0,0,0,0,0,0,.000,.000,.000,9999
W ,Royce Bolinger RF | TEX,0,0,0,0,0,0,0,0,0,0,0,0,.000,.000,.000,9999
W ,Jason Pineda 1B | SD,0,0,0,0,0,0,0,0,0,0,0,0,.000,.000,.000,9999
W ,Abraham Gutierrez C | PIT,0,0,0,0,0,0,0,0,0,0,0,0,.000,.000,.000,9999
W ,Jean Carmona 2B | MIL,0,0,0,0,0,0,0,0,0,0,0,0,.000,.000,.000,9999
W ,Francisco Vilorio CF | NYY,0,0,0,0,0,0,0,0,0,0,0,0,.000,.000,.000,9999
W ,Bobby Ison CF | CLE,0,0,0,0,0,0,0,0,0,0,0,0,.000,.000,.000,9999
W ,Logan Landon CF | LAD,0,0,0,0,0,0,0,0,0,0,0,0,.000,.000,.000,9999
W ,Walker Jenkins CF | MIN ,0,0,0,0,0,0,0,0,0,0,0,0,.000,.000,.000,9999
W ,Ademar Rifaela RF | BAL,0,0,0,0,0,0,0,0,0,0,0,0,.000,.000,.000,9999
W ,Blake Wright SS | COL,0,0,0,0,0,0,0,0,0,0,0,0,.000,.000,.000,9999
W ,Kleimir Lemos SS | TEX,0,0,0,0,0,0,0,0,0,0,0,0,.000,.000,.000,9999
W ,Keiner Delgado SS | PIT,0,0,0,0,0,0,0,0,0,0,0,0,.000,.000,.000,9999
W ,Matt Williams SS | LAA,0,0,0,0,0,0,0,0,0,0,0,0,.000,.000,.000,9999
W ,Tommy Sacco SS | HOU,0,0,0,0,0,0,0,0,0,0,0,0,.000,.000,.000,9999
W ,Tyler Cropley C | KC,0,0,0,0,0,0,0,0,0,0,0,0,.000,.000,.000,9999
W ,Japhet Amador 1B | HOU,0,0,0,0,0,0,0,0,0,0,0,0,.000,.000,.000,9999
W ,Jose Monzon SS | TB,0,0,0,0,0,0,0,0,0,0,0,0,.000,.000,.000,9999
W ,Anthony Jimenez CF | SEA,0,0,0,0,0,0,0,0,0,0,0,0,.000,.000,.000,9999
W ,Cole Zabowski 1B | COL,0,0,0,0,0,0,0,0,0,0,0,0,.000,.000,.000,9999
W ,Brady Lindsly C | WAS,0,0,0,0,0,0,0,0,0,0,0,0,.000,.000,.000,9999
W ,Willie MacIver C | ATH,0,0,0,0,0,0,0,0,0,0,0,0,.000,.000,.000,9999
W ,Eric Rodriguez C | CLE,0,0,0,0,0,0,0,0,0,0,0,0,.000,.000,.000,9999
W ,Jared Young 1B | NYM,0,0,0,0,0,0,0,0,0,0,0,0,.000,.000,.000,9999
W ,Kevin Josephina 2B | ATL,0,0,0,0,0,0,0,0,0,0,0,0,.000,.000,.000,9999
W ,Kellen Strahm CF | TEX,0,0,0,0,0,0,0,0,0,0,0,0,.000,.000,.000,9999
W ,Glenallen Hill Jr. SS | COL,0,0,0,0,0,0,0,0,0,0,0,0,.000,.000,.000,9999
W ,Nick McLain RF | CHW,0,0,0,0,0,0,0,0,0,0,0,0,.000,.000,.000,9999
W ,Spencer Packard LF | SEA,0,0,0,0,0,0,0,0,0,0,0,0,.000,.000,.000,9999
W ,Casey Martin SS | MIL,0,0,0,0,0,0,0,0,0,0,0,0,.000,.000,.000,9999
W ,Dylan Hardy LF | BOS,0,0,0,0,0,0,0,0,0,0,0,0,.000,.000,.000,9999
W ,Matt Fraizer CF | PIT,0,0,0,0,0,0,0,0,0,0,0,0,.000,.000,.000,9999
W ,Titus Dumitru RF | ATL,0,0,0,0,0,0,0,0,0,0,0,0,.000,.000,.000,9999
W ,Tavian Josenberger 2B | BAL,0,0,0,0,0,0,0,0,0,0,0,0,.000,.000,.000,9999
W ,Tyler Reichenborn LF | STL,0,0,0,0,0,0,0,0,0,0,0,0,.000,.000,.000,9999
W ,Trevor Boone RF | COL,0,0,0,0,0,0,0,0,0,0,0,0,.000,.000,.000,9999
W ,Jorge Alfaro DH | MIL ,0,0,0,0,0,0,0,0,0,0,0,0,.000,.000,.000,9999
W ,Jordan Sanchez RF | BAL,0,0,0,0,0,0,0,0,0,0,0,0,.000,.000,.000,9999
W ,Andrew Pinckney CF | WAS,0,0,0,0,0,0,0,0,0,0,0,0,.000,.000,.000,9999
W ,Eugene Helder SS | SEA,0,0,0,0,0,0,0,0,0,0,0,0,.000,.000,.000,9999
W ,Rougned Jose Odor 2B | TEX,0,0,0,0,0,0,0,0,0,0,0,0,.000,.000,.000,9999
W ,Zach Humphreys C | LAA,0,0,0,0,0,0,0,0,0,0,0,0,.000,.000,.000,9999
W ,Vance Honeycutt CF | BAL,0,0,0,0,0,0,0,0,0,0,0,0,.000,.000,.000,9999
W ,Wesley Jones 2B | COL,0,0,0,0,0,0,0,0,0,0,0,0,.000,.000,.000,9999
W ,Andres Sthormes C | MIA,0,0,0,0,0,0,0,0,0,0,0,0,.000,.000,.000,9999
W ,Cristofer Torin SS | ARI,0,0,0,0,0,0,0,0,0,0,0,0,.000,.000,.000,9999
W ,Ivan Melendez 3B | ARI,0,0,0,0,0,0,0,0,0,0,0,0,.000,.000,.000,9999
W ,Conner Capel RF | ATL,0,0,0,0,0,0,0,0,0,0,0,0,.000,.000,.000,9999
W ,Austin Upshaw 2B | CHC,0,0,0,0,0,0,0,0,0,0,0,0,.000,.000,.000,9999
W ,Jeffrey Ramos LF | ATL,0,0,0,0,0,0,0,0,0,0,0,0,.000,.000,.000,9999
W ,Rodney Green CF | ATH,0,0,0,0,0,0,0,0,0,0,0,0,.000,.000,.000,9999
W ,Cito Culver SS | MIA,0,0,0,0,0,0,0,0,0,0,0,0,.000,.000,.000,9999
W ,Beyker Pastran SS | MIL,0,0,0,0,0,0,0,0,0,0,0,0,.000,.000,.000,9999
W ,Jordan Cowan 2B | ATL,0,0,0,0,0,0,0,0,0,0,0,0,.000,.000,.000,9999
W ,Alexander Campos SS | ATH,0,0,0,0,0,0,0,0,0,0,0,0,.000,.000,.000,9999
W ,Manny Jefferson 2B | ARI,0,0,0,0,0,0,0,0,0,0,0,0,.000,.000,.000,9999
W ,Ryan Howard SS | SF,0,0,0,0,0,0,0,0,0,0,0,0,.000,.000,.000,9999
W ,Jose Rojas 3B | NYY,0,0,0,0,0,0,0,0,0,0,0,0,.000,.000,.000,9999
W ,Mikey Romero SS | BOS,0,0,0,0,0,0,0,0,0,0,0,0,.000,.000,.000,9999
W ,Omar Hernandez C | KC,0,0,0,0,0,0,0,0,0,0,0,0,.000,.000,.000,9999
W ,Blake Drake RF | STL,0,0,0,0,0,0,0,0,0,0,0,0,.000,.000,.000,9999
W ,Cade Marlowe RF | SEA,0,0,0,0,0,0,0,0,0,0,0,0,.000,.000,.000,9999
W ,Bengie Gonzalez SS | WAS,0,0,0,0,0,0,0,0,0,0,0,0,.000,.000,.000,9999
W ,Adam Hall RF | MIL,0,0,0,0,0,0,0,0,0,0,0,0,.000,.000,.000,9999
W ,Brendon Sanger RF | LAA,0,0,0,0,0,0,0,0,0,0,0,0,.000,.000,.000,9999
W ,Jose Carlos Urena RF | SD,0,0,0,0,0,0,0,0,0,0,0,0,.000,.000,.000,9999
W ,Braylin Morel RF | TEX,0,0,0,0,0,0,0,0,0,0,0,0,.000,.000,.000,9999
W ,D.J. Hicks 1B | MIN,0,0,0,0,0,0,0,0,0,0,0,0,.000,.000,.000,9999
W ,Brian Anderson RF | ATL,0,0,0,0,0,0,0,0,0,0,0,0,.000,.000,.000,9999
W ,Jordan Betts 3B | BOS,0,0,0,0,0,0,0,0,0,0,0,0,.000,.000,.000,9999
W ,Ryan Scott LF | BOS,0,0,0,0,0,0,0,0,0,0,0,0,.000,.000,.000,9999
W ,Garrett Weber SS | ARI,0,0,0,0,0,0,0,0,0,0,0,0,.000,.000,.000,9999
W ,C.J. Cron 1B | BOS,0,0,0,0,0,0,0,0,0,0,0,0,.000,.000,.000,9999
W ,Ryan Burrowes SS | CHW,0,0,0,0,0,0,0,0,0,0,0,0,.000,.000,.000,9999
W ,Marlin Made CF | CLE,0,0,0,0,0,0,0,0,0,0,0,0,.000,.000,.000,9999
W ,Jose Bonilla SS | LAA,0,0,0,0,0,0,0,0,0,0,0,0,.000,.000,.000,9999
W ,Dominic Abbadessa CF | TOR,0,0,0,0,0,0,0,0,0,0,0,0,.000,.000,.000,9999
W ,Alsander Womack 2B | CHW,0,0,0,0,0,0,0,0,0,0,0,0,.000,.000,.000,9999
W ,Jordan Nwogu CF | CHC,0,0,0,0,0,0,0,0,0,0,0,0,.000,.000,.000,9999
W ,Jackson Strong CF | DET,0,0,0,0,0,0,0,0,0,0,0,0,.000,.000,.000,9999
W ,Isaac Ballou LF | WAS,0,0,0,0,0,0,0,0,0,0,0,0,.000,.000,.000,9999
W ,Imanol Vargas LF | PIT,0,0,0,0,0,0,0,0,0,0,0,0,.000,.000,.000,9999
W ,Bryce Willits 3B | CHW,0,0,0,0,0,0,0,0,0,0,0,0,.000,.000,.000,9999
W ,Yassel Soler 3B | ARI,0,0,0,0,0,0,0,0,0,0,0,0,.000,.000,.000,9999
W ,Nathaniel Hickey C | BOS,0,0,0,0,0,0,0,0,0,0,0,0,.000,.000,.000,9999
W ,Jim Haley 3B | PHI,0,0,0,0,0,0,0,0,0,0,0,0,.000,.000,.000,9999
W ,Rubi Silva CF | CHC,0,0,0,0,0,0,0,0,0,0,0,0,.000,.000,.000,9999
W ,Kevin Parada C | NYM,0,0,0,0,0,0,0,0,0,0,0,0,.000,.000,.000,9999
W ,Tyler Herron C | TB,0,0,0,0,0,0,0,0,0,0,0,0,.000,.000,.000,9999
W ,"Jake Cave LF,RF | COL",0,0,0,0,0,0,0,0,0,0,0,0,.000,.000,.000,9999
W ,Carlos Linarez C | STL,0,0,0,0,0,0,0,0,0,0,0,0,.000,.000,.000,9999
W ,Garrett Martin RF | NYY,0,0,0,0,0,0,0,0,0,0,0,0,.000,.000,.000,9999
W ,Junior Sanquintin SS | CLE,0,0,0,0,0,0,0,0,0,0,0,0,.000,.000,.000,9999
W ,Sammy Faltine 2B | CIN,0,0,0,0,0,0,0,0,0,0,0,0,.000,.000,.000,9999
W ,Willy Yahn 3B | BAL,0,0,0,0,0,0,0,0,0,0,0,0,.000,.000,.000,9999
W ,Alan Trejo 2B | TEX,0,0,0,0,0,0,0,0,0,0,0,0,.000,.000,.000,9999
W ,Termarr Johnson 2B | PIT ,0,0,0,0,0,0,0,0,0,0,0,0,.000,.000,.000,9999
W ,Uziel Viloria SS | PHI,0,0,0,0,0,0,0,0,0,0,0,0,.000,.000,.000,9999
W ,Evan Marzilli CF | CHC,0,0,0,0,0,0,0,0,0,0,0,0,.000,.000,.000,9999
W ,Andy Perez SS | COL,0,0,0,0,0,0,0,0,0,0,0,0,.000,.000,.000,9999
W ,Drew Vettleson RF | WAS,0,0,0,0,0,0,0,0,0,0,0,0,.000,.000,.000,9999
W ,Nerio Rodriguez C | HOU,0,0,0,0,0,0,0,0,0,0,0,0,.000,.000,.000,9999
W ,Adam Walton 3B | ARI,0,0,0,0,0,0,0,0,0,0,0,0,.000,.000,.000,9999
W ,Jeremy Martinez C | STL,0,0,0,0,0,0,0,0,0,0,0,0,.000,.000,.000,9999
W ,Seth Harrison CF | SF,0,0,0,0,0,0,0,0,0,0,0,0,.000,.000,.000,9999
W ,Hutton Moyer 2B | LAA,0,0,0,0,0,0,0,0,0,0,0,0,.000,.000,.000,9999
W ,Jakey Josepha SS | ARI,0,0,0,0,0,0,0,0,0,0,0,0,.000,.000,.000,9999
W ,Gabriel Quintana 3B | DET,0,0,0,0,0,0,0,0,0,0,0,0,.000,.000,.000,9999
W ,Dennis Raben 1B | SEA,0,0,0,0,0,0,0,0,0,0,0,0,.000,.000,.000,9999
W ,Jared Foster RF | LAA,0,0,0,0,0,0,0,0,0,0,0,0,.000,.000,.000,9999
W ,Guy Lipscomb CF | CLE,0,0,0,0,0,0,0,0,0,0,0,0,.000,.000,.000,9999
W ,Jordan Serena SS | LAA,0,0,0,0,0,0,0,0,0,0,0,0,.000,.000,.000,9999
W ,Rece Hinds RF | CIN,0,0,0,0,0,0,0,0,0,0,0,0,.000,.000,.000,9999
W ,Jared Thomas LF | COL,0,0,0,0,0,0,0,0,0,0,0,0,.000,.000,.000,9999
W ,Matt Beaty 1B | KC,0,0,0,0,0,0,0,0,0,0,0,0,.000,.000,.000,9999
W ,Eric De La Rosa RF | DET,0,0,0,0,0,0,0,0,0,0,0,0,.000,.000,.000,9999
W ,Omar Obregon 2B | ATL,0,0,0,0,0,0,0,0,0,0,0,0,.000,.000,.000,9999
W ,Zack Zehner LF | NYY,0,0,0,0,0,0,0,0,0,0,0,0,.000,.000,.000,9999
W ,Levi Hyams 1B | ATL,0,0,0,0,0,0,0,0,0,0,0,0,.000,.000,.000,9999
W ,Victor Ngoepe SS | PIT,0,0,0,0,0,0,0,0,0,0,0,0,.000,.000,.000,9999
W ,Will Robertson RF | TOR,0,0,0,0,0,0,0,0,0,0,0,0,.000,.000,.000,9999
W ,Marcos Brito SS | ATH,0,0,0,0,0,0,0,0,0,0,0,0,.000,.000,.000,9999
W ,Jonathan Reynoso CF | CIN,0,0,0,0,0,0,0,0,0,0,0,0,.000,.000,.000,9999
W ,Ryan Waldschmidt LF | ARI,0,0,0,0,0,0,0,0,0,0,0,0,.000,.000,.000,9999
W ,Omar Martinez C | NYY,0,0,0,0,0,0,0,0,0,0,0,0,.000,.000,.000,9999
W ,Grayson Byrd SS | CHC,0,0,0,0,0,0,0,0,0,0,0,0,.000,.000,.000,9999
W ,Ryan Dent 2B | CHC,0,0,0,0,0,0,0,0,0,0,0,0,.000,.000,.000,9999
W ,Jack Herman LF | PIT,0,0,0,0,0,0,0,0,0,0,0,0,.000,.000,.000,9999
W ,Luke Tendler LF | BOS,0,0,0,0,0,0,0,0,0,0,0,0,.000,.000,.000,9999
W ,Roy Morales C | MIN,0,0,0,0,0,0,0,0,0,0,0,0,.000,.000,.000,9999
W ,Johmbeyker Morales SS | SEA,0,0,0,0,0,0,0,0,0,0,0,0,.000,.000,.000,9999
W ,Mikey Duarte SS | CHW,0,0,0,0,0,0,0,0,0,0,0,0,.000,.000,.000,9999
W ,Logan Taylor 3B | SEA,0,0,0,0,0,0,0,0,0,0,0,0,.000,.000,.000,9999
W ,Josh Tobias 2B | BOS,0,0,0,0,0,0,0,0,0,0,0,0,.000,.000,.000,9999
W ,Everson Pereira LF | NYY,0,0,0,0,0,0,0,0,0,0,0,0,.000,.000,.000,9999
W ,Jake Means 3B | KC,0,0,0,0,0,0,0,0,0,0,0,0,.000,.000,.000,9999
W ,Bradlee Beesley LF | CHC,0,0,0,0,0,0,0,0,0,0,0,0,.000,.000,.000,9999
W ,Miguel Hiraldo 2B | TOR,0,0,0,0,0,0,0,0,0,0,0,0,.000,.000,.000,9999
W ,George Feliz CF | SEA,0,0,0,0,0,0,0,0,0,0,0,0,.000,.000,.000,9999
W ,Alexeis Azuaje 2B | PHI,0,0,0,0,0,0,0,0,0,0,0,0,.000,.000,.000,9999
W ,Ricardo Olivar C | MIN,0,0,0,0,0,0,0,0,0,0,0,0,.000,.000,.000,9999
W ,Josue Briceno C | DET,0,0,0,0,0,0,0,0,0,0,0,0,.000,.000,.000,9999
W ,David Fletcher 2B | ATL,0,0,0,0,0,0,0,0,0,0,0,0,.000,.000,.000,9999
W ,B.J. Lopez C | MIA,0,0,0,0,0,0,0,0,0,0,0,0,.000,.000,.000,9999
W ,Anthony Churlin LF | ATH,0,0,0,0,0,0,0,0,0,0,0,0,.000,.000,.000,9999
W ,Alvaro Rubalcaba 2B | LAA,0,0,0,0,0,0,0,0,0,0,0,0,.000,.000,.000,9999
W ,Marten Gasparini SS | KC,0,0,0,0,0,0,0,0,0,0,0,0,.000,.000,.000,9999
W ,Skye Bolt CF | ATL,0,0,0,0,0,0,0,0,0,0,0,0,.000,.000,.000,9999
W ,Rosman Verdugo 3B | SD,0,0,0,0,0,0,0,0,0,0,0,0,.000,.000,.000,9999
W ,Jeferson Morales C | MIN ,0,0,0,0,0,0,0,0,0,0,0,0,.000,.000,.000,9999
W ,Luke Wakamatsu SS | CLE,0,0,0,0,0,0,0,0,0,0,0,0,.000,.000,.000,9999
W ,Nick Montgomery C | ATL,0,0,0,0,0,0,0,0,0,0,0,0,.000,.000,.000,9999
W ,Vince Fernandez LF | ATH,0,0,0,0,0,0,0,0,0,0,0,0,.000,.000,.000,9999
W ,Adam Retzbach C | BAL,0,0,0,0,0,0,0,0,0,0,0,0,.000,.000,.000,9999
W ,Dario Pizzano LF | NYM,0,0,0,0,0,0,0,0,0,0,0,0,.000,.000,.000,9999
W ,Evan White 1B | LAA ,0,0,0,0,0,0,0,0,0,0,0,0,.000,.000,.000,9999
W ,Benjamin Cowles SS | CHC,0,0,0,0,0,0,0,0,0,0,0,0,.000,.000,.000,9999
W ,Christopher Bec C | TOR,0,0,0,0,0,0,0,0,0,0,0,0,.000,.000,.000,9999
W ,Parker Chavers CF | CHC,0,0,0,0,0,0,0,0,0,0,0,0,.000,.000,.000,9999
W ,Aaron Palensky RF | NYY,0,0,0,0,0,0,0,0,0,0,0,0,.000,.000,.000,9999
W ,Alex Yarbrough 2B | MIA,0,0,0,0,0,0,0,0,0,0,0,0,.000,.000,.000,9999
W ,Drew Lugbauer 1B | ATH,0,0,0,0,0,0,0,0,0,0,0,0,.000,.000,.000,9999
W ,Gage Miller 2B | MIA,0,0,0,0,0,0,0,0,0,0,0,0,.000,.000,.000,9999
W ,Michael Suchy RF | PIT,0,0,0,0,0,0,0,0,0,0,0,0,.000,.000,.000,9999
W ,Preston Tucker LF | SD,0,0,0,0,0,0,0,0,0,0,0,0,.000,.000,.000,9999
W ,Jesus Rodriguez C | NYY,0,0,0,0,0,0,0,0,0,0,0,0,.000,.000,.000,9999
W ,Jason Leblebijian 2B | TOR,0,0,0,0,0,0,0,0,0,0,0,0,.000,.000,.000,9999
W ,Blake Rambusch 3B | SEA,0,0,0,0,0,0,0,0,0,0,0,0,.000,.000,.000,9999
W ,Trey Lipscomb 3B | WAS ,0,0,0,0,0,0,0,0,0,0,0,0,.000,.000,.000,9999
W ,Kyri Washington LF | BOS,0,0,0,0,0,0,0,0,0,0,0,0,.000,.000,.000,9999
W ,Marco Luciano SS | SF,0,0,0,0,0,0,0,0,0,0,0,0,.000,.000,.000,9999
W ,Arxy Hernandez 3B | CHW,0,0,0,0,0,0,0,0,0,0,0,0,.000,.000,.000,9999
W ,Wes Kath 3B | CHW,0,0,0,0,0,0,0,0,0,0,0,0,.000,.000,.000,9999
W ,Herbert Iser C | PHI,0,0,0,0,0,0,0,0,0,0,0,0,.000,.000,.000,9999
W ,Samuel Zavala CF | CHW,0,0,0,0,0,0,0,0,0,0,0,0,.000,.000,.000,9999
W ,Luis Meza C | TOR,0,0,0,0,0,0,0,0,0,0,0,0,.000,.000,.000,9999
W ,Cabera Weaver CF | CHW,0,0,0,0,0,0,0,0,0,0,0,0,.000,.000,.000,9999
W ,Gus Steiger SS | CIN,0,0,0,0,0,0,0,0,0,0,0,0,.000,.000,.000,9999
W ,Gustavo Polanco C | CHC,0,0,0,0,0,0,0,0,0,0,0,0,.000,.000,.000,9999
W ,P.J. Hilson RF | PIT,0,0,0,0,0,0,0,0,0,0,0,0,.000,.000,.000,9999
W ,Vicente Conde SS | NYY,0,0,0,0,0,0,0,0,0,0,0,0,.000,.000,.000,9999
W ,Alex Mooney 3B | CLE,0,0,0,0,0,0,0,0,0,0,0,0,.000,.000,.000,9999
W ,Jesus Bugarin RF | COL,0,0,0,0,0,0,0,0,0,0,0,0,.000,.000,.000,9999
W ,Carlos Penalver 2B | CHC,0,0,0,0,0,0,0,0,0,0,0,0,.000,.000,.000,9999
W ,Thomas Jones RF | MIA,0,0,0,0,0,0,0,0,0,0,0,0,.000,.000,.000,9999
W ,Trey Michalczewski 3B | CHW,0,0,0,0,0,0,0,0,0,0,0,0,.000,.000,.000,9999
W ,Dean Nevarez C | SEA,0,0,0,0,0,0,0,0,0,0,0,0,.000,.000,.000,9999
W ,Miguel Hernandez SS | CIN,0,0,0,0,0,0,0,0,0,0,0,0,.000,.000,.000,9999
W ,Diego Cedeno RF | TEX,0,0,0,0,0,0,0,0,0,0,0,0,.000,.000,.000,9999
W ,Armando Cruz SS | WAS,0,0,0,0,0,0,0,0,0,0,0,0,.000,.000,.000,9999
W ,Jean Segura 3B | CLE,0,0,0,0,0,0,0,0,0,0,0,0,.000,.000,.000,9999
W ,Kristian Robinson RF | ARI,0,0,0,0,0,0,0,0,0,0,0,0,.000,.000,.000,9999
W ,Mark Karaviotis SS | ARI,0,0,0,0,0,0,0,0,0,0,0,0,.000,.000,.000,9999
W ,John Spikerman RF | PHI,0,0,0,0,0,0,0,0,0,0,0,0,.000,.000,.000,9999
W ,Konnor Griffin SS | PIT,0,0,0,0,0,0,0,0,0,0,0,0,.000,.000,.000,9999
W ,Elih Marrero C | BOS,0,0,0,0,0,0,0,0,0,0,0,0,.000,.000,.000,9999
W ,Thomas Dillard C | MIL,0,0,0,0,0,0,0,0,0,0,0,0,.000,.000,.000,9999
W ,Kyler Murray CF | ATH,0,0,0,0,0,0,0,0,0,0,0,0,.000,.000,.000,9999
W ,Brice Matthews SS | HOU,0,0,0,0,0,0,0,0,0,0,0,0,.000,.000,.000,9999
W ,Terrell Tatum RF | CHW,0,0,0,0,0,0,0,0,0,0,0,0,.000,.000,.000,9999
W ,Caleb Farmer C | WAS,0,0,0,0,0,0,0,0,0,0,0,0,.000,.000,.000,9999
W ,Bo Way CF | LAA,0,0,0,0,0,0,0,0,0,0,0,0,.000,.000,.000,9999
W ,Spencer Nivens LF | KC,0,0,0,0,0,0,0,0,0,0,0,0,.000,.000,.000,9999
W ,Kavares Tears RF | SD,0,0,0,0,0,0,0,0,0,0,0,0,.000,.000,.000,9999
W ,"Garrett Hampson 2B,CF,LF | ARI ",0,0,0,0,0,0,0,0,0,0,0,0,.000,.000,.000,9999
W ,"Adam Duvall LF,RF | ATL",0,0,0,0,0,0,0,0,0,0,0,0,.000,.000,.000,9999
W ,Blake Tiberi 3B | NYM,0,0,0,0,0,0,0,0,0,0,0,0,.000,.000,.000,9999
W ,Shawn Goosenberg SS | CHW,0,0,0,0,0,0,0,0,0,0,0,0,.000,.000,.000,9999
W ,Brett Callahan LF | DET,0,0,0,0,0,0,0,0,0,0,0,0,.000,.000,.000,9999
W ,Simon Rodriguez RF | CLE,0,0,0,0,0,0,0,0,0,0,0,0,.000,.000,.000,9999
W ,Nazzan Zanetello SS | BOS,0,0,0,0,0,0,0,0,0,0,0,0,.000,.000,.000,9999
W ,Jorbit Vivas 2B | NYY ,0,0,0,0,0,0,0,0,0,0,0,0,.000,.000,.000,9999
W ,Thomas Spitz CF | STL,0,0,0,0,0,0,0,0,0,0,0,0,.000,.000,.000,9999
W ,Michael Papierski C | SEA,0,0,0,0,0,0,0,0,0,0,0,0,.000,.000,.000,9999
W ,Ramiro Rodriguez LF | HOU,0,0,0,0,0,0,0,0,0,0,0,0,.000,.000,.000,9999
W ,Carl Wise 3B | TOR,0,0,0,0,0,0,0,0,0,0,0,0,.000,.000,.000,9999
W ,Noah Miller SS | LAD,0,0,0,0,0,0,0,0,0,0,0,0,.000,.000,.000,9999
W ,C.J. Retherford 3B | LAD,0,0,0,0,0,0,0,0,0,0,0,0,.000,.000,.000,9999
W ,Barrett Kleinknecht 3B | ATL,0,0,0,0,0,0,0,0,0,0,0,0,.000,.000,.000,9999
W ,Yolmer Sanchez 2B | LAA,0,0,0,0,0,0,0,0,0,0,0,0,.000,.000,.000,9999
W ,Andrew Salas SS | MIA,0,0,0,0,0,0,0,0,0,0,0,0,.000,.000,.000,9999
W ,Joshua Baez RF | STL,0,0,0,0,0,0,0,0,0,0,0,0,.000,.000,.000,9999
W ,Kevin Plawecki C | TEX,0,0,0,0,0,0,0,0,0,0,0,0,.000,.000,.000,9999
W ,Tim Remes C | DET,0,0,0,0,0,0,0,0,0,0,0,0,.000,.000,.000,9999
W ,Bladimir Restituyo CF | MIL,0,0,0,0,0,0,0,0,0,0,0,0,.000,.000,.000,9999
W ,Tanner Dodson CF | ATH,0,0,0,0,0,0,0,0,0,0,0,0,.000,.000,.000,9999
W ,Josh Vidales 2B | ATH,0,0,0,0,0,0,0,0,0,0,0,0,.000,.000,.000,9999
W ,Jaquez Williams 1B | SD,0,0,0,0,0,0,0,0,0,0,0,0,.000,.000,.000,9999
W ,Chad Oberacker LF | ARI,0,0,0,0,0,0,0,0,0,0,0,0,.000,.000,.000,9999
W ,Diego Tornes RF | ATL,0,0,0,0,0,0,0,0,0,0,0,0,.000,.000,.000,9999
W ,Brock Rodden 2B | SEA,0,0,0,0,0,0,0,0,0,0,0,0,.000,.000,.000,9999
W ,Grant Little CF | SD,0,0,0,0,0,0,0,0,0,0,0,0,.000,.000,.000,9999
W ,Noah Myers LF | TB,0,0,0,0,0,0,0,0,0,0,0,0,.000,.000,.000,9999
W ,Carlos Rodriguez LF | ATL,0,0,0,0,0,0,0,0,0,0,0,0,.000,.000,.000,9999
W ,Diego Castillo 3B | MIN ,0,0,0,0,0,0,0,0,0,0,0,0,.000,.000,.000,9999
W ,Sammy Stafura SS | CIN,0,0,0,0,0,0,0,0,0,0,0,0,.000,.000,.000,9999
W ,Chad Christensen 1B | MIN,0,0,0,0,0,0,0,0,0,0,0,0,.000,.000,.000,9999
W ,Cameron Flynn CF | MIA,0,0,0,0,0,0,0,0,0,0,0,0,.000,.000,.000,9999
W ,Jesus Parra 3B | MIL,0,0,0,0,0,0,0,0,0,0,0,0,.000,.000,.000,9999
W ,Nelson Rada CF | LAA,0,0,0,0,0,0,0,0,0,0,0,0,.000,.000,.000,9999
W ,Felix Negueis RF | NYY,0,0,0,0,0,0,0,0,0,0,0,0,.000,.000,.000,9999
W ,Cole Daily SS | WAS,0,0,0,0,0,0,0,0,0,0,0,0,.000,.000,.000,9999
W ,Taylor Hawkins C | TB,0,0,0,0,0,0,0,0,0,0,0,0,.000,.000,.000,9999
W ,Jalen Miller 2B | ATL,0,0,0,0,0,0,0,0,0,0,0,0,.000,.000,.000,9999
W ,Jameson Fisher LF | CHW,0,0,0,0,0,0,0,0,0,0,0,0,.000,.000,.000,9999
W ,Jay Baum 3B | SEA,0,0,0,0,0,0,0,0,0,0,0,0,.000,.000,.000,9999
W ,Diego Benitez SS | ATL,0,0,0,0,0,0,0,0,0,0,0,0,.000,.000,.000,9999
W ,Bryce Denton LF | STL,0,0,0,0,0,0,0,0,0,0,0,0,.000,.000,.000,9999
W ,Nick Van Stratten RF | KC,0,0,0,0,0,0,0,0,0,0,0,0,.000,.000,.000,9999
W ,Jayson Bass CF | MIN,0,0,0,0,0,0,0,0,0,0,0,0,.000,.000,.000,9999
W ,Shane Hoelscher 3B | COL,0,0,0,0,0,0,0,0,0,0,0,0,.000,.000,.000,9999
W ,Jackie Bradley Jr. CF | KC,0,0,0,0,0,0,0,0,0,0,0,0,.000,.000,.000,9999
W ,Champ Stuart CF | NYM,0,0,0,0,0,0,0,0,0,0,0,0,.000,.000,.000,9999
W ,Angel Ortiz RF | ARI,0,0,0,0,0,0,0,0,0,0,0,0,.000,.000,.000,9999
W ,Aaron Barbosa CF | SEA,0,0,0,0,0,0,0,0,0,0,0,0,.000,.000,.000,9999
W ,Anthony Servideo 2B | BAL,0,0,0,0,0,0,0,0,0,0,0,0,.000,.000,.000,9999
W ,Nick Longhi 1B | COL,0,0,0,0,0,0,0,0,0,0,0,0,.000,.000,.000,9999
W ,Felix Valerio LF | MIL,0,0,0,0,0,0,0,0,0,0,0,0,.000,.000,.000,9999
W ,Stephen Perez SS | WAS,0,0,0,0,0,0,0,0,0,0,0,0,.000,.000,.000,9999
W ,Johan Lopez SS | TB,0,0,0,0,0,0,0,0,0,0,0,0,.000,.000,.000,9999
W ,Mike Sirota CF | CIN,0,0,0,0,0,0,0,0,0,0,0,0,.000,.000,.000,9999
W ,Jacob Schrader 1B | ATL,0,0,0,0,0,0,0,0,0,0,0,0,.000,.000,.000,9999
W ,Brandt Stallings 1B | CIN,0,0,0,0,0,0,0,0,0,0,0,0,.000,.000,.000,9999
W ,Jack Moss LF | CIN,0,0,0,0,0,0,0,0,0,0,0,0,.000,.000,.000,9999
W ,Lucas Herbert C | ARI,0,0,0,0,0,0,0,0,0,0,0,0,.000,.000,.000,9999
W ,Andy Weber 3B | ARI,0,0,0,0,0,0,0,0,0,0,0,0,.000,.000,.000,9999
W ,Raywilly Gomez C | NYM,0,0,0,0,0,0,0,0,0,0,0,0,.000,.000,.000,9999
W ,Matt Winaker 1B | NYM,0,0,0,0,0,0,0,0,0,0,0,0,.000,.000,.000,9999
W ,Rougned Odor 2B | SD,0,0,0,0,0,0,0,0,0,0,0,0,.000,.000,.000,9999
W ,Rhett Wiseman RF | WAS,0,0,0,0,0,0,0,0,0,0,0,0,.000,.000,.000,9999
W ,Ronaldo Hernandez C | NYY,0,0,0,0,0,0,0,0,0,0,0,0,.000,.000,.000,9999
W ,Luis Mendez 3B | TEX,0,0,0,0,0,0,0,0,0,0,0,0,.000,.000,.000,9999
W ,Sandy Leon C | ATL ,0,0,0,0,0,0,0,0,0,0,0,0,.000,.000,.000,9999
W ,Allan Castro CF | BOS,0,0,0,0,0,0,0,0,0,0,0,0,.000,.000,.000,9999
W ,Tre Richardson SS | STL,0,0,0,0,0,0,0,0,0,0,0,0,.000,.000,.000,9999
W ,Brallan Perez SS | ATH,0,0,0,0,0,0,0,0,0,0,0,0,.000,.000,.000,9999
W ,Ben Williamson 3B | SEA,0,0,0,0,0,0,0,0,0,0,0,0,.000,.000,.000,9999
W ,Leosdany Molina SS | HOU,0,0,0,0,0,0,0,0,0,0,0,0,.000,.000,.000,9999
W ,Kevin Kiermaier CF | LAD,0,0,0,0,0,0,0,0,0,0,0,0,.000,.000,.000,9999
W ,Neyfy Castillo 1B | ARI,0,0,0,0,0,0,0,0,0,0,0,0,.000,.000,.000,9999
W ,Gabriel Garcia 3B | MIL,0,0,0,0,0,0,0,0,0,0,0,0,.000,.000,.000,9999
W ,Andres Alvarez SS | PIT,0,0,0,0,0,0,0,0,0,0,0,0,.000,.000,.000,9999
W ,Kevin Ereu 2B | MIL,0,0,0,0,0,0,0,0,0,0,0,0,.000,.000,.000,9999
W ,Petey Halpin CF | CLE,0,0,0,0,0,0,0,0,0,0,0,0,.000,.000,.000,9999
W ,Franyerber Montilla SS | DET,0,0,0,0,0,0,0,0,0,0,0,0,.000,.000,.000,9999
W ,Juan Fernandez C | SD,0,0,0,0,0,0,0,0,0,0,0,0,.000,.000,.000,9999
W ,Aneury Tavarez RF | BOS,0,0,0,0,0,0,0,0,0,0,0,0,.000,.000,.000,9999
W ,C.J. Kayfus 1B | CLE,0,0,0,0,0,0,0,0,0,0,0,0,.000,.000,.000,9999
W ,Jose Mena C | NYM,0,0,0,0,0,0,0,0,0,0,0,0,.000,.000,.000,9999
W ,Won-Bin Cho CF | STL,0,0,0,0,0,0,0,0,0,0,0,0,.000,.000,.000,9999
W ,Thomas Coyle 2B | TB,0,0,0,0,0,0,0,0,0,0,0,0,.000,.000,.000,9999
W ,Brian O'Keefe C | KC,0,0,0,0,0,0,0,0,0,0,0,0,.000,.000,.000,9999
W ,Christian Donahue 2B | CHC,0,0,0,0,0,0,0,0,0,0,0,0,.000,.000,.000,9999
W ,Nova Valdez 3B | ATH,0,0,0,0,0,0,0,0,0,0,0,0,.000,.000,.000,9999
W ,Colin Davis LF | SEA,0,0,0,0,0,0,0,0,0,0,0,0,.000,.000,.000,9999
W ,Tanner Allen LF | MIA,0,0,0,0,0,0,0,0,0,0,0,0,.000,.000,.000,9999
W ,Douglas Hodo III CF | BAL,0,0,0,0,0,0,0,0,0,0,0,0,.000,.000,.000,9999
W ,David Lyon C | TEX,0,0,0,0,0,0,0,0,0,0,0,0,.000,.000,.000,9999
W ,Engelth Urena 1B | NYY,0,0,0,0,0,0,0,0,0,0,0,0,.000,.000,.000,9999
W ,Frank Perez CF | HOU,0,0,0,0,0,0,0,0,0,0,0,0,.000,.000,.000,9999
Walk-In Closets,Marcelo Mayer SS | BOS ,0,0,0,0,0,0,0,0,0,0,0,0,.000,.000,.000,9999
W ,Danuerys De La Cruz C | DET,0,0,0,0,0,0,0,0,0,0,0,0,.000,.000,.000,9999
W ,Tyler Payne C | CHC,0,0,0,0,0,0,0,0,0,0,0,0,.000,.000,.000,9999
W ,Aeverson Arteaga SS | SF,0,0,0,0,0,0,0,0,0,0,0,0,.000,.000,.000,9999
W ,Seaver King SS | WAS,0,0,0,0,0,0,0,0,0,0,0,0,.000,.000,.000,9999
W ,Grant Fink 3B | CLE,0,0,0,0,0,0,0,0,0,0,0,0,.000,.000,.000,9999
W ,Benny Montgomery CF | COL,0,0,0,0,0,0,0,0,0,0,0,0,.000,.000,.000,9999
W ,Carlos Vargas 3B | TB,0,0,0,0,0,0,0,0,0,0,0,0,.000,.000,.000,9999
W ,Sheng-Ping Chen SS | ARI,0,0,0,0,0,0,0,0,0,0,0,0,.000,.000,.000,9999
W ,Naibel Mariano SS | CIN,0,0,0,0,0,0,0,0,0,0,0,0,.000,.000,.000,9999
W ,"Tyler Nevin 1B,3B,LF,RF | ATH",0,0,0,0,0,0,0,0,0,0,0,0,.000,.000,.000,9999
W ,Kyler Castillo LF | MIA,0,0,0,0,0,0,0,0,0,0,0,0,.000,.000,.000,9999
W ,Claudio Bautista SS | CLE,0,0,0,0,0,0,0,0,0,0,0,0,.000,.000,.000,9999
W ,Jose Cardona CF | CHC,0,0,0,0,0,0,0,0,0,0,0,0,.000,.000,.000,9999
W ,Enmanuel Bonilla CF | TOR,0,0,0,0,0,0,0,0,0,0,0,0,.000,.000,.000,9999
W ,Johan Cruz SS | CHW,0,0,0,0,0,0,0,0,0,0,0,0,.000,.000,.000,9999
W ,James Kennedy C | LAD,0,0,0,0,0,0,0,0,0,0,0,0,.000,.000,.000,9999
W ,Mike Peabody CF | LAA,0,0,0,0,0,0,0,0,0,0,0,0,.000,.000,.000,9999
W ,Cole Tucker 3B | LAA,0,0,0,0,0,0,0,0,0,0,0,0,.000,.000,.000,9999
W ,Oscar Rangel C | BOS,0,0,0,0,0,0,0,0,0,0,0,0,.000,.000,.000,9999
W ,Keithron Moss 2B | TEX,0,0,0,0,0,0,0,0,0,0,0,0,.000,.000,.000,9999
W ,Stephen Wickens SS | MIN,0,0,0,0,0,0,0,0,0,0,0,0,.000,.000,.000,9999
W ,Lucius Fox SS | WAS,0,0,0,0,0,0,0,0,0,0,0,0,.000,.000,.000,9999
W ,Todd Isaacs CF | CLE,0,0,0,0,0,0,0,0,0,0,0,0,.000,.000,.000,9999
W ,Ian Moller C | TEX,0,0,0,0,0,0,0,0,0,0,0,0,.000,.000,.000,9999
W ,Daniel Suero CF | COL,0,0,0,0,0,0,0,0,0,0,0,0,.000,.000,.000,9999
W ,Luis Lopez SS | CIN,0,0,0,0,0,0,0,0,0,0,0,0,.000,.000,.000,9999
W ,Garrett Spain RF | MIL,0,0,0,0,0,0,0,0,0,0,0,0,.000,.000,.000,9999
W ,Ryan Spikes 2B | TB,0,0,0,0,0,0,0,0,0,0,0,0,.000,.000,.000,9999
W ,Adrian Pinto 2B | TOR,0,0,0,0,0,0,0,0,0,0,0,0,.000,.000,.000,9999
W ,Pedro Ramirez 3B | CHC,0,0,0,0,0,0,0,0,0,0,0,0,.000,.000,.000,9999
W ,Myles Emmerson C | LAA,0,0,0,0,0,0,0,0,0,0,0,0,.000,.000,.000,9999
W ,Tyler Massey RF | COL,0,0,0,0,0,0,0,0,0,0,0,0,.000,.000,.000,9999
W ,Charlie Szykowny 3B | SF,0,0,0,0,0,0,0,0,0,0,0,0,.000,.000,.000,9999
W ,Josiah Sightler 1B | PIT,0,0,0,0,0,0,0,0,0,0,0,0,.000,.000,.000,9999
W ,Frankie Tostado RF | WAS,0,0,0,0,0,0,0,0,0,0,0,0,.000,.000,.000,9999
W ,D.J. Davis CF | TOR,0,0,0,0,0,0,0,0,0,0,0,0,.000,.000,.000,9999
W ,Evan Skoug C | CHW,0,0,0,0,0,0,0,0,0,0,0,0,.000,.000,.000,9999
W ,Tyler Hardman 1B | NYY,0,0,0,0,0,0,0,0,0,0,0,0,.000,.000,.000,9999
W ,Caleb Bonemer SS | CHW,0,0,0,0,0,0,0,0,0,0,0,0,.000,.000,.000,9999
W ,Angel Aponte RF | TEX,0,0,0,0,0,0,0,0,0,0,0,0,.000,.000,.000,9999
W ,Jose Lozada SS | WAS,0,0,0,0,0,0,0,0,0,0,0,0,.000,.000,.000,9999
W ,Connor Heady SS | LAD,0,0,0,0,0,0,0,0,0,0,0,0,.000,.000,.000,9999
W ,Lazaro Montes RF | SEA,0,0,0,0,0,0,0,0,0,0,0,0,.000,.000,.000,9999
W ,Robert Arias CF | CLE,0,0,0,0,0,0,0,0,0,0,0,0,.000,.000,.000,9999
W ,Carlos Arroyo LF | TEX,0,0,0,0,0,0,0,0,0,0,0,0,.000,.000,.000,9999
W ,Rainel Rosario LF | BOS,0,0,0,0,0,0,0,0,0,0,0,0,.000,.000,.000,9999
W ,Parker Bates RF | KC,0,0,0,0,0,0,0,0,0,0,0,0,.000,.000,.000,9999
W ,Nomar Fana CF | DET,0,0,0,0,0,0,0,0,0,0,0,0,.000,.000,.000,9999
W ,Taylor Murphy RF | CLE,0,0,0,0,0,0,0,0,0,0,0,0,.000,.000,.000,9999
W ,Sam Kulasingam 1B | KC,0,0,0,0,0,0,0,0,0,0,0,0,.000,.000,.000,9999
W ,Renae Martinez C | ARI,0,0,0,0,0,0,0,0,0,0,0,0,.000,.000,.000,9999
W ,Angelys Nina 2B | PHI,0,0,0,0,0,0,0,0,0,0,0,0,.000,.000,.000,9999
W ,Josh Hatcher LF | TEX,0,0,0,0,0,0,0,0,0,0,0,0,.000,.000,.000,9999
W ,Wyatt Sanford SS | PIT,0,0,0,0,0,0,0,0,0,0,0,0,.000,.000,.000,9999
W ,Deiner Lopez 2B | BOS,0,0,0,0,0,0,0,0,0,0,0,0,.000,.000,.000,9999
W ,Trevor Hauver LF | TEX,0,0,0,0,0,0,0,0,0,0,0,0,.000,.000,.000,9999
W ,Vaughn Grissom 2B | BOS ,0,0,0,0,0,0,0,0,0,0,0,0,.000,.000,.000,9999
W ,Juan Gomes C | CLE,0,0,0,0,0,0,0,0,0,0,0,0,.000,.000,.000,9999
W ,Luis Castillo RF | MIL,0,0,0,0,0,0,0,0,0,0,0,0,.000,.000,.000,9999
W ,Narciso Mesa RF | WAS,0,0,0,0,0,0,0,0,0,0,0,0,.000,.000,.000,9999
W ,Edwin Rios 1B | CIN,0,0,0,0,0,0,0,0,0,0,0,0,.000,.000,.000,9999
W ,Stone Russell 3B | KC,0,0,0,0,0,0,0,0,0,0,0,0,.000,.000,.000,9999
W ,Cade Gotta CF | TB,0,0,0,0,0,0,0,0,0,0,0,0,.000,.000,.000,9999
W ,Taylor Sparks 3B | CIN,0,0,0,0,0,0,0,0,0,0,0,0,.000,.000,.000,9999
W ,Leonardo Molina LF | NYY,0,0,0,0,0,0,0,0,0,0,0,0,.000,.000,.000,9999
W ,Brandon Grudzielanek SS | TOR,0,0,0,0,0,0,0,0,0,0,0,0,.000,.000,.000,9999
W ,Luke Dykstra 2B | ATL,0,0,0,0,0,0,0,0,0,0,0,0,.000,.000,.000,9999
W ,Adriel Radney RF | ARI,0,0,0,0,0,0,0,0,0,0,0,0,.000,.000,.000,9999
W ,Brad Zunica 1B | SD,0,0,0,0,0,0,0,0,0,0,0,0,.000,.000,.000,9999
W ,Colby Lusignan 1B | MIA,0,0,0,0,0,0,0,0,0,0,0,0,.000,.000,.000,9999
W ,Casey Golden LF | COL,0,0,0,0,0,0,0,0,0,0,0,0,.000,.000,.000,9999
W ,"David Peralta LF,RF | SD",0,0,0,0,0,0,0,0,0,0,0,0,.000,.000,.000,9999
W ,Cole Mathis 3B | CHC ,0,0,0,0,0,0,0,0,0,0,0,0,.000,.000,.000,9999
W ,Luis Silva 2B | TOR,0,0,0,0,0,0,0,0,0,0,0,0,.000,.000,.000,9999
W ,Kadon Morton CF | ATL,0,0,0,0,0,0,0,0,0,0,0,0,.000,.000,.000,9999
W ,Seth Gray 3B | MIN,0,0,0,0,0,0,0,0,0,0,0,0,.000,.000,.000,9999
W ,James Smith LF | PHI,0,0,0,0,0,0,0,0,0,0,0,0,.000,.000,.000,9999
W ,Nik McClaughry SS | SD,0,0,0,0,0,0,0,0,0,0,0,0,.000,.000,.000,9999
W ,Wynton Bernard CF | TOR,0,0,0,0,0,0,0,0,0,0,0,0,.000,.000,.000,9999
W ,Troy Johnston 1B | MIA,0,0,0,0,0,0,0,0,0,0,0,0,.000,.000,.000,9999
W ,Fredy Michel SS | MIN,0,0,0,0,0,0,0,0,0,0,0,0,.000,.000,.000,9999
W ,Harrison Wenson C | LAA,0,0,0,0,0,0,0,0,0,0,0,0,.000,.000,.000,9999
W ,Kaylan Nicasia SS | MIL,0,0,0,0,0,0,0,0,0,0,0,0,.000,.000,.000,9999
W ,Chris Garia CF | TEX,0,0,0,0,0,0,0,0,0,0,0,0,.000,.000,.000,9999
W ,Charcer Burks LF | CHC,0,0,0,0,0,0,0,0,0,0,0,0,.000,.000,.000,9999
W ,C.J. Hinojosa SS | TB,0,0,0,0,0,0,0,0,0,0,0,0,.000,.000,.000,9999
W ,Drew Maggi 3B | PIT,0,0,0,0,0,0,0,0,0,0,0,0,.000,.000,.000,9999
W ,Anfernee Grier CF | ARI,0,0,0,0,0,0,0,0,0,0,0,0,.000,.000,.000,9999
W ,Ethan Paul SS | PIT,0,0,0,0,0,0,0,0,0,0,0,0,.000,.000,.000,9999
W ,Bill Knight LF | SEA,0,0,0,0,0,0,0,0,0,0,0,0,.000,.000,.000,9999
W ,Luis Santos 2B | NYY,0,0,0,0,0,0,0,0,0,0,0,0,.000,.000,.000,9999
W ,Stiven Martinez CF | BAL,0,0,0,0,0,0,0,0,0,0,0,0,.000,.000,.000,9999
W ,Bobby Seymour 1B | TB,0,0,0,0,0,0,0,0,0,0,0,0,.000,.000,.000,9999
W ,Casey Hughston LF | PIT,0,0,0,0,0,0,0,0,0,0,0,0,.000,.000,.000,9999
W ,Braylen Wimmer SS | COL,0,0,0,0,0,0,0,0,0,0,0,0,.000,.000,.000,9999
W ,Branden Berry 1B | MIA,0,0,0,0,0,0,0,0,0,0,0,0,.000,.000,.000,9999
W ,Anthony Giansanti LF | CHC,0,0,0,0,0,0,0,0,0,0,0,0,.000,.000,.000,9999
W ,Miles Gordon RF | CIN,0,0,0,0,0,0,0,0,0,0,0,0,.000,.000,.000,9999
W ,Mike Antico CF | STL,0,0,0,0,0,0,0,0,0,0,0,0,.000,.000,.000,9999
W ,Yasmani Grandal C | PIT,0,0,0,0,0,0,0,0,0,0,0,0,.000,.000,.000,9999
W ,Damek Tomscha 1B | CHW,0,0,0,0,0,0,0,0,0,0,0,0,.000,.000,.000,9999
W ,Ben Norman RF | CHW,0,0,0,0,0,0,0,0,0,0,0,0,.000,.000,.000,9999
W ,Devin Hairston SS | MIA,0,0,0,0,0,0,0,0,0,0,0,0,.000,.000,.000,9999
W ,Robert Perez 1B | SD,0,0,0,0,0,0,0,0,0,0,0,0,.000,.000,.000,9999
W ,Gabriel Bracamonte C | HOU,0,0,0,0,0,0,0,0,0,0,0,0,.000,.000,.000,9999
W ,Billy Fleming 2B | MIA,0,0,0,0,0,0,0,0,0,0,0,0,.000,.000,.000,9999
W ,Izaac Pacheco 3B | DET,0,0,0,0,0,0,0,0,0,0,0,0,.000,.000,.000,9999
W ,Cristopher Barete CF | TB,0,0,0,0,0,0,0,0,0,0,0,0,.000,.000,.000,9999
W ,"Andruw Monasterio 2B,3B | MIL ",0,0,0,0,0,0,0,0,0,0,0,0,.000,.000,.000,9999
W ,Collin Radack CF | STL,0,0,0,0,0,0,0,0,0,0,0,0,.000,.000,.000,9999
W ,Kameron Esthay LF | WAS,0,0,0,0,0,0,0,0,0,0,0,0,.000,.000,.000,9999
W ,Amador Arias 3B | SEA,0,0,0,0,0,0,0,0,0,0,0,0,.000,.000,.000,9999
W ,Hunter Markwardt CF | PHI,0,0,0,0,0,0,0,0,0,0,0,0,.000,.000,.000,9999
W ,Kelvin Melean SS | SD,0,0,0,0,0,0,0,0,0,0,0,0,.000,.000,.000,9999
W ,Kyle Lewis DH | ARI,0,0,0,0,0,0,0,0,0,0,0,0,.000,.000,.000,9999
W ,Juan Brito 2B | CLE ,0,0,0,0,0,0,0,0,0,0,0,0,.000,.000,.000,9999
W ,Jeff McVaney RF | DET,0,0,0,0,0,0,0,0,0,0,0,0,.000,.000,.000,9999
W ,Alex McGarry LF | CIN,0,0,0,0,0,0,0,0,0,0,0,0,.000,.000,.000,9999
W ,Franklin Guzman RF | BOS,0,0,0,0,0,0,0,0,0,0,0,0,.000,.000,.000,9999
W ,Luiyin Alastre 3B | MIL,0,0,0,0,0,0,0,0,0,0,0,0,.000,.000,.000,9999
W ,Nate Nolan C | CHW,0,0,0,0,0,0,0,0,0,0,0,0,.000,.000,.000,9999
W ,Raynel Delgado 2B | MIL,0,0,0,0,0,0,0,0,0,0,0,0,.000,.000,.000,9999
W ,Ricardo Genoves C | TB,0,0,0,0,0,0,0,0,0,0,0,0,.000,.000,.000,9999
W ,Rainiel Rodriguez C | STL,0,0,0,0,0,0,0,0,0,0,0,0,.000,.000,.000,9999
W ,Dan Rohlfing C | MIN,0,0,0,0,0,0,0,0,0,0,0,0,.000,.000,.000,9999
W ,Garrett Hiott CF | TB,0,0,0,0,0,0,0,0,0,0,0,0,.000,.000,.000,9999
W ,Dan Black 1B | MIA,0,0,0,0,0,0,0,0,0,0,0,0,.000,.000,.000,9999
W ,Michael Hernandez C | MIA,0,0,0,0,0,0,0,0,0,0,0,0,.000,.000,.000,9999
W ,Ethan Wilson LF | PHI,0,0,0,0,0,0,0,0,0,0,0,0,.000,.000,.000,9999
W ,Jonathan Villar 2B | LAA,0,0,0,0,0,0,0,0,0,0,0,0,.000,.000,.000,9999
W ,Andrew Daniel 2B | ATL,0,0,0,0,0,0,0,0,0,0,0,0,.000,.000,.000,9999
W ,Barrett Barnes RF | NYM,0,0,0,0,0,0,0,0,0,0,0,0,.000,.000,.000,9999
W ,Reynaldo Rodriguez C | MIN,0,0,0,0,0,0,0,0,0,0,0,0,.000,.000,.000,9999
W ,Caleb Adams LF | LAA,0,0,0,0,0,0,0,0,0,0,0,0,.000,.000,.000,9999
W ,Tim Lopes 2B | SD,0,0,0,0,0,0,0,0,0,0,0,0,.000,.000,.000,9999
W ,Tatem Levins C | TB,0,0,0,0,0,0,0,0,0,0,0,0,.000,.000,.000,9999
W ,Kendall George CF | LAD,0,0,0,0,0,0,0,0,0,0,0,0,.000,.000,.000,9999
W ,Daniel Marte CF | WAS,0,0,0,0,0,0,0,0,0,0,0,0,.000,.000,.000,9999
W ,Gregory Guerrero 2B | NYM,0,0,0,0,0,0,0,0,0,0,0,0,.000,.000,.000,9999
W ,Mario Camilletti 2B | CHW,0,0,0,0,0,0,0,0,0,0,0,0,.000,.000,.000,9999
W ,Cade Bunnell 2B | ATL,0,0,0,0,0,0,0,0,0,0,0,0,.000,.000,.000,9999
W ,Chris Williams C | NYM,0,0,0,0,0,0,0,0,0,0,0,0,.000,.000,.000,9999
W ,Jonathan Arauz 3B | LAD,0,0,0,0,0,0,0,0,0,0,0,0,.000,.000,.000,9999
W ,Lolo Sanchez LF | LAD,0,0,0,0,0,0,0,0,0,0,0,0,.000,.000,.000,9999
W ,Chantz Mack LF | SEA,0,0,0,0,0,0,0,0,0,0,0,0,.000,.000,.000,9999
W ,Ben Gobbel SS | LAA,0,0,0,0,0,0,0,0,0,0,0,0,.000,.000,.000,9999
W ,Brandon Parker RF | ATL,0,0,0,0,0,0,0,0,0,0,0,0,.000,.000,.000,9999
W ,Zach Osborne SS | COL,0,0,0,0,0,0,0,0,0,0,0,0,.000,.000,.000,9999
W ,Aldrem Corredor LF | WAS,0,0,0,0,0,0,0,0,0,0,0,0,.000,.000,.000,9999
W ,Beau Brewer 3B | NYY,0,0,0,0,0,0,0,0,0,0,0,0,.000,.000,.000,9999
W ,Jacob Burke CF | CHW,0,0,0,0,0,0,0,0,0,0,0,0,.000,.000,.000,9999
W ,Leandro Arias SS | BAL,0,0,0,0,0,0,0,0,0,0,0,0,.000,.000,.000,9999
W ,Erick Caripa LF | CLE,0,0,0,0,0,0,0,0,0,0,0,0,.000,.000,.000,9999
W ,Joe Mack C | MIA,0,0,0,0,0,0,0,0,0,0,0,0,.000,.000,.000,9999
W ,Todd Hankins 2B | CLE,0,0,0,0,0,0,0,0,0,0,0,0,.000,.000,.000,9999
W ,Wilmer Reyes SS | NYM,0,0,0,0,0,0,0,0,0,0,0,0,.000,.000,.000,9999
W ,Matheu Nelson C | CIN,0,0,0,0,0,0,0,0,0,0,0,0,.000,.000,.000,9999
W ,Trey Mancini 1B | ARI ,0,0,0,0,0,0,0,0,0,0,0,0,.000,.000,.000,9999
W ,Dom Thompson-Williams CF | SEA,0,0,0,0,0,0,0,0,0,0,0,0,.000,.000,.000,9999
W ,Jhonny Level SS | SF,0,0,0,0,0,0,0,0,0,0,0,0,.000,.000,.000,9999
W ,Nathan Rodriguez C | MIL,0,0,0,0,0,0,0,0,0,0,0,0,.000,.000,.000,9999
W ,Andrew Moritz RF | ATL,0,0,0,0,0,0,0,0,0,0,0,0,.000,.000,.000,9999
W ,Emanuel Andrews RF | COL,0,0,0,0,0,0,0,0,0,0,0,0,.000,.000,.000,9999
W ,Ben Aklinski LF | PHI,0,0,0,0,0,0,0,0,0,0,0,0,.000,.000,.000,9999
W ,Colin Bray RF | ARI,0,0,0,0,0,0,0,0,0,0,0,0,.000,.000,.000,9999
W ,DJ Neal RF | TOR,0,0,0,0,0,0,0,0,0,0,0,0,.000,.000,.000,9999
W ,Landon Stephens 1B | ATL,0,0,0,0,0,0,0,0,0,0,0,0,.000,.000,.000,9999
W ,Luis Almeyda SS | BAL ,0,0,0,0,0,0,0,0,0,0,0,0,.000,.000,.000,9999
W ,Alejandro Pie SS | TB,0,0,0,0,0,0,0,0,0,0,0,0,.000,.000,.000,9999
W ,Hemmanuel Rosario C | NYY,0,0,0,0,0,0,0,0,0,0,0,0,.000,.000,.000,9999
W ,Kevin Alcantara RF | CHC ,0,0,0,0,0,0,0,0,0,0,0,0,.000,.000,.000,9999
W ,Jose Duarte C | CIN,0,0,0,0,0,0,0,0,0,0,0,0,.000,.000,.000,9999
W ,Steve Bean C | STL,0,0,0,0,0,0,0,0,0,0,0,0,.000,.000,.000,9999
W ,Lizandro Espinoza SS | ATL,0,0,0,0,0,0,0,0,0,0,0,0,.000,.000,.000,9999
W ,Jason Martin LF | LAA,0,0,0,0,0,0,0,0,0,0,0,0,.000,.000,.000,9999
W ,Amaurys Minier LF | MIN,0,0,0,0,0,0,0,0,0,0,0,0,.000,.000,.000,9999
W ,Connor Pavolony C | BAL,0,0,0,0,0,0,0,0,0,0,0,0,.000,.000,.000,9999
W ,Francisco Urbaez 3B | CIN,0,0,0,0,0,0,0,0,0,0,0,0,.000,.000,.000,9999
W ,Rashad Crawford RF | NYY,0,0,0,0,0,0,0,0,0,0,0,0,.000,.000,.000,9999
W ,Skyler Messinger 3B | COL,0,0,0,0,0,0,0,0,0,0,0,0,.000,.000,.000,9999
W ,Douglas Glod CF | ATL,0,0,0,0,0,0,0,0,0,0,0,0,.000,.000,.000,9999
W ,Shane Mardirosian 2B | CIN,0,0,0,0,0,0,0,0,0,0,0,0,.000,.000,.000,9999
W ,Tim Locastro LF | SD,0,0,0,0,0,0,0,0,0,0,0,0,.000,.000,.000,9999
W ,Harry Ford C | SEA,0,0,0,0,0,0,0,0,0,0,0,0,.000,.000,.000,9999
W ,Tyler Marincov RF | ATH,0,0,0,0,0,0,0,0,0,0,0,0,.000,.000,.000,9999
W ,Duanel Jones 3B | SD,0,0,0,0,0,0,0,0,0,0,0,0,.000,.000,.000,9999
W ,Jacob Jenkins-Cowart 1B | MIA,0,0,0,0,0,0,0,0,0,0,0,0,.000,.000,.000,9999
W ,Mac James C | TB,0,0,0,0,0,0,0,0,0,0,0,0,.000,.000,.000,9999
W ,Ryan Ramiz LF | SEA,0,0,0,0,0,0,0,0,0,0,0,0,.000,.000,.000,9999
W ,Agustin Ramirez C | MIA ,0,0,0,0,0,0,0,0,0,0,0,0,.000,.000,.000,9999
W ,Jansel Luis SS | ARI,0,0,0,0,0,0,0,0,0,0,0,0,.000,.000,.000,9999
W ,Bubba Thompson CF | CIN,0,0,0,0,0,0,0,0,0,0,0,0,.000,.000,.000,9999
W ,Darnell Sweeney 2B | TOR,0,0,0,0,0,0,0,0,0,0,0,0,.000,.000,.000,9999
W ,Micah Gibbs C | LAD,0,0,0,0,0,0,0,0,0,0,0,0,.000,.000,.000,9999
W ,Juneiker Caceres RF | CLE,0,0,0,0,0,0,0,0,0,0,0,0,.000,.000,.000,9999
W ,Dustin Dickerson SS | KC,0,0,0,0,0,0,0,0,0,0,0,0,.000,.000,.000,9999
W ,Moises Castillo SS | CHW,0,0,0,0,0,0,0,0,0,0,0,0,.000,.000,.000,9999
W ,J.C. Correa SS | HOU,0,0,0,0,0,0,0,0,0,0,0,0,.000,.000,.000,9999
W ,Tyler Frank SS | TB,0,0,0,0,0,0,0,0,0,0,0,0,.000,.000,.000,9999
W ,Luis Baez RF | HOU,0,0,0,0,0,0,0,0,0,0,0,0,.000,.000,.000,9999
W ,Asbel Gonzalez CF | KC,0,0,0,0,0,0,0,0,0,0,0,0,.000,.000,.000,9999
W ,Carlos Herrera SS | COL,0,0,0,0,0,0,0,0,0,0,0,0,.000,.000,.000,9999
W ,Jose Cordoba LF | STL,0,0,0,0,0,0,0,0,0,0,0,0,.000,.000,.000,9999
W ,Brett Austin C | SF,0,0,0,0,0,0,0,0,0,0,0,0,.000,.000,.000,9999
W ,Robbie Podorsky LF | SD,0,0,0,0,0,0,0,0,0,0,0,0,.000,.000,.000,9999
W ,Kelvin Diaz CF | BOS,0,0,0,0,0,0,0,0,0,0,0,0,.000,.000,.000,9999
W ,Anthony Gallas LF | CLE,0,0,0,0,0,0,0,0,0,0,0,0,.000,.000,.000,9999
W ,D'Arby Myers RF | SD,0,0,0,0,0,0,0,0,0,0,0,0,.000,.000,.000,9999
W ,Esney Chacon RF | DET,0,0,0,0,0,0,0,0,0,0,0,0,.000,.000,.000,9999
W ,Jeferson Espinal RF | ARI,0,0,0,0,0,0,0,0,0,0,0,0,.000,.000,.000,9999
W ,Andres Mesa SS | TEX,0,0,0,0,0,0,0,0,0,0,0,0,.000,.000,.000,9999
W ,Caleb Lomavita C | WAS,0,0,0,0,0,0,0,0,0,0,0,0,.000,.000,.000,9999
W ,Victor Planchart C | CLE,0,0,0,0,0,0,0,0,0,0,0,0,.000,.000,.000,9999
W ,Francisco Arcia C | WAS,0,0,0,0,0,0,0,0,0,0,0,0,.000,.000,.000,9999
W ,Micah McDowell RF | MIA,0,0,0,0,0,0,0,0,0,0,0,0,.000,.000,.000,9999
W ,Cristhian Vaquero RF | WAS,0,0,0,0,0,0,0,0,0,0,0,0,.000,.000,.000,9999
W ,Franklin Rollin 2B | TEX,0,0,0,0,0,0,0,0,0,0,0,0,.000,.000,.000,9999
W ,Michael O'Neill LF | MIN,0,0,0,0,0,0,0,0,0,0,0,0,.000,.000,.000,9999
W ,Carson DeMartini 3B | PHI,0,0,0,0,0,0,0,0,0,0,0,0,.000,.000,.000,9999
W ,Ryan Ignoffo C | MIA,0,0,0,0,0,0,0,0,0,0,0,0,.000,.000,.000,9999
W ,Tres Gonzalez RF | PIT,0,0,0,0,0,0,0,0,0,0,0,0,.000,.000,.000,9999
W ,DJ Layton SS | BAL,0,0,0,0,0,0,0,0,0,0,0,0,.000,.000,.000,9999
W ,Agustin Marte SS | MIN,0,0,0,0,0,0,0,0,0,0,0,0,.000,.000,.000,9999
W ,Fernando Cruz SS | CHC,0,0,0,0,0,0,0,0,0,0,0,0,.000,.000,.000,9999
W ,Alex Burg C | TEX,0,0,0,0,0,0,0,0,0,0,0,0,.000,.000,.000,9999
W ,Chris Harvey 1B | PIT,0,0,0,0,0,0,0,0,0,0,0,0,.000,.000,.000,9999
W ,Renny Hidalgo LF | MIA,0,0,0,0,0,0,0,0,0,0,0,0,.000,.000,.000,9999
W ,Bryant Packard RF | DET,0,0,0,0,0,0,0,0,0,0,0,0,.000,.000,.000,9999
W ,Kevin Santa 2B | SEA,0,0,0,0,0,0,0,0,0,0,0,0,.000,.000,.000,9999
W ,Art Charles 1B | MIL,0,0,0,0,0,0,0,0,0,0,0,0,.000,.000,.000,9999
W ,Johnny Olmstead SS | MIA,0,0,0,0,0,0,0,0,0,0,0,0,.000,.000,.000,9999
W ,Angel Mendoza LF | CLE,0,0,0,0,0,0,0,0,0,0,0,0,.000,.000,.000,9999
W ,Blaine Crim 1B | TEX,0,0,0,0,0,0,0,0,0,0,0,0,.000,.000,.000,9999
W ,Ross Kivett CF | DET,0,0,0,0,0,0,0,0,0,0,0,0,.000,.000,.000,9999
W ,Matt Scheffler C | SEA,0,0,0,0,0,0,0,0,0,0,0,0,.000,.000,.000,9999
W ,Chris Sharpe RF | PIT,0,0,0,0,0,0,0,0,0,0,0,0,.000,.000,.000,9999
W ,Sean Keys 3B | TOR,0,0,0,0,0,0,0,0,0,0,0,0,.000,.000,.000,9999
W ,Hyungchan Um C | KC,0,0,0,0,0,0,0,0,0,0,0,0,.000,.000,.000,9999
W ,Osvaldo Tovalin 3B | STL,0,0,0,0,0,0,0,0,0,0,0,0,.000,.000,.000,9999
W ,Brandon Macias SS | MIL,0,0,0,0,0,0,0,0,0,0,0,0,.000,.000,.000,9999
W ,Fidel Pena 3B | ARI,0,0,0,0,0,0,0,0,0,0,0,0,.000,.000,.000,9999
W ,Rhylan Thomas LF | SEA,0,0,0,0,0,0,0,0,0,0,0,0,.000,.000,.000,9999
W ,Lyle Lin 1B | ATH,0,0,0,0,0,0,0,0,0,0,0,0,.000,.000,.000,9999
W ,Brandon Trinkwon 3B | LAD,0,0,0,0,0,0,0,0,0,0,0,0,.000,.000,.000,9999
W ,Tomas Morales C | PIT,0,0,0,0,0,0,0,0,0,0,0,0,.000,.000,.000,9999
W ,Dario Laverde C | LAA,0,0,0,0,0,0,0,0,0,0,0,0,.000,.000,.000,9999
W ,J.D. Orr CF | MIA,0,0,0,0,0,0,0,0,0,0,0,0,.000,.000,.000,9999
W ,Yordalin Pena CF | STL,0,0,0,0,0,0,0,0,0,0,0,0,.000,.000,.000,9999
W ,Connor McKay LF | TEX,0,0,0,0,0,0,0,0,0,0,0,0,.000,.000,.000,9999
W ,Paul Hendrix SS | CLE,0,0,0,0,0,0,0,0,0,0,0,0,.000,.000,.000,9999
W ,Ryan Holgate 1B | STL,0,0,0,0,0,0,0,0,0,0,0,0,.000,.000,.000,9999
W ,Maxwell Leon 2B | DET,0,0,0,0,0,0,0,0,0,0,0,0,.000,.000,.000,9999
W ,Carter Frederick LF | KC,0,0,0,0,0,0,0,0,0,0,0,0,.000,.000,.000,9999
W ,Jeremiah Jackson SS | BAL,0,0,0,0,0,0,0,0,0,0,0,0,.000,.000,.000,9999
W ,Tyler Esplin RF | BOS,0,0,0,0,0,0,0,0,0,0,0,0,.000,.000,.000,9999
W ,Brandon Bayardi RF | LAA,0,0,0,0,0,0,0,0,0,0,0,0,.000,.000,.000,9999
W ,Devyn Bolasky CF | NYY,0,0,0,0,0,0,0,0,0,0,0,0,.000,.000,.000,9999
W ,Carlos Cortes LF | ATH,0,0,0,0,0,0,0,0,0,0,0,0,.000,.000,.000,9999
W ,Grant Massey SS | CHW,0,0,0,0,0,0,0,0,0,0,0,0,.000,.000,.000,9999
W ,Jose Paez CF | TB,0,0,0,0,0,0,0,0,0,0,0,0,.000,.000,.000,9999
W ,Rashad Brown LF | DET,0,0,0,0,0,0,0,0,0,0,0,0,.000,.000,.000,9999
W ,Tim Tawa CF | ARI,0,0,0,0,0,0,0,0,0,0,0,0,.000,.000,.000,9999
W ,Jonathan Jones CF | MIA,0,0,0,0,0,0,0,0,0,0,0,0,.000,.000,.000,9999
W ,David Dahl LF | PHI,0,0,0,0,0,0,0,0,0,0,0,0,.000,.000,.000,9999
W ,Coby Morales LF | NYY,0,0,0,0,0,0,0,0,0,0,0,0,.000,.000,.000,9999
W ,Luis Bolivar LF | SEA,0,0,0,0,0,0,0,0,0,0,0,0,.000,.000,.000,9999
W ,Dante Bichette 3B | NYY,0,0,0,0,0,0,0,0,0,0,0,0,.000,.000,.000,9999
W ,Jayden Jobert LF | STL,0,0,0,0,0,0,0,0,0,0,0,0,.000,.000,.000,9999
W ,Andres Melendez C | CLE,0,0,0,0,0,0,0,0,0,0,0,0,.000,.000,.000,9999
W ,Onix Vega C | NYM,0,0,0,0,0,0,0,0,0,0,0,0,.000,.000,.000,9999
W ,Mason House RF | SD,0,0,0,0,0,0,0,0,0,0,0,0,.000,.000,.000,9999
W ,"Alex Kirilloff 1B,LF | MIN",0,0,0,0,0,0,0,0,0,0,0,0,.000,.000,.000,9999
W ,Michael Barash C | LAA,0,0,0,0,0,0,0,0,0,0,0,0,.000,.000,.000,9999
W ,Daniel Amaral LF | PIT,0,0,0,0,0,0,0,0,0,0,0,0,.000,.000,.000,9999
W ,Julio Carreras SS | COL,0,0,0,0,0,0,0,0,0,0,0,0,.000,.000,.000,9999
W ,Mason Martin 1B | PIT,0,0,0,0,0,0,0,0,0,0,0,0,.000,.000,.000,9999
W ,Angel Moreno CF | TB,0,0,0,0,0,0,0,0,0,0,0,0,.000,.000,.000,9999
W ,Justin Farmer CF | SD,0,0,0,0,0,0,0,0,0,0,0,0,.000,.000,.000,9999
W ,Jake Marisnick CF | ATL ,0,0,0,0,0,0,0,0,0,0,0,0,.000,.000,.000,9999
W ,Wes Clarke 1B | MIL,0,0,0,0,0,0,0,0,0,0,0,0,.000,.000,.000,9999
W ,Trenton Brooks 1B | SD,0,0,0,0,0,0,0,0,0,0,0,0,.000,.000,.000,9999
W ,Chandler Simpson CF | TB ,0,0,0,0,0,0,0,0,0,0,0,0,.000,.000,.000,9999
W ,Eric Brown SS | MIL,0,0,0,0,0,0,0,0,0,0,0,0,.000,.000,.000,9999
W ,Quinn Brodey RF | NYM,0,0,0,0,0,0,0,0,0,0,0,0,.000,.000,.000,9999
W ,Anderdson Rojas LF | ARI,0,0,0,0,0,0,0,0,0,0,0,0,.000,.000,.000,9999
W ,Victor Jesus Acosta SS | LAA,0,0,0,0,0,0,0,0,0,0,0,0,.000,.000,.000,9999
W ,Jorgelys Mota 3B | WAS,0,0,0,0,0,0,0,0,0,0,0,0,.000,.000,.000,9999
W ,Jake Hager 2B | ARI,0,0,0,0,0,0,0,0,0,0,0,0,.000,.000,.000,9999
W ,Jancel Villarroel C | HOU,0,0,0,0,0,0,0,0,0,0,0,0,.000,.000,.000,9999
W ,Tucker Toman 3B | TOR,0,0,0,0,0,0,0,0,0,0,0,0,.000,.000,.000,9999
W ,Cayden Wallace 3B | WAS,0,0,0,0,0,0,0,0,0,0,0,0,.000,.000,.000,9999
W ,Olivier Basabe SS | SD,0,0,0,0,0,0,0,0,0,0,0,0,.000,.000,.000,9999
W ,Nick Solak DH | PIT,0,0,0,0,0,0,0,0,0,0,0,0,.000,.000,.000,9999
W ,Aristides Aquino RF | CIN,0,0,0,0,0,0,0,0,0,0,0,0,.000,.000,.000,9999
W ,Jackson Cluff SS | WAS,0,0,0,0,0,0,0,0,0,0,0,0,.000,.000,.000,9999
W ,Hector Vargas 2B | CIN,0,0,0,0,0,0,0,0,0,0,0,0,.000,.000,.000,9999
W ,Luis Ravelo SS | BOS,0,0,0,0,0,0,0,0,0,0,0,0,.000,.000,.000,9999
W ,Erick Brito SS | PHI,0,0,0,0,0,0,0,0,0,0,0,0,.000,.000,.000,9999
W ,Stephen Paolini CF | ATL,0,0,0,0,0,0,0,0,0,0,0,0,.000,.000,.000,9999
W ,Wes Rogers CF | COL,0,0,0,0,0,0,0,0,0,0,0,0,.000,.000,.000,9999
W ,Sebastian Elizalde RF | CIN,0,0,0,0,0,0,0,0,0,0,0,0,.000,.000,.000,9999
W ,Tim Smalling SS | COL,0,0,0,0,0,0,0,0,0,0,0,0,.000,.000,.000,9999
W ,Ordomar Valdez 2B | CLE,0,0,0,0,0,0,0,0,0,0,0,0,.000,.000,.000,9999
W ,Jake Adams 1B | HOU,0,0,0,0,0,0,0,0,0,0,0,0,.000,.000,.000,9999
W ,Deyvison De Los Santos 1B | MIA,0,0,0,0,0,0,0,0,0,0,0,0,.000,.000,.000,9999
W ,Edward Duran C | TOR,0,0,0,0,0,0,0,0,0,0,0,0,.000,.000,.000,9999
W ,Walter Ibarra SS | ARI,0,0,0,0,0,0,0,0,0,0,0,0,.000,.000,.000,9999
W ,Colton Welker 3B | SF,0,0,0,0,0,0,0,0,0,0,0,0,.000,.000,.000,9999
W ,Jonathan Davis CF | MIA,0,0,0,0,0,0,0,0,0,0,0,0,.000,.000,.000,9999
W ,Daniel Johnson RF | BAL,0,0,0,0,0,0,0,0,0,0,0,0,.000,.000,.000,9999
W ,Andrew Velazquez SS | NYY,0,0,0,0,0,0,0,0,0,0,0,0,.000,.000,.000,9999
W ,Logan Baldwin RF | SF,0,0,0,0,0,0,0,0,0,0,0,0,.000,.000,.000,9999
W ,Jeral Toledo SS | PIT,0,0,0,0,0,0,0,0,0,0,0,0,.000,.000,.000,9999
W ,Maikol Escotto 3B | PIT ,0,0,0,0,0,0,0,0,0,0,0,0,.000,.000,.000,9999
W ,Dermis Garcia 1B | ATH,0,0,0,0,0,0,0,0,0,0,0,0,.000,.000,.000,9999
W ,Mikey Perez SS | MIN,0,0,0,0,0,0,0,0,0,0,0,0,.000,.000,.000,9999
W ,Alejo Lopez 2B | ATH,0,0,0,0,0,0,0,0,0,0,0,0,.000,.000,.000,9999
W ,Emilio Gustave CF | TB,0,0,0,0,0,0,0,0,0,0,0,0,.000,.000,.000,9999
W ,Warming Bernabel 3B | COL,0,0,0,0,0,0,0,0,0,0,0,0,.000,.000,.000,9999
W ,Michael Benjamin 3B | COL,0,0,0,0,0,0,0,0,0,0,0,0,.000,.000,.000,9999
W ,Luis Pino LF | STL,0,0,0,0,0,0,0,0,0,0,0,0,.000,.000,.000,9999
W ,Tanner Murphy CF | NYM,0,0,0,0,0,0,0,0,0,0,0,0,.000,.000,.000,9999
W ,Carter Bins C | PIT,0,0,0,0,0,0,0,0,0,0,0,0,.000,.000,.000,9999
W ,Esteban Gonzalez RF | CLE,0,0,0,0,0,0,0,0,0,0,0,0,.000,.000,.000,9999
W ,Xorge Carrillo C | TB,0,0,0,0,0,0,0,0,0,0,0,0,.000,.000,.000,9999
W ,Franchy Cordero RF | NYY,0,0,0,0,0,0,0,0,0,0,0,0,.000,.000,.000,9999
W ,Brainer Bonaci SS | BOS ,0,0,0,0,0,0,0,0,0,0,0,0,.000,.000,.000,9999
W ,Alfonso Rivas 1B | STL,0,0,0,0,0,0,0,0,0,0,0,0,.000,.000,.000,9999
W ,Yonny Hernandez 2B | NYM,0,0,0,0,0,0,0,0,0,0,0,0,.000,.000,.000,9999
W ,Alexander Ovalles LF | CIN,0,0,0,0,0,0,0,0,0,0,0,0,.000,.000,.000,9999
W ,Carter Young SS | BAL,0,0,0,0,0,0,0,0,0,0,0,0,.000,.000,.000,9999
W ,Cristian Gomez SS | LAD,0,0,0,0,0,0,0,0,0,0,0,0,.000,.000,.000,9999
W ,Julio Garcia 2B | MIL,0,0,0,0,0,0,0,0,0,0,0,0,.000,.000,.000,9999
W ,Casey Soltis CF | MIA,0,0,0,0,0,0,0,0,0,0,0,0,.000,.000,.000,9999
W ,Quinn McDaniel 2B | SF,0,0,0,0,0,0,0,0,0,0,0,0,.000,.000,.000,9999
W ,Kellum Clark LF | NYM,0,0,0,0,0,0,0,0,0,0,0,0,.000,.000,.000,9999
W ,Ethan Murray SS | MIL,0,0,0,0,0,0,0,0,0,0,0,0,.000,.000,.000,9999
W ,Ryde Rodriguez RF | LAA,0,0,0,0,0,0,0,0,0,0,0,0,.000,.000,.000,9999
W ,Omar Alfonzo C | PIT,0,0,0,0,0,0,0,0,0,0,0,0,.000,.000,.000,9999
W ,Andrick Nava C | PHI,0,0,0,0,0,0,0,0,0,0,0,0,.000,.000,.000,9999
W ,Luis Cruz C | STL,0,0,0,0,0,0,0,0,0,0,0,0,.000,.000,.000,9999
W ,Josh Hart CF | BAL,0,0,0,0,0,0,0,0,0,0,0,0,.000,.000,.000,9999
W ,Brock Deatherage CF | DET,0,0,0,0,0,0,0,0,0,0,0,0,.000,.000,.000,9999
W ,Matt Hogan CF | CHW,0,0,0,0,0,0,0,0,0,0,0,0,.000,.000,.000,9999
W ,Braylin Tavera CF | BAL,0,0,0,0,0,0,0,0,0,0,0,0,.000,.000,.000,9999
W ,Ben McLaughlin 3B | ARI,0,0,0,0,0,0,0,0,0,0,0,0,.000,.000,.000,9999
W ,Cooper Ingle C | CLE,0,0,0,0,0,0,0,0,0,0,0,0,.000,.000,.000,9999
W ,Gustavo Pierre SS | TOR,0,0,0,0,0,0,0,0,0,0,0,0,.000,.000,.000,9999
W ,Malquin Canelo SS | BAL,0,0,0,0,0,0,0,0,0,0,0,0,.000,.000,.000,9999
W ,Ian Sagdal 2B | WAS,0,0,0,0,0,0,0,0,0,0,0,0,.000,.000,.000,9999
W ,Cole Freeman 2B | WAS,0,0,0,0,0,0,0,0,0,0,0,0,.000,.000,.000,9999
W ,Daniel Torres C | SEA,0,0,0,0,0,0,0,0,0,0,0,0,.000,.000,.000,9999
W ,Jacob Heyward RF | SF,0,0,0,0,0,0,0,0,0,0,0,0,.000,.000,.000,9999
W ,Jordan Brewer RF | HOU,0,0,0,0,0,0,0,0,0,0,0,0,.000,.000,.000,9999
W ,Miguel Eladio SS | CLE,0,0,0,0,0,0,0,0,0,0,0,0,.000,.000,.000,9999
W ,Martin Gonzalez 3B | SEA,0,0,0,0,0,0,0,0,0,0,0,0,.000,.000,.000,9999
W ,Dylan O'Rae 2B | MIL,0,0,0,0,0,0,0,0,0,0,0,0,.000,.000,.000,9999
W ,Silas Ardoin C | BAL,0,0,0,0,0,0,0,0,0,0,0,0,.000,.000,.000,9999
W ,Justin Bohn SS | MIA,0,0,0,0,0,0,0,0,0,0,0,0,.000,.000,.000,9999
W ,Juan Garcia C | CIN,0,0,0,0,0,0,0,0,0,0,0,0,.000,.000,.000,9999
W ,Jonatan Clase LF | TOR ,0,0,0,0,0,0,0,0,0,0,0,0,.000,.000,.000,9999
W ,Malik Collymore LF | MIL,0,0,0,0,0,0,0,0,0,0,0,0,.000,.000,.000,9999
W ,Jamie Ritchie C | TOR,0,0,0,0,0,0,0,0,0,0,0,0,.000,.000,.000,9999
W ,A.J. Lee SS | HOU,0,0,0,0,0,0,0,0,0,0,0,0,.000,.000,.000,9999
W ,Sergio Alcantara 3B | SF,0,0,0,0,0,0,0,0,0,0,0,0,.000,.000,.000,9999
W ,Blaze Jordan 3B | BOS ,0,0,0,0,0,0,0,0,0,0,0,0,.000,.000,.000,9999
W ,Jose Fernandez 2B | HOU,0,0,0,0,0,0,0,0,0,0,0,0,.000,.000,.000,9999
W ,Tristin English 1B | ARI,0,0,0,0,0,0,0,0,0,0,0,0,.000,.000,.000,9999
W ,Carson Taylor 1B | PHI,0,0,0,0,0,0,0,0,0,0,0,0,.000,.000,.000,9999
W ,J.B. Woodman CF | STL,0,0,0,0,0,0,0,0,0,0,0,0,.000,.000,.000,9999
W ,Alec Sayre LF | MIN,0,0,0,0,0,0,0,0,0,0,0,0,.000,.000,.000,9999
W ,Chris Pieters 1B | CHC,0,0,0,0,0,0,0,0,0,0,0,0,.000,.000,.000,9999
W ,Tucker Bradley LF | KC,0,0,0,0,0,0,0,0,0,0,0,0,.000,.000,.000,9999
W ,Tyler Webb SS | MIN,0,0,0,0,0,0,0,0,0,0,0,0,.000,.000,.000,9999
W ,Matt Juengel 3B | MIA,0,0,0,0,0,0,0,0,0,0,0,0,.000,.000,.000,9999
W ,Marty Herum 3B | ARI,0,0,0,0,0,0,0,0,0,0,0,0,.000,.000,.000,9999
W ,Dillan Shrum 1B | KC,0,0,0,0,0,0,0,0,0,0,0,0,.000,.000,.000,9999
W ,Jaden Fein RF | WAS,0,0,0,0,0,0,0,0,0,0,0,0,.000,.000,.000,9999
W ,Yusniel Diaz RF | SF,0,0,0,0,0,0,0,0,0,0,0,0,.000,.000,.000,9999
W ,Sheng-En Lin 3B | CIN,0,0,0,0,0,0,0,0,0,0,0,0,.000,.000,.000,9999
W ,Jeremy Lucas C | CLE,0,0,0,0,0,0,0,0,0,0,0,0,.000,.000,.000,9999
W ,Jancarlos Cintron 2B | ARI,0,0,0,0,0,0,0,0,0,0,0,0,.000,.000,.000,9999
W ,Pedro Gonzalez RF | TEX,0,0,0,0,0,0,0,0,0,0,0,0,.000,.000,.000,9999
W ,Luke Burch LF | DET,0,0,0,0,0,0,0,0,0,0,0,0,.000,.000,.000,9999
W ,Kale Emshoff C | KC,0,0,0,0,0,0,0,0,0,0,0,0,.000,.000,.000,9999
W ,Malique Ziegler LF | MIN,0,0,0,0,0,0,0,0,0,0,0,0,.000,.000,.000,9999
W ,Ronis Aybar LF | NYM,0,0,0,0,0,0,0,0,0,0,0,0,.000,.000,.000,9999
W ,Wade Kirkland 2B | ATH,0,0,0,0,0,0,0,0,0,0,0,0,.000,.000,.000,9999
W ,Alexander Vargas SS | NYY,0,0,0,0,0,0,0,0,0,0,0,0,.000,.000,.000,9999
W ,Luis Castro 1B | HOU,0,0,0,0,0,0,0,0,0,0,0,0,.000,.000,.000,9999
W ,Malcolm Moore C | TEX,0,0,0,0,0,0,0,0,0,0,0,0,.000,.000,.000,9999
W ,Kyle Barrett LF | MIA,0,0,0,0,0,0,0,0,0,0,0,0,.000,.000,.000,9999
W ,Chavez Young CF | MIL,0,0,0,0,0,0,0,0,0,0,0,0,.000,.000,.000,9999
W ,Kaden Polcovich 2B | SEA,0,0,0,0,0,0,0,0,0,0,0,0,.000,.000,.000,9999
W ,Michael Helman CF | STL ,0,0,0,0,0,0,0,0,0,0,0,0,.000,.000,.000,9999
W ,Jeremy Rivera SS | BOS,0,0,0,0,0,0,0,0,0,0,0,0,.000,.000,.000,9999
W ,Bruce Yari 1B | CIN,0,0,0,0,0,0,0,0,0,0,0,0,.000,.000,.000,9999
W ,Gavin Conticello RF | ARI,0,0,0,0,0,0,0,0,0,0,0,0,.000,.000,.000,9999
W ,Zach Shepherd 3B | DET,0,0,0,0,0,0,0,0,0,0,0,0,.000,.000,.000,9999
W ,Dillon Dobson SS | SF,0,0,0,0,0,0,0,0,0,0,0,0,.000,.000,.000,9999
W ,Pablo Guerrero 1B | TEX,0,0,0,0,0,0,0,0,0,0,0,0,.000,.000,.000,9999
W ,Mike Papi LF | CLE,0,0,0,0,0,0,0,0,0,0,0,0,.000,.000,.000,9999
W ,Wilfredo Flores LF | PHI,0,0,0,0,0,0,0,0,0,0,0,0,.000,.000,.000,9999
W ,Anthony Prato LF | MIN,0,0,0,0,0,0,0,0,0,0,0,0,.000,.000,.000,9999
W ,Andy Lugo 3B | BOS,0,0,0,0,0,0,0,0,0,0,0,0,.000,.000,.000,9999
W ,Jake Gelof 3B | LAD,0,0,0,0,0,0,0,0,0,0,0,0,.000,.000,.000,9999
W ,Marcos Almonte 3B | HOU,0,0,0,0,0,0,0,0,0,0,0,0,.000,.000,.000,9999
W ,Jeremy Vasquez 1B | NYM,0,0,0,0,0,0,0,0,0,0,0,0,.000,.000,.000,9999
W ,Jamal O'Guinn LF | CIN,0,0,0,0,0,0,0,0,0,0,0,0,.000,.000,.000,9999
W ,Jackson Miller C | CIN,0,0,0,0,0,0,0,0,0,0,0,0,.000,.000,.000,9999
W ,Marco Vargas 2B | NYM,0,0,0,0,0,0,0,0,0,0,0,0,.000,.000,.000,9999
W ,Jack Pineda SS | KC,0,0,0,0,0,0,0,0,0,0,0,0,.000,.000,.000,9999
W ,Dickie Joe Thon 2B | STL,0,0,0,0,0,0,0,0,0,0,0,0,.000,.000,.000,9999
W ,Jose Godoy C | TEX,0,0,0,0,0,0,0,0,0,0,0,0,.000,.000,.000,9999
W ,Cody Freeman SS | TEX,0,0,0,0,0,0,0,0,0,0,0,0,.000,.000,.000,9999
W ,Simon Muzziotti CF | PHI,0,0,0,0,0,0,0,0,0,0,0,0,.000,.000,.000,9999
W ,Cody Milligan CF | ATL,0,0,0,0,0,0,0,0,0,0,0,0,.000,.000,.000,9999
W ,Wander Franco SS | TB ,0,0,0,0,0,0,0,0,0,0,0,0,.000,.000,.000,9999
W ,Alejandro Salazar SS | ATL,0,0,0,0,0,0,0,0,0,0,0,0,.000,.000,.000,9999
W ,Wilson Garcia C | WAS,0,0,0,0,0,0,0,0,0,0,0,0,.000,.000,.000,9999
W ,Carson Tucker 2B | CLE,0,0,0,0,0,0,0,0,0,0,0,0,.000,.000,.000,9999
W ,Franklin Navarro C | LAA,0,0,0,0,0,0,0,0,0,0,0,0,.000,.000,.000,9999
W ,Oscar Gonzalez C | PHI,0,0,0,0,0,0,0,0,0,0,0,0,.000,.000,.000,9999
W ,Chase Davis CF | STL,0,0,0,0,0,0,0,0,0,0,0,0,.000,.000,.000,9999
W ,Alberto Mineo C | CHC,0,0,0,0,0,0,0,0,0,0,0,0,.000,.000,.000,9999
W ,Will Turner LF | BOS,0,0,0,0,0,0,0,0,0,0,0,0,.000,.000,.000,9999
W ,Corey Jones 2B | DET,0,0,0,0,0,0,0,0,0,0,0,0,.000,.000,.000,9999
W ,"Alika Williams 2B,SS | PIT",0,0,0,0,0,0,0,0,0,0,0,0,.000,.000,.000,9999
W ,Peyton Stovall 2B | CIN,0,0,0,0,0,0,0,0,0,0,0,0,.000,.000,.000,9999
W ,Javier Osorio SS | DET,0,0,0,0,0,0,0,0,0,0,0,0,.000,.000,.000,9999
W ,Ryder Green RF | NYY,0,0,0,0,0,0,0,0,0,0,0,0,.000,.000,.000,9999
W ,Noelberth Romero 2B | BAL,0,0,0,0,0,0,0,0,0,0,0,0,.000,.000,.000,9999
W ,Iker Franco C | ATL,0,0,0,0,0,0,0,0,0,0,0,0,.000,.000,.000,9999
W ,Cole Peterson SS | DET,0,0,0,0,0,0,0,0,0,0,0,0,.000,.000,.000,9999
W ,Kody Huff C | CLE,0,0,0,0,0,0,0,0,0,0,0,0,.000,.000,.000,9999
W ,Ryan Casteel 1B | ATL,0,0,0,0,0,0,0,0,0,0,0,0,.000,.000,.000,9999
W ,Arturo Rodriguez C | MIA,0,0,0,0,0,0,0,0,0,0,0,0,.000,.000,.000,9999
W ,Devin Saltiban 2B | PHI,0,0,0,0,0,0,0,0,0,0,0,0,.000,.000,.000,9999
W ,Jake Peter 2B | LAD,0,0,0,0,0,0,0,0,0,0,0,0,.000,.000,.000,9999
W ,Zach Clark RF | MIL,0,0,0,0,0,0,0,0,0,0,0,0,.000,.000,.000,9999
W ,Will Verdung 2B | ATL,0,0,0,0,0,0,0,0,0,0,0,0,.000,.000,.000,9999
W ,"Daz Cameron CF,LF,RF | BAL",0,0,0,0,0,0,0,0,0,0,0,0,.000,.000,.000,9999
W ,Marino Campana LF | BOS,0,0,0,0,0,0,0,0,0,0,0,0,.000,.000,.000,9999
W ,Aron Estrada 2B | BAL,0,0,0,0,0,0,0,0,0,0,0,0,.000,.000,.000,9999
W ,Aroon Escobar 2B | PHI,0,0,0,0,0,0,0,0,0,0,0,0,.000,.000,.000,9999
W ,Jesus Chirinos 1B | MIL,0,0,0,0,0,0,0,0,0,0,0,0,.000,.000,.000,9999
W ,Ismael Mena CF | CHC ,0,0,0,0,0,0,0,0,0,0,0,0,.000,.000,.000,9999
W ,Aaron Antonini C | STL,0,0,0,0,0,0,0,0,0,0,0,0,.000,.000,.000,9999
W ,Carlos Santiago SS | MIA,0,0,0,0,0,0,0,0,0,0,0,0,.000,.000,.000,9999
W ,Jax Biggers SS | TEX,0,0,0,0,0,0,0,0,0,0,0,0,.000,.000,.000,9999
W ,Alfredo Angarita 2B | HOU,0,0,0,0,0,0,0,0,0,0,0,0,.000,.000,.000,9999
W ,Jace Conrad 2B | TB,0,0,0,0,0,0,0,0,0,0,0,0,.000,.000,.000,9999
W ,Matt O'Neill C | NYM,0,0,0,0,0,0,0,0,0,0,0,0,.000,.000,.000,9999
W ,Wilfredo Lara SS | MIA,0,0,0,0,0,0,0,0,0,0,0,0,.000,.000,.000,9999
W ,Chesny Young 2B | CHC,0,0,0,0,0,0,0,0,0,0,0,0,.000,.000,.000,9999
W ,Joey Votto 1B | TOR,0,0,0,0,0,0,0,0,0,0,0,0,.000,.000,.000,9999
W ,Patrick Cantwell C | TOR,0,0,0,0,0,0,0,0,0,0,0,0,.000,.000,.000,9999
W ,Steven Fuentes 3B | DET,0,0,0,0,0,0,0,0,0,0,0,0,.000,.000,.000,9999
W ,Dorssys Paulino LF | CLE,0,0,0,0,0,0,0,0,0,0,0,0,.000,.000,.000,9999
W ,Danny Bethea C | BOS,0,0,0,0,0,0,0,0,0,0,0,0,.000,.000,.000,9999
W ,Spencer Henson 1B | NYY,0,0,0,0,0,0,0,0,0,0,0,0,.000,.000,.000,9999
W ,Jose Miguel Medina RF | NYM,0,0,0,0,0,0,0,0,0,0,0,0,.000,.000,.000,9999
W ,Anfernee Seymour CF | MIA,0,0,0,0,0,0,0,0,0,0,0,0,.000,.000,.000,9999
W ,Rubendy Jaquez 2B | KC,0,0,0,0,0,0,0,0,0,0,0,0,.000,.000,.000,9999
W ,Kevin Franklin 3B | CIN,0,0,0,0,0,0,0,0,0,0,0,0,.000,.000,.000,9999
W ,Theo Gillen CF | TB,0,0,0,0,0,0,0,0,0,0,0,0,.000,.000,.000,9999
W ,PK Morris 1B | TOR,0,0,0,0,0,0,0,0,0,0,0,0,.000,.000,.000,9999
W ,Roilan Machandy CF | HOU,0,0,0,0,0,0,0,0,0,0,0,0,.000,.000,.000,9999
W ,Max Pentecost C | TOR,0,0,0,0,0,0,0,0,0,0,0,0,.000,.000,.000,9999
W ,Tim Torres 3B | CHC,0,0,0,0,0,0,0,0,0,0,0,0,.000,.000,.000,9999
W ,Jorel Ortega 2B | MIN,0,0,0,0,0,0,0,0,0,0,0,0,.000,.000,.000,9999
W ,Zach Britton LF | TOR,0,0,0,0,0,0,0,0,0,0,0,0,.000,.000,.000,9999
W ,Cal Mitchell RF | CHW ,0,0,0,0,0,0,0,0,0,0,0,0,.000,.000,.000,9999
W ,Corey Joyce SS | DET,0,0,0,0,0,0,0,0,0,0,0,0,.000,.000,.000,9999
W ,Lazaro Armenteros LF | ATH,0,0,0,0,0,0,0,0,0,0,0,0,.000,.000,.000,9999
W ,Mason Robbins LF | CHW,0,0,0,0,0,0,0,0,0,0,0,0,.000,.000,.000,9999
W ,Jacob Wetzel LF | TOR,0,0,0,0,0,0,0,0,0,0,0,0,.000,.000,.000,9999
W ,River Stevens 2B | SD,0,0,0,0,0,0,0,0,0,0,0,0,.000,.000,.000,9999
W ,Jordan Brown SS | CLE,0,0,0,0,0,0,0,0,0,0,0,0,.000,.000,.000,9999
W ,Blake Barber 2B | MIA,0,0,0,0,0,0,0,0,0,0,0,0,.000,.000,.000,9999
W ,Osleivis Basabe SS | SF ,0,0,0,0,0,0,0,0,0,0,0,0,.000,.000,.000,9999
W ,Thomas Saggese 2B | STL ,0,0,0,0,0,0,0,0,0,0,0,0,.000,.000,.000,9999
W ,Spencer Griffin LF | LAA,0,0,0,0,0,0,0,0,0,0,0,0,.000,.000,.000,9999
W ,Ulrich Bojarski LF | DET,0,0,0,0,0,0,0,0,0,0,0,0,.000,.000,.000,9999
W ,Bralin Jackson CF | PIT,0,0,0,0,0,0,0,0,0,0,0,0,.000,.000,.000,9999
W ,Max Anderson 2B | DET,0,0,0,0,0,0,0,0,0,0,0,0,.000,.000,.000,9999
W ,Kyle Battle LF | NYY,0,0,0,0,0,0,0,0,0,0,0,0,.000,.000,.000,9999
W ,Mattingly Romanin 2B | TOR,0,0,0,0,0,0,0,0,0,0,0,0,.000,.000,.000,9999
W ,Jacob Rhinesmith RF | WAS,0,0,0,0,0,0,0,0,0,0,0,0,.000,.000,.000,9999
W ,Alex Destino RF | CHW,0,0,0,0,0,0,0,0,0,0,0,0,.000,.000,.000,9999
W ,Max Muncy SS | ATH,0,0,0,0,0,0,0,0,0,0,0,0,.000,.000,.000,9999
W ,Brian Serven C | DET,0,0,0,0,0,0,0,0,0,0,0,0,.000,.000,.000,9999
W ,Gino Groover 3B | ARI,0,0,0,0,0,0,0,0,0,0,0,0,.000,.000,.000,9999
W ,Maxwell Romero C | WAS,0,0,0,0,0,0,0,0,0,0,0,0,.000,.000,.000,9999
W ,J.P. Martinez LF | ATL,0,0,0,0,0,0,0,0,0,0,0,0,.000,.000,.000,9999
W ,Austin Deming 3B | HOU,0,0,0,0,0,0,0,0,0,0,0,0,.000,.000,.000,9999
W ,Jay Gonzalez CF | ARI,0,0,0,0,0,0,0,0,0,0,0,0,.000,.000,.000,9999
W ,Ray-Patrick Didder SS | SD,0,0,0,0,0,0,0,0,0,0,0,0,.000,.000,.000,9999
W ,Brayan Buelvas CF | ATH,0,0,0,0,0,0,0,0,0,0,0,0,.000,.000,.000,9999
W ,Juan Montero C | BOS,0,0,0,0,0,0,0,0,0,0,0,0,.000,.000,.000,9999
W ,Jose Hernandez C | NYM,0,0,0,0,0,0,0,0,0,0,0,0,.000,.000,.000,9999
W ,Sal Giardina C | ATL,0,0,0,0,0,0,0,0,0,0,0,0,.000,.000,.000,9999
W ,Ryan Metzler 3B | COL,0,0,0,0,0,0,0,0,0,0,0,0,.000,.000,.000,9999
W ,Reece Hampton RF | DET,0,0,0,0,0,0,0,0,0,0,0,0,.000,.000,.000,9999
W ,Luis Villegas C | KC,0,0,0,0,0,0,0,0,0,0,0,0,.000,.000,.000,9999
W ,Ben Troike SS | TB,0,0,0,0,0,0,0,0,0,0,0,0,.000,.000,.000,9999
W ,Adrian Valerio SS | PIT,0,0,0,0,0,0,0,0,0,0,0,0,.000,.000,.000,9999
W ,Luke Brown CF | PIT,0,0,0,0,0,0,0,0,0,0,0,0,.000,.000,.000,9999
W ,Devan Ahart CF | LAD,0,0,0,0,0,0,0,0,0,0,0,0,.000,.000,.000,9999
W ,Leo Heras LF | HOU,0,0,0,0,0,0,0,0,0,0,0,0,.000,.000,.000,9999
W ,Julian Leon C | LAA,0,0,0,0,0,0,0,0,0,0,0,0,.000,.000,.000,9999
W ,Drew Swift 3B | ATH,0,0,0,0,0,0,0,0,0,0,0,0,.000,.000,.000,9999
W ,Daylen Lile LF | WAS,0,0,0,0,0,0,0,0,0,0,0,0,.000,.000,.000,9999
W ,Brooks Brannon C | BOS,0,0,0,0,0,0,0,0,0,0,0,0,.000,.000,.000,9999
W ,Wade Wass C | LAA,0,0,0,0,0,0,0,0,0,0,0,0,.000,.000,.000,9999
W ,Daiwer Castellanos CF | TB,0,0,0,0,0,0,0,0,0,0,0,0,.000,.000,.000,9999
W ,Sonny DiChiara 1B | LAA,0,0,0,0,0,0,0,0,0,0,0,0,.000,.000,.000,9999
W ,Heriberto Hernandez LF | MIA,0,0,0,0,0,0,0,0,0,0,0,0,.000,.000,.000,9999
W ,Carter Aldrete 2B | ATH,0,0,0,0,0,0,0,0,0,0,0,0,.000,.000,.000,9999
W ,Cameron Cauley SS | TEX,0,0,0,0,0,0,0,0,0,0,0,0,.000,.000,.000,9999
W ,Angel Aguilar SS | NYY,0,0,0,0,0,0,0,0,0,0,0,0,.000,.000,.000,9999
W ,Norel Gonzalez LF | MIA,0,0,0,0,0,0,0,0,0,0,0,0,.000,.000,.000,9999
W ,Matthew Barefoot CF | HOU,0,0,0,0,0,0,0,0,0,0,0,0,.000,.000,.000,9999
W ,Osvaldo Duarte SS | HOU,0,0,0,0,0,0,0,0,0,0,0,0,.000,.000,.000,9999
W ,Juan Centeno C | ARI,0,0,0,0,0,0,0,0,0,0,0,0,.000,.000,.000,9999
W ,Antonio Anderson 3B | BOS,0,0,0,0,0,0,0,0,0,0,0,0,.000,.000,.000,9999
W ,Keaton Anthony 1B | PHI,0,0,0,0,0,0,0,0,0,0,0,0,.000,.000,.000,9999
W ,Will Bush C | HOU,0,0,0,0,0,0,0,0,0,0,0,0,.000,.000,.000,9999
W ,Torin Montgomery 1B | MIA,0,0,0,0,0,0,0,0,0,0,0,0,.000,.000,.000,9999
W ,Jake Lowery C | WAS,0,0,0,0,0,0,0,0,0,0,0,0,.000,.000,.000,9999
W ,Connor Owings 2B | ARI,0,0,0,0,0,0,0,0,0,0,0,0,.000,.000,.000,9999
W ,Brayan Morales LF | LAD,0,0,0,0,0,0,0,0,0,0,0,0,.000,.000,.000,9999
W ,Noah Williamson CF | MIA,0,0,0,0,0,0,0,0,0,0,0,0,.000,.000,.000,9999
W ,Justin Dirden CF | HOU,0,0,0,0,0,0,0,0,0,0,0,0,.000,.000,.000,9999
W ,Cobie Vance 2B | MIA,0,0,0,0,0,0,0,0,0,0,0,0,.000,.000,.000,9999
W ,Kenny Piper C | TB,0,0,0,0,0,0,0,0,0,0,0,0,.000,.000,.000,9999
W ,Jake Lamb 1B | SF,0,0,0,0,0,0,0,0,0,0,0,0,.000,.000,.000,9999
W ,Preston Scott LF | TEX,0,0,0,0,0,0,0,0,0,0,0,0,.000,.000,.000,9999
W ,Nick Dalesandro RF | ARI,0,0,0,0,0,0,0,0,0,0,0,0,.000,.000,.000,9999
W ,Jack Sundberg CF | WAS,0,0,0,0,0,0,0,0,0,0,0,0,.000,.000,.000,9999
W ,Roberto Pena C | LAA,0,0,0,0,0,0,0,0,0,0,0,0,.000,.000,.000,9999
W ,Johan Camargo SS | SF,0,0,0,0,0,0,0,0,0,0,0,0,.000,.000,.000,9999
W ,Angelo Gumbs 2B | CIN,0,0,0,0,0,0,0,0,0,0,0,0,.000,.000,.000,9999
W ,Edgar Alvarez 1B | CHC,0,0,0,0,0,0,0,0,0,0,0,0,.000,.000,.000,9999
W ,John Aiello 3B | TOR,0,0,0,0,0,0,0,0,0,0,0,0,.000,.000,.000,9999
W ,Taylor Young 2B | LAD,0,0,0,0,0,0,0,0,0,0,0,0,.000,.000,.000,9999
W ,Jose Gomez 2B | LAA,0,0,0,0,0,0,0,0,0,0,0,0,.000,.000,.000,9999
W ,Jared Wegner RF | NYY,0,0,0,0,0,0,0,0,0,0,0,0,.000,.000,.000,9999
W ,Jose Anderson CF | MIL,0,0,0,0,0,0,0,0,0,0,0,0,.000,.000,.000,9999
W ,Drew Mount LF | CIN,0,0,0,0,0,0,0,0,0,0,0,0,.000,.000,.000,9999
W ,Guillermo Pimentel RF | SEA,0,0,0,0,0,0,0,0,0,0,0,0,.000,.000,.000,9999
W ,Brandon Montgomery 2B | LAD,0,0,0,0,0,0,0,0,0,0,0,0,.000,.000,.000,9999
W ,JD Dix SS | ARI,0,0,0,0,0,0,0,0,0,0,0,0,.000,.000,.000,9999
W ,Elehuris Montero 1B | COL,0,0,0,0,0,0,0,0,0,0,0,0,.000,.000,.000,9999
W ,Chris Gittens 1B | HOU,0,0,0,0,0,0,0,0,0,0,0,0,.000,.000,.000,9999
W ,Arturo Guerrero CF | SEA,0,0,0,0,0,0,0,0,0,0,0,0,.000,.000,.000,9999
W ,Luis Lara CF | MIL,0,0,0,0,0,0,0,0,0,0,0,0,.000,.000,.000,9999
W ,Ramon Morla SS | SEA,0,0,0,0,0,0,0,0,0,0,0,0,.000,.000,.000,9999
W ,Erick Mejia 3B | WAS,0,0,0,0,0,0,0,0,0,0,0,0,.000,.000,.000,9999
W ,Alexander Alvarez C | TB,0,0,0,0,0,0,0,0,0,0,0,0,.000,.000,.000,9999
W ,Peyton Burdick RF | CIN,0,0,0,0,0,0,0,0,0,0,0,0,.000,.000,.000,9999
W ,Michael Strentz C | LAA,0,0,0,0,0,0,0,0,0,0,0,0,.000,.000,.000,9999
W ,Antonio Lamas SS | ATH,0,0,0,0,0,0,0,0,0,0,0,0,.000,.000,.000,9999
W ,Jeremias Pineda 2B | MIA,0,0,0,0,0,0,0,0,0,0,0,0,.000,.000,.000,9999
W ,Maxton Martin LF | TEX,0,0,0,0,0,0,0,0,0,0,0,0,.000,.000,.000,9999
W ,Benjamin Blackwell 2B | TEX,0,0,0,0,0,0,0,0,0,0,0,0,.000,.000,.000,9999
W ,Mayo Acosta C | TB,0,0,0,0,0,0,0,0,0,0,0,0,.000,.000,.000,9999
W ,Quentin Holmes LF | CLE,0,0,0,0,0,0,0,0,0,0,0,0,.000,.000,.000,9999
W ,Ryan Johnson 3B | HOU,0,0,0,0,0,0,0,0,0,0,0,0,.000,.000,.000,9999
W ,Tyler Ramirez RF | ATH,0,0,0,0,0,0,0,0,0,0,0,0,.000,.000,.000,9999
W ,Leonardo Reginatto SS | MIN,0,0,0,0,0,0,0,0,0,0,0,0,.000,.000,.000,9999
W ,Patrick Frick 2B | SEA,0,0,0,0,0,0,0,0,0,0,0,0,.000,.000,.000,9999
W ,Gabriel Rodriguez 3B | CLE,0,0,0,0,0,0,0,0,0,0,0,0,.000,.000,.000,9999
W ,Johnathon Thomas RF | WAS,0,0,0,0,0,0,0,0,0,0,0,0,.000,.000,.000,9999
W ,Sicnarf Loopstok C | CLE,0,0,0,0,0,0,0,0,0,0,0,0,.000,.000,.000,9999
W ,Brennan Milone 1B | ATH,0,0,0,0,0,0,0,0,0,0,0,0,.000,.000,.000,9999
W ,Chandler Seagle C | ATL,0,0,0,0,0,0,0,0,0,0,0,0,.000,.000,.000,9999
W ,Tyler Bortnick SS | ARI,0,0,0,0,0,0,0,0,0,0,0,0,.000,.000,.000,9999
W ,Jackson Glenn 3B | PIT,0,0,0,0,0,0,0,0,0,0,0,0,.000,.000,.000,9999
W ,Beau Amaral CF | SEA,0,0,0,0,0,0,0,0,0,0,0,0,.000,.000,.000,9999
W ,Paul Hoenecke 3B | LAD,0,0,0,0,0,0,0,0,0,0,0,0,.000,.000,.000,9999
W ,Ross Adolph CF | HOU,0,0,0,0,0,0,0,0,0,0,0,0,.000,.000,.000,9999
W ,Dale Burdick 2B | NYM,0,0,0,0,0,0,0,0,0,0,0,0,.000,.000,.000,9999
W ,Aaron Sabato 1B | MIN,0,0,0,0,0,0,0,0,0,0,0,0,.000,.000,.000,9999
W ,Elvis Peralta SS | ATH,0,0,0,0,0,0,0,0,0,0,0,0,.000,.000,.000,9999
W ,Freylin Minyety SS | PHI,0,0,0,0,0,0,0,0,0,0,0,0,.000,.000,.000,9999
W ,Hogan Windish 2B | SEA,0,0,0,0,0,0,0,0,0,0,0,0,.000,.000,.000,9999
W ,Willie Joe Garry Jr. RF | MIN,0,0,0,0,0,0,0,0,0,0,0,0,.000,.000,.000,9999
W ,Trever Morrison SS | MIL,0,0,0,0,0,0,0,0,0,0,0,0,.000,.000,.000,9999
W ,Cooper Johnson C | TEX,0,0,0,0,0,0,0,0,0,0,0,0,.000,.000,.000,9999
W ,Darius Day CF | TEX,0,0,0,0,0,0,0,0,0,0,0,0,.000,.000,.000,9999
W ,Gene Cone RF | NYM,0,0,0,0,0,0,0,0,0,0,0,0,.000,.000,.000,9999
W ,Chuck Moorman C | ATH,0,0,0,0,0,0,0,0,0,0,0,0,.000,.000,.000,9999
W ,Jordan McCants 2B | MIA,0,0,0,0,0,0,0,0,0,0,0,0,.000,.000,.000,9999
Bilgola-Balgowlah Bluedragons Modern Baseball Club,Nick Kurtz 1B | ATH ,0,0,0,0,0,0,0,0,0,0,0,0,.000,.000,.000,9999
W ,Kevonte Mitchell RF | CHC,0,0,0,0,0,0,0,0,0,0,0,0,.000,.000,.000,9999
W ,Tony Pena RF | TB,0,0,0,0,0,0,0,0,0,0,0,0,.000,.000,.000,9999
W ,Nick Torres LF | SD,0,0,0,0,0,0,0,0,0,0,0,0,.000,.000,.000,9999
W ,Leonel Valera SS | KC,0,0,0,0,0,0,0,0,0,0,0,0,.000,.000,.000,9999
W ,Manuel Beltre 2B | TOR,0,0,0,0,0,0,0,0,0,0,0,0,.000,.000,.000,9999
W ,Derrick Chung C | TOR,0,0,0,0,0,0,0,0,0,0,0,0,.000,.000,.000,9999
W ,Darick Hall 1B | PIT ,0,0,0,0,0,0,0,0,0,0,0,0,.000,.000,.000,9999
W ,Randolph Gassaway 1B | PIT,0,0,0,0,0,0,0,0,0,0,0,0,.000,.000,.000,9999
W ,Justice Thompson LF | CIN,0,0,0,0,0,0,0,0,0,0,0,0,.000,.000,.000,9999
W ,Khayyan Norfork 2B | WAS,0,0,0,0,0,0,0,0,0,0,0,0,.000,.000,.000,9999
W ,Charlie Condon LF | COL ,0,0,0,0,0,0,0,0,0,0,0,0,.000,.000,.000,9999
W ,Trever Adams 1B | TEX,0,0,0,0,0,0,0,0,0,0,0,0,.000,.000,.000,9999
W ,Brett Johnson LF | ARI,0,0,0,0,0,0,0,0,0,0,0,0,.000,.000,.000,9999
W ,Josh Hood SS | SEA,0,0,0,0,0,0,0,0,0,0,0,0,.000,.000,.000,9999
W ,Franklin Torres SS | LAA,0,0,0,0,0,0,0,0,0,0,0,0,.000,.000,.000,9999
W ,J.D. Mundy 1B | BAL,0,0,0,0,0,0,0,0,0,0,0,0,.000,.000,.000,9999
W ,Oscar Campos C | NYM,0,0,0,0,0,0,0,0,0,0,0,0,.000,.000,.000,9999
W ,Justin Crawford CF | PHI ,0,0,0,0,0,0,0,0,0,0,0,0,.000,.000,.000,9999
W ,Chad Castillo 1B | PHI,0,0,0,0,0,0,0,0,0,0,0,0,.000,.000,.000,9999
W ,Ariel Almonte RF | CIN,0,0,0,0,0,0,0,0,0,0,0,0,.000,.000,.000,9999
W ,T.J. Schofield-Sam 3B | ATH,0,0,0,0,0,0,0,0,0,0,0,0,.000,.000,.000,9999
W ,Derek Miller LF | BOS,0,0,0,0,0,0,0,0,0,0,0,0,.000,.000,.000,9999
W ,Keoni Cavaco 1B | MIN,0,0,0,0,0,0,0,0,0,0,0,0,.000,.000,.000,9999
W ,Jomar Reyes 3B | BAL,0,0,0,0,0,0,0,0,0,0,0,0,.000,.000,.000,9999
W ,Connor Caskenette C | MIA,0,0,0,0,0,0,0,0,0,0,0,0,.000,.000,.000,9999
W ,Jordan Sprinkle SS | CHW,0,0,0,0,0,0,0,0,0,0,0,0,.000,.000,.000,9999
W ,Jose King SS | DET,0,0,0,0,0,0,0,0,0,0,0,0,.000,.000,.000,9999
W ,Calvin Harris C | CHW,0,0,0,0,0,0,0,0,0,0,0,0,.000,.000,.000,9999
W ,Casey Schroeder C | CHW,0,0,0,0,0,0,0,0,0,0,0,0,.000,.000,.000,9999
W ,Albert Almora RF | MIA,0,0,0,0,0,0,0,0,0,0,0,0,.000,.000,.000,9999
W ,Jared James LF | ATL,0,0,0,0,0,0,0,0,0,0,0,0,.000,.000,.000,9999
W ,Eduardo Torrealba SS | NYY,0,0,0,0,0,0,0,0,0,0,0,0,.000,.000,.000,9999
W ,"Danny Mendick 2B,3B | CHW",0,0,0,0,0,0,0,0,0,0,0,0,.000,.000,.000,9999
W ,Diego Rincones LF | DET,0,0,0,0,0,0,0,0,0,0,0,0,.000,.000,.000,9999
W ,Jason Hagerty C | SD,0,0,0,0,0,0,0,0,0,0,0,0,.000,.000,.000,9999
W ,Yoeilin Cespedes SS | BOS,0,0,0,0,0,0,0,0,0,0,0,0,.000,.000,.000,9999
W ,Angeudis Santos 2B | MIA,0,0,0,0,0,0,0,0,0,0,0,0,.000,.000,.000,9999
W ,Chase Jensen 3B | SD,0,0,0,0,0,0,0,0,0,0,0,0,.000,.000,.000,9999
W ,Kevin Rivas C | CLE,0,0,0,0,0,0,0,0,0,0,0,0,.000,.000,.000,9999
W ,Carter Graham 1B | CIN,0,0,0,0,0,0,0,0,0,0,0,0,.000,.000,.000,9999
W ,Evan Edwards 1B | TB,0,0,0,0,0,0,0,0,0,0,0,0,.000,.000,.000,9999
W ,Rayner Arias CF | SF,0,0,0,0,0,0,0,0,0,0,0,0,.000,.000,.000,9999
W ,Nick Patten 1B | PIT,0,0,0,0,0,0,0,0,0,0,0,0,.000,.000,.000,9999
W ,Ronald Hernandez C | NYM,0,0,0,0,0,0,0,0,0,0,0,0,.000,.000,.000,9999
W ,Gabriel Lino C | STL,0,0,0,0,0,0,0,0,0,0,0,0,.000,.000,.000,9999
W ,Noah Cardenas C | MIN,0,0,0,0,0,0,0,0,0,0,0,0,.000,.000,.000,9999
W ,Jordan Luplow LF | PHI,0,0,0,0,0,0,0,0,0,0,0,0,.000,.000,.000,9999
W ,Arquimedes Gamboa SS | STL,0,0,0,0,0,0,0,0,0,0,0,0,.000,.000,.000,9999
W ,Brock Lundquist RF | TOR,0,0,0,0,0,0,0,0,0,0,0,0,.000,.000,.000,9999
W ,Elier Hernandez LF | TEX,0,0,0,0,0,0,0,0,0,0,0,0,.000,.000,.000,9999
W ,Richi Gonzalez LF | HOU,0,0,0,0,0,0,0,0,0,0,0,0,.000,.000,.000,9999
W ,Lamar King 1B | SD,0,0,0,0,0,0,0,0,0,0,0,0,.000,.000,.000,9999
W ,Christian Martin 2B | STL,0,0,0,0,0,0,0,0,0,0,0,0,.000,.000,.000,9999
W ,Austin Hendrick RF | CIN,0,0,0,0,0,0,0,0,0,0,0,0,.000,.000,.000,9999
W ,Javier Mogollon SS | CHW,0,0,0,0,0,0,0,0,0,0,0,0,.000,.000,.000,9999
W ,Bo Davidson LF | SF,0,0,0,0,0,0,0,0,0,0,0,0,.000,.000,.000,9999
W ,Sandro Fabian RF | TEX,0,0,0,0,0,0,0,0,0,0,0,0,.000,.000,.000,9999
W ,Maxx Tissenbaum 2B | COL,0,0,0,0,0,0,0,0,0,0,0,0,.000,.000,.000,9999
W ,Will Matthiessen 1B | PIT,0,0,0,0,0,0,0,0,0,0,0,0,.000,.000,.000,9999
W ,Vincent Perozo C | NYM,0,0,0,0,0,0,0,0,0,0,0,0,.000,.000,.000,9999
W ,Ricky Pacione C | CLE,0,0,0,0,0,0,0,0,0,0,0,0,.000,.000,.000,9999
W ,Rehiner Cordova 3B | MIA,0,0,0,0,0,0,0,0,0,0,0,0,.000,.000,.000,9999
W ,Payton Eeles 2B | MIN,0,0,0,0,0,0,0,0,0,0,0,0,.000,.000,.000,9999
W ,Edgar Quero C | CHW ,0,0,0,0,0,0,0,0,0,0,0,0,.000,.000,.000,9999
W ,Angel Cepeda SS | CHC,0,0,0,0,0,0,0,0,0,0,0,0,.000,.000,.000,9999
W ,Javeon Cody CF | MIA,0,0,0,0,0,0,0,0,0,0,0,0,.000,.000,.000,9999
W ,Zach Shank 3B | SEA,0,0,0,0,0,0,0,0,0,0,0,0,.000,.000,.000,9999
W ,Tyler Callihan 2B | CIN,0,0,0,0,0,0,0,0,0,0,0,0,.000,.000,.000,9999
W ,Jackson Castillo RF | NYY,0,0,0,0,0,0,0,0,0,0,0,0,.000,.000,.000,9999
W ,Ronnie Freeman C | ATH,0,0,0,0,0,0,0,0,0,0,0,0,.000,.000,.000,9999
W ,Jaden Rudd CF | TOR,0,0,0,0,0,0,0,0,0,0,0,0,.000,.000,.000,9999
W ,Jace Bohrofen RF | TOR,0,0,0,0,0,0,0,0,0,0,0,0,.000,.000,.000,9999
W ,Angel Feliz SS | WAS,0,0,0,0,0,0,0,0,0,0,0,0,.000,.000,.000,9999
W ,Jesus Hernandez SS | MIA,0,0,0,0,0,0,0,0,0,0,0,0,.000,.000,.000,9999
W ,Ian Strom CF | NYM,0,0,0,0,0,0,0,0,0,0,0,0,.000,.000,.000,9999
W ,Juan Uriarte C | NYM,0,0,0,0,0,0,0,0,0,0,0,0,.000,.000,.000,9999
W ,Damon Dues SS | SF,0,0,0,0,0,0,0,0,0,0,0,0,.000,.000,.000,9999
W ,Alfredo Duno C | CIN,0,0,0,0,0,0,0,0,0,0,0,0,.000,.000,.000,9999
W ,Eduardo Garcia SS | MIL,0,0,0,0,0,0,0,0,0,0,0,0,.000,.000,.000,9999
W ,Luis Rodriguez LF | LAD,0,0,0,0,0,0,0,0,0,0,0,0,.000,.000,.000,9999
W ,Luis Aviles SS | SD,0,0,0,0,0,0,0,0,0,0,0,0,.000,.000,.000,9999
W ,Daniel Montano RF | COL,0,0,0,0,0,0,0,0,0,0,0,0,.000,.000,.000,9999
W ,Freddy Zamora SS | MIL,0,0,0,0,0,0,0,0,0,0,0,0,.000,.000,.000,9999
W ,Yanquiel Fernandez RF | COL,0,0,0,0,0,0,0,0,0,0,0,0,.000,.000,.000,9999
W ,Christian Franklin RF | CHC,0,0,0,0,0,0,0,0,0,0,0,0,.000,.000,.000,9999
W ,Mishael Deson CF | BAL,0,0,0,0,0,0,0,0,0,0,0,0,.000,.000,.000,9999
W ,Cam Fisher LF | HOU,0,0,0,0,0,0,0,0,0,0,0,0,.000,.000,.000,9999
W ,Kole Enright LF | TEX,0,0,0,0,0,0,0,0,0,0,0,0,.000,.000,.000,9999
W ,Yairo Padilla SS | STL,0,0,0,0,0,0,0,0,0,0,0,0,.000,.000,.000,9999
W ,Darren Baker 2B | WAS ,0,0,0,0,0,0,0,0,0,0,0,0,.000,.000,.000,9999
W ,Payton Henry C | PHI,0,0,0,0,0,0,0,0,0,0,0,0,.000,.000,.000,9999
W ,Nick Schnell CF | WAS,0,0,0,0,0,0,0,0,0,0,0,0,.000,.000,.000,9999
W ,Quincy Scott RF | TEX,0,0,0,0,0,0,0,0,0,0,0,0,.000,.000,.000,9999
W ,Jesus Lopez C | TEX,0,0,0,0,0,0,0,0,0,0,0,0,.000,.000,.000,9999
W ,Misael Gonzalez Acosta RF | CHW,0,0,0,0,0,0,0,0,0,0,0,0,.000,.000,.000,9999
W ,Joey Wong SS | SEA,0,0,0,0,0,0,0,0,0,0,0,0,.000,.000,.000,9999
W ,Bryan Lavastida C | HOU,0,0,0,0,0,0,0,0,0,0,0,0,.000,.000,.000,9999
W ,Matt Koperniak RF | STL ,0,0,0,0,0,0,0,0,0,0,0,0,.000,.000,.000,9999
W ,Kevin Graham RF | ARI,0,0,0,0,0,0,0,0,0,0,0,0,.000,.000,.000,9999
W ,Emilien Pitre 2B | TB,0,0,0,0,0,0,0,0,0,0,0,0,.000,.000,.000,9999
W ,Jacob Berry RF | MIA,0,0,0,0,0,0,0,0,0,0,0,0,.000,.000,.000,9999
W ,Austin Dean LF | SF,0,0,0,0,0,0,0,0,0,0,0,0,.000,.000,.000,9999
W ,Jordan Gore SS | MIN,0,0,0,0,0,0,0,0,0,0,0,0,.000,.000,.000,9999
W ,Brady House 3B | WAS ,0,0,0,0,0,0,0,0,0,0,0,0,.000,.000,.000,9999
W ,Ronny Rojas SS | NYY,0,0,0,0,0,0,0,0,0,0,0,0,.000,.000,.000,9999
W ,Daniel Guilarte 2B | MIL,0,0,0,0,0,0,0,0,0,0,0,0,.000,.000,.000,9999
W ,Patrick Lee RF | DET,0,0,0,0,0,0,0,0,0,0,0,0,.000,.000,.000,9999
W ,David Harris LF | TOR,0,0,0,0,0,0,0,0,0,0,0,0,.000,.000,.000,9999
W ,Carlos Franco 3B | ATL,0,0,0,0,0,0,0,0,0,0,0,0,.000,.000,.000,9999
W ,Eduarqui Fernandez LF | MIL,0,0,0,0,0,0,0,0,0,0,0,0,.000,.000,.000,9999
W ,Nick Lucky 2B | MIN,0,0,0,0,0,0,0,0,0,0,0,0,.000,.000,.000,9999
W ,Garrett Whitley LF | PHI,0,0,0,0,0,0,0,0,0,0,0,0,.000,.000,.000,9999
W ,Brett Cumberland C | SF,0,0,0,0,0,0,0,0,0,0,0,0,.000,.000,.000,9999
W ,Tyler Baker C | ARI,0,0,0,0,0,0,0,0,0,0,0,0,.000,.000,.000,9999
W ,Chris Alleyne LF | LAD,0,0,0,0,0,0,0,0,0,0,0,0,.000,.000,.000,9999
W ,Madison Stokes SS | PHI,0,0,0,0,0,0,0,0,0,0,0,0,.000,.000,.000,9999
W ,Anderson Franco 3B | WAS,0,0,0,0,0,0,0,0,0,0,0,0,.000,.000,.000,9999
W ,Carlos Garcia 2B | KC,0,0,0,0,0,0,0,0,0,0,0,0,.000,.000,.000,9999
W ,Tim Roberson C | BOS,0,0,0,0,0,0,0,0,0,0,0,0,.000,.000,.000,9999
W ,Casey Saucke RF | CHW,0,0,0,0,0,0,0,0,0,0,0,0,.000,.000,.000,9999
W ,Junior Tilien SS | NYM,0,0,0,0,0,0,0,0,0,0,0,0,.000,.000,.000,9999
W ,Bryson Horne 1B | ATL,0,0,0,0,0,0,0,0,0,0,0,0,.000,.000,.000,9999
W ,Clark Eagan RF | PIT,0,0,0,0,0,0,0,0,0,0,0,0,.000,.000,.000,9999
W ,Jeff Malm 1B | TB,0,0,0,0,0,0,0,0,0,0,0,0,.000,.000,.000,9999
W ,Michael Paez SS | NYM,0,0,0,0,0,0,0,0,0,0,0,0,.000,.000,.000,9999
W ,Collin Ferguson 1B | COL,0,0,0,0,0,0,0,0,0,0,0,0,.000,.000,.000,9999
W ,Jarryd Dale DH | SD,0,0,0,0,0,0,0,0,0,0,0,0,.000,.000,.000,9999
W ,Allan Cerda CF | MIN,0,0,0,0,0,0,0,0,0,0,0,0,.000,.000,.000,9999
W ,Trace Tam Sing 2B | PIT,0,0,0,0,0,0,0,0,0,0,0,0,.000,.000,.000,9999
W ,Gioskar Amaya SS | CHC,0,0,0,0,0,0,0,0,0,0,0,0,.000,.000,.000,9999
W ,Zion Bannister LF | TEX,0,0,0,0,0,0,0,0,0,0,0,0,.000,.000,.000,9999
W ,Trey Harris RF | WAS,0,0,0,0,0,0,0,0,0,0,0,0,.000,.000,.000,9999
W ,Griffin Burkholder RF | PHI,0,0,0,0,0,0,0,0,0,0,0,0,.000,.000,.000,9999
W ,Donny Sands C | DET,0,0,0,0,0,0,0,0,0,0,0,0,.000,.000,.000,9999
W ,Nick Northcut 3B | CIN,0,0,0,0,0,0,0,0,0,0,0,0,.000,.000,.000,9999
W ,Eudy Pina CF | NYM,0,0,0,0,0,0,0,0,0,0,0,0,.000,.000,.000,9999
W ,Connor Kopach 2B | SEA,0,0,0,0,0,0,0,0,0,0,0,0,.000,.000,.000,9999
W ,Dylan Jasso 1B | NYY,0,0,0,0,0,0,0,0,0,0,0,0,.000,.000,.000,9999
W ,Micah Bello RF | MIL,0,0,0,0,0,0,0,0,0,0,0,0,.000,.000,.000,9999
W ,Joe McCarthy LF | TEX,0,0,0,0,0,0,0,0,0,0,0,0,.000,.000,.000,9999
W ,Ramon Mendoza 1B | STL,0,0,0,0,0,0,0,0,0,0,0,0,.000,.000,.000,9999
W ,Andrew Cossetti C | MIN,0,0,0,0,0,0,0,0,0,0,0,0,.000,.000,.000,9999
W ,Jose Salas CF | MIN,0,0,0,0,0,0,0,0,0,0,0,0,.000,.000,.000,9999
W ,Luis Gonzalez CF | BAL,0,0,0,0,0,0,0,0,0,0,0,0,.000,.000,.000,9999
W ,Gerson Molina LF | NYM,0,0,0,0,0,0,0,0,0,0,0,0,.000,.000,.000,9999
W ,Tanner Kirwer LF | SEA,0,0,0,0,0,0,0,0,0,0,0,0,.000,.000,.000,9999
W ,Fraymi De Leon 2B | BOS,0,0,0,0,0,0,0,0,0,0,0,0,.000,.000,.000,9999
W ,Johan Mieses RF | BOS,0,0,0,0,0,0,0,0,0,0,0,0,.000,.000,.000,9999
W ,Joe Bennie 2B | ATH,0,0,0,0,0,0,0,0,0,0,0,0,.000,.000,.000,9999
W ,Connor Marabell RF | CLE,0,0,0,0,0,0,0,0,0,0,0,0,.000,.000,.000,9999
W ,Johnathan Rodriguez RF | CLE ,0,0,0,0,0,0,0,0,0,0,0,0,.000,.000,.000,9999
W ,Michael Chavis 2B | LAD,0,0,0,0,0,0,0,0,0,0,0,0,.000,.000,.000,9999
W ,Jimmy Herron CF | MIL,0,0,0,0,0,0,0,0,0,0,0,0,.000,.000,.000,9999
W ,Ed Howard SS | CHC,0,0,0,0,0,0,0,0,0,0,0,0,.000,.000,.000,9999
W ,Zach Jarrett RF | BAL,0,0,0,0,0,0,0,0,0,0,0,0,.000,.000,.000,9999
W ,Trever Allen RF | LAA,0,0,0,0,0,0,0,0,0,0,0,0,.000,.000,.000,9999
W ,Jean Perez 2B | COL,0,0,0,0,0,0,0,0,0,0,0,0,.000,.000,.000,9999
W ,Robi Estrada SS | TB,0,0,0,0,0,0,0,0,0,0,0,0,.000,.000,.000,9999
W ,Rusber Estrada C | ATL,0,0,0,0,0,0,0,0,0,0,0,0,.000,.000,.000,9999
W ,Kahlil Watson 2B | CLE,0,0,0,0,0,0,0,0,0,0,0,0,.000,.000,.000,9999
W ,Kevin Bazzell C | WAS,0,0,0,0,0,0,0,0,0,0,0,0,.000,.000,.000,9999
W ,Austin Aune SS | NYY,0,0,0,0,0,0,0,0,0,0,0,0,.000,.000,.000,9999
W ,Cooper Bowman 2B | CIN,0,0,0,0,0,0,0,0,0,0,0,0,.000,.000,.000,9999
W ,Scott Bandura LF | SF,0,0,0,0,0,0,0,0,0,0,0,0,.000,.000,.000,9999
W ,Brian Hernandez 3B | LAA,0,0,0,0,0,0,0,0,0,0,0,0,.000,.000,.000,9999
W ,Wilmer Dominguez C | TB,0,0,0,0,0,0,0,0,0,0,0,0,.000,.000,.000,9999
W ,Edward Lantigua CF | NYM,0,0,0,0,0,0,0,0,0,0,0,0,.000,.000,.000,9999
W ,Javier Betancourt SS | MIL,0,0,0,0,0,0,0,0,0,0,0,0,.000,.000,.000,9999
W ,Edgleen Perez C | NYY,0,0,0,0,0,0,0,0,0,0,0,0,.000,.000,.000,9999
W ,Jameson Hannah CF | COL,0,0,0,0,0,0,0,0,0,0,0,0,.000,.000,.000,9999
W ,Jacob Zanon LF | NYM,0,0,0,0,0,0,0,0,0,0,0,0,.000,.000,.000,9999
W ,Rafael Lantigua 2B | PHI,0,0,0,0,0,0,0,0,0,0,0,0,.000,.000,.000,9999
W ,Joey Roach C | TB,0,0,0,0,0,0,0,0,0,0,0,0,.000,.000,.000,9999
W ,Myles Naylor SS | ATH,0,0,0,0,0,0,0,0,0,0,0,0,.000,.000,.000,9999
W ,Leo De Vries SS | SD,0,0,0,0,0,0,0,0,0,0,0,0,.000,.000,.000,9999
W ,Garrison Schwartz RF | ATL,0,0,0,0,0,0,0,0,0,0,0,0,.000,.000,.000,9999
W ,Amalani Fukofuka RF | KC,0,0,0,0,0,0,0,0,0,0,0,0,.000,.000,.000,9999
W ,Anthony Gutierrez CF | TEX,0,0,0,0,0,0,0,0,0,0,0,0,.000,.000,.000,9999
W ,Jackson Lancaster CF | TB,0,0,0,0,0,0,0,0,0,0,0,0,.000,.000,.000,9999
W ,Yeison Santana SS | SD,0,0,0,0,0,0,0,0,0,0,0,0,.000,.000,.000,9999
W ,Corey Wimberly 2B | MIN,0,0,0,0,0,0,0,0,0,0,0,0,.000,.000,.000,9999
W ,Keith Curcio CF | BOS,0,0,0,0,0,0,0,0,0,0,0,0,.000,.000,.000,9999
W ,T.J. Bennett 3B | SF,0,0,0,0,0,0,0,0,0,0,0,0,.000,.000,.000,9999
W ,Hayden Alvarez CF | LAA,0,0,0,0,0,0,0,0,0,0,0,0,.000,.000,.000,9999
W ,Daniel Lockhart 3B | ATL,0,0,0,0,0,0,0,0,0,0,0,0,.000,.000,.000,9999
W ,Chase Pinder LF | SF,0,0,0,0,0,0,0,0,0,0,0,0,.000,.000,.000,9999
W ,Stephen Alemais SS | PIT,0,0,0,0,0,0,0,0,0,0,0,0,.000,.000,.000,9999
W ,Colin Houck SS | NYM,0,0,0,0,0,0,0,0,0,0,0,0,.000,.000,.000,9999
W ,Daniel Ozoria SS | MIN,0,0,0,0,0,0,0,0,0,0,0,0,.000,.000,.000,9999
W ,Eric Wood 3B | PIT,0,0,0,0,0,0,0,0,0,0,0,0,.000,.000,.000,9999
W ,Mike Rothenberg C | DET,0,0,0,0,0,0,0,0,0,0,0,0,.000,.000,.000,9999
W ,Allan de San Miguel C | KC,0,0,0,0,0,0,0,0,0,0,0,0,.000,.000,.000,9999
W ,Eduardo Tait C | PHI,0,0,0,0,0,0,0,0,0,0,0,0,.000,.000,.000,9999
W ,Ryan Vilade LF | STL ,0,0,0,0,0,0,0,0,0,0,0,0,.000,.000,.000,9999
W ,Yeuni Munoz RF | TOR,0,0,0,0,0,0,0,0,0,0,0,0,.000,.000,.000,9999
W ,Deivis Nadal 2B | KC,0,0,0,0,0,0,0,0,0,0,0,0,.000,.000,.000,9999
W ,Cody Ramer SS | LAA,0,0,0,0,0,0,0,0,0,0,0,0,.000,.000,.000,9999
W ,Alexis Garcia SS | DET,0,0,0,0,0,0,0,0,0,0,0,0,.000,.000,.000,9999
W ,Braxton Martinez 3B | LAA,0,0,0,0,0,0,0,0,0,0,0,0,.000,.000,.000,9999
W ,Kyle McCann C | ATH,0,0,0,0,0,0,0,0,0,0,0,0,.000,.000,.000,9999
W ,Edwin Arroyo SS | CIN,0,0,0,0,0,0,0,0,0,0,0,0,.000,.000,.000,9999
W ,Keinner Pina C | LAA,0,0,0,0,0,0,0,0,0,0,0,0,.000,.000,.000,9999
W ,Luis Vazquez SS | BAL ,0,0,0,0,0,0,0,0,0,0,0,0,.000,.000,.000,9999
W ,Ricardo Marcano LF | CHC,0,0,0,0,0,0,0,0,0,0,0,0,.000,.000,.000,9999
W ,Jonah Todd LF | LAA,0,0,0,0,0,0,0,0,0,0,0,0,.000,.000,.000,9999
W ,Mason Davis 2B | MIA,0,0,0,0,0,0,0,0,0,0,0,0,.000,.000,.000,9999
W ,Angel Del Rosario LF | MIN,0,0,0,0,0,0,0,0,0,0,0,0,.000,.000,.000,9999
W ,Jay Beshears 1B | MIA,0,0,0,0,0,0,0,0,0,0,0,0,.000,.000,.000,9999
W ,Luis Mieses RF | TEX,0,0,0,0,0,0,0,0,0,0,0,0,.000,.000,.000,9999
W ,Jeral Perez 2B | CHW,0,0,0,0,0,0,0,0,0,0,0,0,.000,.000,.000,9999
W ,Nick Goodwin 2B | TOR,0,0,0,0,0,0,0,0,0,0,0,0,.000,.000,.000,9999
W ,Michael Turconi SS | TOR,0,0,0,0,0,0,0,0,0,0,0,0,.000,.000,.000,9999
W ,Eddie Park CF | CHW,0,0,0,0,0,0,0,0,0,0,0,0,.000,.000,.000,9999
W ,Dillon Persinger 2B | CLE,0,0,0,0,0,0,0,0,0,0,0,0,.000,.000,.000,9999
W ,Nick Podkul 3B | CHW,0,0,0,0,0,0,0,0,0,0,0,0,.000,.000,.000,9999
W ,Jose Torres SS | COL,0,0,0,0,0,0,0,0,0,0,0,0,.000,.000,.000,9999
W ,Sandro Gaston C | HOU,0,0,0,0,0,0,0,0,0,0,0,0,.000,.000,.000,9999
W ,AJ Graffanino SS | BAL,0,0,0,0,0,0,0,0,0,0,0,0,.000,.000,.000,9999
W ,Tyler White 1B | MIN,0,0,0,0,0,0,0,0,0,0,0,0,.000,.000,.000,9999
W ,Joe Gray RF | KC,0,0,0,0,0,0,0,0,0,0,0,0,.000,.000,.000,9999
W ,Arol Vera 3B | LAA,0,0,0,0,0,0,0,0,0,0,0,0,.000,.000,.000,9999
W ,DJ Gladney 1B | CHW,0,0,0,0,0,0,0,0,0,0,0,0,.000,.000,.000,9999
W ,A.J. Simcox SS | DET,0,0,0,0,0,0,0,0,0,0,0,0,.000,.000,.000,9999
W ,Cameron Cannon 2B | PHI,0,0,0,0,0,0,0,0,0,0,0,0,.000,.000,.000,9999
W ,Chase Vallot C | KC,0,0,0,0,0,0,0,0,0,0,0,0,.000,.000,.000,9999
W ,Hunter Dozier 3B | LAA,0,0,0,0,0,0,0,0,0,0,0,0,.000,.000,.000,9999
W ,Glenn Santiago SS | TOR,0,0,0,0,0,0,0,0,0,0,0,0,.000,.000,.000,9999
W ,Bruce Caldwell 2B | STL,0,0,0,0,0,0,0,0,0,0,0,0,.000,.000,.000,9999
W ,D.J. Wilson CF | CHC,0,0,0,0,0,0,0,0,0,0,0,0,.000,.000,.000,9999
W ,Dalton Kelly 1B | MIN,0,0,0,0,0,0,0,0,0,0,0,0,.000,.000,.000,9999
W ,Kyle Teel C | CHW ,0,0,0,0,0,0,0,0,0,0,0,0,.000,.000,.000,9999
W ,Daniel Montesino LF | SD,0,0,0,0,0,0,0,0,0,0,0,0,.000,.000,.000,9999
W ,Luke Keaschall 2B | MIN ,0,0,0,0,0,0,0,0,0,0,0,0,.000,.000,.000,9999
W ,Capri Ortiz SS | LAA,0,0,0,0,0,0,0,0,0,0,0,0,.000,.000,.000,9999
W ,Jake Boone SS | WAS,0,0,0,0,0,0,0,0,0,0,0,0,.000,.000,.000,9999
W ,Kyle Wren CF | CIN,0,0,0,0,0,0,0,0,0,0,0,0,.000,.000,.000,9999
W ,Chad McClanahan 3B | MIL,0,0,0,0,0,0,0,0,0,0,0,0,.000,.000,.000,9999
W ,Jacob Cozart C | CLE,0,0,0,0,0,0,0,0,0,0,0,0,.000,.000,.000,9999
W ,Chris Schrock SS | CIN,0,0,0,0,0,0,0,0,0,0,0,0,.000,.000,.000,9999
W ,Gage Canning RF | WAS,0,0,0,0,0,0,0,0,0,0,0,0,.000,.000,.000,9999
W ,Joe Donovan C | CLE,0,0,0,0,0,0,0,0,0,0,0,0,.000,.000,.000,9999
W ,Zacrey Law CF | TB,0,0,0,0,0,0,0,0,0,0,0,0,.000,.000,.000,9999
W ,Andrew Ely 2B | NYM,0,0,0,0,0,0,0,0,0,0,0,0,.000,.000,.000,9999
W ,Trae Santos 1B | SD,0,0,0,0,0,0,0,0,0,0,0,0,.000,.000,.000,9999
W ,Wagner Lagrange LF | NYM,0,0,0,0,0,0,0,0,0,0,0,0,.000,.000,.000,9999
W ,Jose Martinez SS | MIN,0,0,0,0,0,0,0,0,0,0,0,0,.000,.000,.000,9999
W ,LJ Hatch SS | COL,0,0,0,0,0,0,0,0,0,0,0,0,.000,.000,.000,9999
W ,Yovanny Rodriguez C | NYM,0,0,0,0,0,0,0,0,0,0,0,0,.000,.000,.000,9999
W ,Alexander Mojica 1B | PIT,0,0,0,0,0,0,0,0,0,0,0,0,.000,.000,.000,9999
W ,Zach Evans SS | SD,0,0,0,0,0,0,0,0,0,0,0,0,.000,.000,.000,9999
W ,Donovan Casey RF | WAS,0,0,0,0,0,0,0,0,0,0,0,0,.000,.000,.000,9999
W ,Romer Cuadrado RF | LAD,0,0,0,0,0,0,0,0,0,0,0,0,.000,.000,.000,9999
W ,Jace Avina CF | NYY,0,0,0,0,0,0,0,0,0,0,0,0,.000,.000,.000,9999
W ,Cody Bohanek SS | NYM,0,0,0,0,0,0,0,0,0,0,0,0,.000,.000,.000,9999
W ,Rainier Rivas CF | HOU,0,0,0,0,0,0,0,0,0,0,0,0,.000,.000,.000,9999
W ,Jordan Paroubeck LF | SD,0,0,0,0,0,0,0,0,0,0,0,0,.000,.000,.000,9999
W ,Jack Rogers LF | CIN,0,0,0,0,0,0,0,0,0,0,0,0,.000,.000,.000,9999
W ,Enmanuel Valdez 2B | PIT,0,0,0,0,0,0,0,0,0,0,0,0,.000,.000,.000,9999
W ,Antonio Gomez C | NYY,0,0,0,0,0,0,0,0,0,0,0,0,.000,.000,.000,9999
W ,Kobe Kato 2B | ATL,0,0,0,0,0,0,0,0,0,0,0,0,.000,.000,.000,9999
W ,Ryan Boldt RF | TB,0,0,0,0,0,0,0,0,0,0,0,0,.000,.000,.000,9999
W ,Patrick Biondi CF | NYM,0,0,0,0,0,0,0,0,0,0,0,0,.000,.000,.000,9999
W ,Robert Moore SS | PHI,0,0,0,0,0,0,0,0,0,0,0,0,.000,.000,.000,9999
W ,Yeuris Ramirez SS | HOU,0,0,0,0,0,0,0,0,0,0,0,0,.000,.000,.000,9999
W ,Jesse Medrano 3B | PIT,0,0,0,0,0,0,0,0,0,0,0,0,.000,.000,.000,9999
W ,Edryn Rodriguez SS | SEA,0,0,0,0,0,0,0,0,0,0,0,0,.000,.000,.000,9999
W ,Greg Deichmann RF | ATH,0,0,0,0,0,0,0,0,0,0,0,0,.000,.000,.000,9999
W ,Ching-Hsien Ko CF | LAD,0,0,0,0,0,0,0,0,0,0,0,0,.000,.000,.000,9999
W ,David McCabe 1B | ATL,0,0,0,0,0,0,0,0,0,0,0,0,.000,.000,.000,9999
W ,Ryan Picollo RF | SEA,0,0,0,0,0,0,0,0,0,0,0,0,.000,.000,.000,9999
W ,Gavin LaValley 3B | CIN,0,0,0,0,0,0,0,0,0,0,0,0,.000,.000,.000,9999
W ,Taylor Ard 1B | MIA,0,0,0,0,0,0,0,0,0,0,0,0,.000,.000,.000,9999
W ,Chad Spanberger RF | MIL,0,0,0,0,0,0,0,0,0,0,0,0,.000,.000,.000,9999
W ,Madison Santos RF | NYY,0,0,0,0,0,0,0,0,0,0,0,0,.000,.000,.000,9999
W ,Maximo Acosta SS | MIA,0,0,0,0,0,0,0,0,0,0,0,0,.000,.000,.000,9999
W ,Cristian More RF | CHC,0,0,0,0,0,0,0,0,0,0,0,0,.000,.000,.000,9999
W ,Javier Rivas SS | PIT,0,0,0,0,0,0,0,0,0,0,0,0,.000,.000,.000,9999
W ,Juan Apodaca C | TEX,0,0,0,0,0,0,0,0,0,0,0,0,.000,.000,.000,9999
W ,Logan Farrar LF | ATH,0,0,0,0,0,0,0,0,0,0,0,0,.000,.000,.000,9999
W ,Cole Carrigg CF | COL,0,0,0,0,0,0,0,0,0,0,0,0,.000,.000,.000,9999
W ,Leonardo Bernal C | STL,0,0,0,0,0,0,0,0,0,0,0,0,.000,.000,.000,9999
W ,Mark Thomas C | ARI,0,0,0,0,0,0,0,0,0,0,0,0,.000,.000,.000,9999
W ,Brandon Downes CF | KC,0,0,0,0,0,0,0,0,0,0,0,0,.000,.000,.000,9999
W ,Roberto Baldoquin SS | LAA,0,0,0,0,0,0,0,0,0,0,0,0,.000,.000,.000,9999
W ,Tucupita Marcano SS | SD,0,0,0,0,0,0,0,0,0,0,0,0,.000,.000,.000,9999
W ,Junior Marin RF | KC,0,0,0,0,0,0,0,0,0,0,0,0,.000,.000,.000,9999
W ,Ethan Workinger CF | ATL,0,0,0,0,0,0,0,0,0,0,0,0,.000,.000,.000,9999
W ,Dalton Rushing C | LAD,0,0,0,0,0,0,0,0,0,0,0,0,.000,.000,.000,9999
W ,Nick Cimillo 1B | PIT,0,0,0,0,0,0,0,0,0,0,0,0,.000,.000,.000,9999
W ,Hendry Mendez LF | PHI,0,0,0,0,0,0,0,0,0,0,0,0,.000,.000,.000,9999
W ,Tyler Marlette C | ATL,0,0,0,0,0,0,0,0,0,0,0,0,.000,.000,.000,9999
W ,Cesar Galvez SS | COL,0,0,0,0,0,0,0,0,0,0,0,0,.000,.000,.000,9999
W ,Peter Van Gansen SS | SD,0,0,0,0,0,0,0,0,0,0,0,0,.000,.000,.000,9999
W ,Randy De Jesus RF | LAA,0,0,0,0,0,0,0,0,0,0,0,0,.000,.000,.000,9999
W ,Ehire Adrianza 3B | LAA,0,0,0,0,0,0,0,0,0,0,0,0,.000,.000,.000,9999
W ,Carson Roccaforte CF | KC,0,0,0,0,0,0,0,0,0,0,0,0,.000,.000,.000,9999
W ,Arvicent Perez C | DET,0,0,0,0,0,0,0,0,0,0,0,0,.000,.000,.000,9999
W ,Tyler Wilson LF | NYY,0,0,0,0,0,0,0,0,0,0,0,0,.000,.000,.000,9999
W ,Beau Brundage SS | TB,0,0,0,0,0,0,0,0,0,0,0,0,.000,.000,.000,9999
W ,Junior Arias SS | SF,0,0,0,0,0,0,0,0,0,0,0,0,.000,.000,.000,9999
W ,Jared Walker 3B | LAD,0,0,0,0,0,0,0,0,0,0,0,0,.000,.000,.000,9999
W ,Joey Meneses 1B | NYM ,0,0,0,0,0,0,0,0,0,0,0,0,.000,.000,.000,9999
W ,Diego Hernandez CF | KC,0,0,0,0,0,0,0,0,0,0,0,0,.000,.000,.000,9999
W ,Ji-Man Choi DH | NYM,0,0,0,0,0,0,0,0,0,0,0,0,.000,.000,.000,9999
W ,Aidan Longwell 1B | COL,0,0,0,0,0,0,0,0,0,0,0,0,.000,.000,.000,9999
W ,Esmerlyn Valdez 1B | PIT,0,0,0,0,0,0,0,0,0,0,0,0,.000,.000,.000,9999
W ,Braden Montgomery RF | CHW,0,0,0,0,0,0,0,0,0,0,0,0,.000,.000,.000,9999
W ,Luis Santana 2B | HOU,0,0,0,0,0,0,0,0,0,0,0,0,.000,.000,.000,9999
W ,Steve Berman C | TOR,0,0,0,0,0,0,0,0,0,0,0,0,.000,.000,.000,9999
W ,Henry Pujols 3B | CLE,0,0,0,0,0,0,0,0,0,0,0,0,.000,.000,.000,9999
W ,Jonah Davis CF | PIT,0,0,0,0,0,0,0,0,0,0,0,0,.000,.000,.000,9999
W ,Jalen Battles SS | TB,0,0,0,0,0,0,0,0,0,0,0,0,.000,.000,.000,9999
W ,Aidan Smith CF | TB,0,0,0,0,0,0,0,0,0,0,0,0,.000,.000,.000,9999
W ,Alex Glenn CF | MIA,0,0,0,0,0,0,0,0,0,0,0,0,.000,.000,.000,9999
W ,Jonah Arenado 3B | SF,0,0,0,0,0,0,0,0,0,0,0,0,.000,.000,.000,9999
W ,Geraldo Quintero LF | ATL,0,0,0,0,0,0,0,0,0,0,0,0,.000,.000,.000,9999
W ,Tsung-Che Cheng SS | PIT,0,0,0,0,0,0,0,0,0,0,0,0,.000,.000,.000,9999
W ,Alex Lavisky C | CLE,0,0,0,0,0,0,0,0,0,0,0,0,.000,.000,.000,9999
W ,Ranyelmy Mendoza RF | LAA,0,0,0,0,0,0,0,0,0,0,0,0,.000,.000,.000,9999
W ,Wilson Soriano CF | COL,0,0,0,0,0,0,0,0,0,0,0,0,.000,.000,.000,9999
W ,Daniel Vellojin C | CIN,0,0,0,0,0,0,0,0,0,0,0,0,.000,.000,.000,9999
W ,James Free C | CIN,0,0,0,0,0,0,0,0,0,0,0,0,.000,.000,.000,9999
W ,Jose Abreu 1B | HOU,0,0,0,0,0,0,0,0,0,0,0,0,.000,.000,.000,9999
W ,Anthony Quirion C | PHI,0,0,0,0,0,0,0,0,0,0,0,0,.000,.000,.000,9999
W ,Vince Jackson CF | STL,0,0,0,0,0,0,0,0,0,0,0,0,.000,.000,.000,9999
W ,Chris Berset C | CIN,0,0,0,0,0,0,0,0,0,0,0,0,.000,.000,.000,9999
W ,Beau Philip SS | ATL,0,0,0,0,0,0,0,0,0,0,0,0,.000,.000,.000,9999
W ,Nate Mondou 2B | CHW,0,0,0,0,0,0,0,0,0,0,0,0,.000,.000,.000,9999
W ,Nathan Perry C | HOU,0,0,0,0,0,0,0,0,0,0,0,0,.000,.000,.000,9999
W ,Robert Robertis LF | TOR,0,0,0,0,0,0,0,0,0,0,0,0,.000,.000,.000,9999
W ,Jeff Kemp SS | BAL,0,0,0,0,0,0,0,0,0,0,0,0,.000,.000,.000,9999
W ,Aramis Ademan SS | CHC,0,0,0,0,0,0,0,0,0,0,0,0,.000,.000,.000,9999
W ,Carlos Jimenez CF | SEA,0,0,0,0,0,0,0,0,0,0,0,0,.000,.000,.000,9999
W ,Kolten Wong 2B | BAL,0,0,0,0,0,0,0,0,0,0,0,0,.000,.000,.000,9999
W ,James Beard CF | CHW,0,0,0,0,0,0,0,0,0,0,0,0,.000,.000,.000,9999
W ,Delvin Perez 3B | STL,0,0,0,0,0,0,0,0,0,0,0,0,.000,.000,.000,9999
W ,Forrest Wall LF | SD ,0,0,0,0,0,0,0,0,0,0,0,0,.000,.000,.000,9999
W ,Devonte Brown CF | TOR,0,0,0,0,0,0,0,0,0,0,0,0,.000,.000,.000,9999
W ,Francisco Hernandez 3B | STL,0,0,0,0,0,0,0,0,0,0,0,0,.000,.000,.000,9999
W ,Jace Jung 3B | DET ,0,0,0,0,0,0,0,0,0,0,0,0,.000,.000,.000,9999
W ,Bryan Broecker C | TB,0,0,0,0,0,0,0,0,0,0,0,0,.000,.000,.000,9999
W ,Ivan Johnson LF | CIN,0,0,0,0,0,0,0,0,0,0,0,0,.000,.000,.000,9999
W ,Jorma Rodriguez SS | CLE,0,0,0,0,0,0,0,0,0,0,0,0,.000,.000,.000,9999
W ,Raimfer Salinas RF | NYY,0,0,0,0,0,0,0,0,0,0,0,0,.000,.000,.000,9999
W ,Bligh Madris 1B | DET,0,0,0,0,0,0,0,0,0,0,0,0,.000,.000,.000,9999
W ,Nathan Eaton LF | BOS,0,0,0,0,0,0,0,0,0,0,0,0,.000,.000,.000,9999
W ,Austin Bossart C | NYM,0,0,0,0,0,0,0,0,0,0,0,0,.000,.000,.000,9999
W ,Mark Contreras CF | BOS,0,0,0,0,0,0,0,0,0,0,0,0,.000,.000,.000,9999
W ,Luis Curbelo SS | CHW,0,0,0,0,0,0,0,0,0,0,0,0,.000,.000,.000,9999
W ,Clay Dungan SS | SD,0,0,0,0,0,0,0,0,0,0,0,0,.000,.000,.000,9999
W ,Javier Vaz 2B | KC,0,0,0,0,0,0,0,0,0,0,0,0,.000,.000,.000,9999
W ,Anthony Garcia RF | NYY,0,0,0,0,0,0,0,0,0,0,0,0,.000,.000,.000,9999
W ,Ryan Grotjohn 2B | ARI,0,0,0,0,0,0,0,0,0,0,0,0,.000,.000,.000,9999
W ,Stephen Gaylor CF | ATL,0,0,0,0,0,0,0,0,0,0,0,0,.000,.000,.000,9999
W ,Marshall Toole LF | NYY,0,0,0,0,0,0,0,0,0,0,0,0,.000,.000,.000,9999
W ,Yohairo Cuevas 1B | NYM,0,0,0,0,0,0,0,0,0,0,0,0,.000,.000,.000,9999
W ,Joel Booker CF | CHW,0,0,0,0,0,0,0,0,0,0,0,0,.000,.000,.000,9999
W ,Deon Stafford C | PIT,0,0,0,0,0,0,0,0,0,0,0,0,.000,.000,.000,9999
W ,Tyler Dearden RF | MIN,0,0,0,0,0,0,0,0,0,0,0,0,.000,.000,.000,9999
W ,Marcus Davis 1B | SD,0,0,0,0,0,0,0,0,0,0,0,0,.000,.000,.000,9999
W ,Kyle DeBarge 2B | MIN,0,0,0,0,0,0,0,0,0,0,0,0,.000,.000,.000,9999
W ,Juan Silverio SS | CIN,0,0,0,0,0,0,0,0,0,0,0,0,.000,.000,.000,9999
W ,Tyler Friis 2B | CLE,0,0,0,0,0,0,0,0,0,0,0,0,.000,.000,.000,9999
W ,Franklin Labour RF | SF,0,0,0,0,0,0,0,0,0,0,0,0,.000,.000,.000,9999
W ,Brett Phillips CF | CHW,0,0,0,0,0,0,0,0,0,0,0,0,.000,.000,.000,9999
W ,Rubel Cespedes 3B | MIN,0,0,0,0,0,0,0,0,0,0,0,0,.000,.000,.000,9999
W ,Kyle Overstreet C | SD,0,0,0,0,0,0,0,0,0,0,0,0,.000,.000,.000,9999
W ,Pedro Martinez 2B | PHI,0,0,0,0,0,0,0,0,0,0,0,0,.000,.000,.000,9999
W ,Jose Mujica C | ATH,0,0,0,0,0,0,0,0,0,0,0,0,.000,.000,.000,9999
W ,Michael Gettys CF | BOS,0,0,0,0,0,0,0,0,0,0,0,0,.000,.000,.000,9999
W ,Pat DeMarco LF | NYY,0,0,0,0,0,0,0,0,0,0,0,0,.000,.000,.000,9999
W ,Ivan Luciano C | ARI,0,0,0,0,0,0,0,0,0,0,0,0,.000,.000,.000,9999
W ,Drew Turbin 2B | BAL,0,0,0,0,0,0,0,0,0,0,0,0,.000,.000,.000,9999
W ,Luis Liberato CF | ATL,0,0,0,0,0,0,0,0,0,0,0,0,.000,.000,.000,9999
W ,Jesse Franklin LF | ATL ,0,0,0,0,0,0,0,0,0,0,0,0,.000,.000,.000,9999
W ,Juan Santander C | HOU,0,0,0,0,0,0,0,0,0,0,0,0,.000,.000,.000,9999
W ,Victor Mesa Jr. CF | MIA,0,0,0,0,0,0,0,0,0,0,0,0,.000,.000,.000,9999
W ,Erick Salcedo SS | LAA,0,0,0,0,0,0,0,0,0,0,0,0,.000,.000,.000,9999
W ,Avery Romero 2B | MIA,0,0,0,0,0,0,0,0,0,0,0,0,.000,.000,.000,9999
W ,Torii Hunter CF | LAA,0,0,0,0,0,0,0,0,0,0,0,0,.000,.000,.000,9999
W ,Brandon Howlett 3B | BOS,0,0,0,0,0,0,0,0,0,0,0,0,.000,.000,.000,9999
W ,David Gonzalez 2B | DET,0,0,0,0,0,0,0,0,0,0,0,0,.000,.000,.000,9999
W ,Gionti Turner SS | TB,0,0,0,0,0,0,0,0,0,0,0,0,.000,.000,.000,9999
W ,Lamar Sparks RF | MIL,0,0,0,0,0,0,0,0,0,0,0,0,.000,.000,.000,9999
W ,Erick Meza 1B | LAD,0,0,0,0,0,0,0,0,0,0,0,0,.000,.000,.000,9999
W ,Enrique Bradfield CF | BAL,0,0,0,0,0,0,0,0,0,0,0,0,.000,.000,.000,9999
W ,Marcus Chiu 2B | MIA,0,0,0,0,0,0,0,0,0,0,0,0,.000,.000,.000,9999
W ,Andy Yerzy 1B | CIN,0,0,0,0,0,0,0,0,0,0,0,0,.000,.000,.000,9999
W ,Josh Stephen LF | PHI,0,0,0,0,0,0,0,0,0,0,0,0,.000,.000,.000,9999
W ,Jared Sprague-Lott SS | ATH,0,0,0,0,0,0,0,0,0,0,0,0,.000,.000,.000,9999
W ,Griffin Benson 1B | ATL,0,0,0,0,0,0,0,0,0,0,0,0,.000,.000,.000,9999
W ,Chad Hinshaw CF | LAA,0,0,0,0,0,0,0,0,0,0,0,0,.000,.000,.000,9999
W ,Craig Dedelow RF | CHW,0,0,0,0,0,0,0,0,0,0,0,0,.000,.000,.000,9999
W ,Quincy Latimore LF | DET,0,0,0,0,0,0,0,0,0,0,0,0,.000,.000,.000,9999
W ,Giovanny Alfonzo 2B | MIA,0,0,0,0,0,0,0,0,0,0,0,0,.000,.000,.000,9999
W ,Kevin Sim 1B | ARI,0,0,0,0,0,0,0,0,0,0,0,0,.000,.000,.000,9999
W ,Steve Rodriguez C | ATL,0,0,0,0,0,0,0,0,0,0,0,0,.000,.000,.000,9999
W ,Albert Suarez SS | NYM,0,0,0,0,0,0,0,0,0,0,0,0,.000,.000,.000,9999
W ,Luis Tejada 1B | LAA,0,0,0,0,0,0,0,0,0,0,0,0,.000,.000,.000,9999
W ,Gleider Figuereo 3B | TEX,0,0,0,0,0,0,0,0,0,0,0,0,.000,.000,.000,9999
W ,Samuel Munoz LF | LAD,0,0,0,0,0,0,0,0,0,0,0,0,.000,.000,.000,9999
W ,Sharlon Schoop SS | BAL,0,0,0,0,0,0,0,0,0,0,0,0,.000,.000,.000,9999
W ,Brenden Dixon SS | PIT,0,0,0,0,0,0,0,0,0,0,0,0,.000,.000,.000,9999
W ,L.J. Talley 2B | TOR,0,0,0,0,0,0,0,0,0,0,0,0,.000,.000,.000,9999
W ,Angel Zarate RF | CLE,0,0,0,0,0,0,0,0,0,0,0,0,.000,.000,.000,9999
W ,Ben Verlander CF | DET,0,0,0,0,0,0,0,0,0,0,0,0,.000,.000,.000,9999
W ,Carlos Perez C | CHW,0,0,0,0,0,0,0,0,0,0,0,0,.000,.000,.000,9999
W ,Cole Anderson CF | COL,0,0,0,0,0,0,0,0,0,0,0,0,.000,.000,.000,9999
W ,Chad Bell 3B | NYY,0,0,0,0,0,0,0,0,0,0,0,0,.000,.000,.000,9999
W ,James Tibbs RF | SF,0,0,0,0,0,0,0,0,0,0,0,0,.000,.000,.000,9999
W ,Jorge Ruiz LF | LAA,0,0,0,0,0,0,0,0,0,0,0,0,.000,.000,.000,9999
W ,KD Kang RF | ATL,0,0,0,0,0,0,0,0,0,0,0,0,.000,.000,.000,9999
W ,Ryan Costello 3B | MIN,0,0,0,0,0,0,0,0,0,0,0,0,.000,.000,.000,9999
W ,Luis Cova CF | MIA,0,0,0,0,0,0,0,0,0,0,0,0,.000,.000,.000,9999
W ,Daniel Spingola LF | CHC,0,0,0,0,0,0,0,0,0,0,0,0,.000,.000,.000,9999
W ,Dalvy Rosario 3B | MIA,0,0,0,0,0,0,0,0,0,0,0,0,.000,.000,.000,9999
W ,Kameron Misner CF | TB ,0,0,0,0,0,0,0,0,0,0,0,0,.000,.000,.000,9999
W ,Austen Wade CF | CLE,0,0,0,0,0,0,0,0,0,0,0,0,.000,.000,.000,9999
W ,Roby Enriquez RF | ARI,0,0,0,0,0,0,0,0,0,0,0,0,.000,.000,.000,9999
W ,Edgar Corcino 3B | BOS,0,0,0,0,0,0,0,0,0,0,0,0,.000,.000,.000,9999
W ,Jeremy de la Rosa RF | WAS,0,0,0,0,0,0,0,0,0,0,0,0,.000,.000,.000,9999
W ,Alan Mejia LF | NYY,0,0,0,0,0,0,0,0,0,0,0,0,.000,.000,.000,9999
W ,Kevin Hankerd LF | ARI,0,0,0,0,0,0,0,0,0,0,0,0,.000,.000,.000,9999
W ,Wilman Diaz SS | LAD,0,0,0,0,0,0,0,0,0,0,0,0,.000,.000,.000,9999
W ,Jared Sundstrom RF | SEA,0,0,0,0,0,0,0,0,0,0,0,0,.000,.000,.000,9999
W ,Cole Billingsley RF | BAL,0,0,0,0,0,0,0,0,0,0,0,0,.000,.000,.000,9999
W ,JoJo Blackmon CF | TEX,0,0,0,0,0,0,0,0,0,0,0,0,.000,.000,.000,9999
W ,Rudy Flores 1B | ARI,0,0,0,0,0,0,0,0,0,0,0,0,.000,.000,.000,9999
W ,Welbyn Francisca SS | CLE,0,0,0,0,0,0,0,0,0,0,0,0,.000,.000,.000,9999
W ,Max McDowell C | TOR,0,0,0,0,0,0,0,0,0,0,0,0,.000,.000,.000,9999
W ,Yoander Rivero SS | WAS,0,0,0,0,0,0,0,0,0,0,0,0,.000,.000,.000,9999
W ,Miguel Aparicio CF | TEX,0,0,0,0,0,0,0,0,0,0,0,0,.000,.000,.000,9999
W ,Mitch Ghelfi C | NYM,0,0,0,0,0,0,0,0,0,0,0,0,.000,.000,.000,9999
W ,Jonathan Guzman SS | MIA,0,0,0,0,0,0,0,0,0,0,0,0,.000,.000,.000,9999
W ,Andretty Cordero DH | TEX,0,0,0,0,0,0,0,0,0,0,0,0,.000,.000,.000,9999
W ,Jonathan Machado CF | STL,0,0,0,0,0,0,0,0,0,0,0,0,.000,.000,.000,9999
W ,Maui Ahuna SS | SF,0,0,0,0,0,0,0,0,0,0,0,0,.000,.000,.000,9999
W ,Carlos Colmenarez 2B | TB,0,0,0,0,0,0,0,0,0,0,0,0,.000,.000,.000,9999
W ,Luis Medina CF | MIL,0,0,0,0,0,0,0,0,0,0,0,0,.000,.000,.000,9999
W ,Harrison Spohn SS | MIA,0,0,0,0,0,0,0,0,0,0,0,0,.000,.000,.000,9999
W ,Dylan Campbell CF | PHI,0,0,0,0,0,0,0,0,0,0,0,0,.000,.000,.000,9999
W ,Marcos Cabrera 3B | NYY,0,0,0,0,0,0,0,0,0,0,0,0,.000,.000,.000,9999
W ,Alex McKenna CF | HOU,0,0,0,0,0,0,0,0,0,0,0,0,.000,.000,.000,9999
W ,Corbin Williams LF | PHI,0,0,0,0,0,0,0,0,0,0,0,0,.000,.000,.000,9999
W ,Kevin Medrano 2B | ARI,0,0,0,0,0,0,0,0,0,0,0,0,.000,.000,.000,9999
W ,Jonathan Galvez SS | NYY,0,0,0,0,0,0,0,0,0,0,0,0,.000,.000,.000,9999
W ,Miguel Sano 3B | LAA,0,0,0,0,0,0,0,0,0,0,0,0,.000,.000,.000,9999
W ,Johan Barrios 1B | MIL,0,0,0,0,0,0,0,0,0,0,0,0,.000,.000,.000,9999
W ,Jacob Pearson LF | ATL,0,0,0,0,0,0,0,0,0,0,0,0,.000,.000,.000,9999
W ,Yadir Drake RF | LAD,0,0,0,0,0,0,0,0,0,0,0,0,.000,.000,.000,9999
W ,Victor Labrada CF | SEA,0,0,0,0,0,0,0,0,0,0,0,0,.000,.000,.000,9999
W ,Erik Forgione 2B | PIT,0,0,0,0,0,0,0,0,0,0,0,0,.000,.000,.000,9999
W ,Joan Delgado LF | CHC,0,0,0,0,0,0,0,0,0,0,0,0,.000,.000,.000,9999
W ,Brett Vertigan CF | ATH,0,0,0,0,0,0,0,0,0,0,0,0,.000,.000,.000,9999
W ,Hunter Bishop CF | SF,0,0,0,0,0,0,0,0,0,0,0,0,.000,.000,.000,9999
W ,Tommy Troy SS | ARI,0,0,0,0,0,0,0,0,0,0,0,0,.000,.000,.000,9999
W ,Ronnie Jebavy CF | SF,0,0,0,0,0,0,0,0,0,0,0,0,.000,.000,.000,9999
W ,"Darell Hernaiz 3B,SS | ATH ",0,0,0,0,0,0,0,0,0,0,0,0,.000,.000,.000,9999
W ,Yorlis Rodriguez 3B | SF,0,0,0,0,0,0,0,0,0,0,0,0,.000,.000,.000,9999
W ,Danny Lantigua LF | CIN,0,0,0,0,0,0,0,0,0,0,0,0,.000,.000,.000,9999
W ,Mike Reeves C | TOR,0,0,0,0,0,0,0,0,0,0,0,0,.000,.000,.000,9999
W ,Jared Reaves SS | DET,0,0,0,0,0,0,0,0,0,0,0,0,.000,.000,.000,9999
W ,Stephen McGee C | SD,0,0,0,0,0,0,0,0,0,0,0,0,.000,.000,.000,9999
W ,Chris Rotondo RF | STL,0,0,0,0,0,0,0,0,0,0,0,0,.000,.000,.000,9999
W ,Grant Koch C | PIT,0,0,0,0,0,0,0,0,0,0,0,0,.000,.000,.000,9999
W ,Matt Carpenter DH | STL,0,0,0,0,0,0,0,0,0,0,0,0,.000,.000,.000,9999
W ,Jose Izarra SS | LAD,0,0,0,0,0,0,0,0,0,0,0,0,.000,.000,.000,9999
W ,Daniel Arribas 3B | PIT,0,0,0,0,0,0,0,0,0,0,0,0,.000,.000,.000,9999
W ,John Rhodes LF | BAL,0,0,0,0,0,0,0,0,0,0,0,0,.000,.000,.000,9999
W ,Phillips Castillo LF | SEA,0,0,0,0,0,0,0,0,0,0,0,0,.000,.000,.000,9999
W ,Jake Scheiner 2B | SEA,0,0,0,0,0,0,0,0,0,0,0,0,.000,.000,.000,9999
W ,Misael Urbina CF | MIN,0,0,0,0,0,0,0,0,0,0,0,0,.000,.000,.000,9999
W ,"Corey Julks LF,RF | CHW ",0,0,0,0,0,0,0,0,0,0,0,0,.000,.000,.000,9999
W ,Kaelen Culpepper SS | MIN ,0,0,0,0,0,0,0,0,0,0,0,0,.000,.000,.000,9999
W ,Rod Boykin CF | SD,0,0,0,0,0,0,0,0,0,0,0,0,.000,.000,.000,9999
W ,Carter Kieboom 3B | LAA,0,0,0,0,0,0,0,0,0,0,0,0,.000,.000,.000,9999
W ,Leobaldo Cabrera RF | MIN,0,0,0,0,0,0,0,0,0,0,0,0,.000,.000,.000,9999
W ,Mitch Roman SS | CHW,0,0,0,0,0,0,0,0,0,0,0,0,.000,.000,.000,9999
W ,Rainer Nunez 1B | TOR,0,0,0,0,0,0,0,0,0,0,0,0,.000,.000,.000,9999
W ,Cody Roberts C | PHI,0,0,0,0,0,0,0,0,0,0,0,0,.000,.000,.000,9999
W ,Daniel Cope C | COL,0,0,0,0,0,0,0,0,0,0,0,0,.000,.000,.000,9999
W ,Kyle Lovelace C | LAA,0,0,0,0,0,0,0,0,0,0,0,0,.000,.000,.000,9999
W ,Carlos Lopez RF | MIA,0,0,0,0,0,0,0,0,0,0,0,0,.000,.000,.000,9999
W ,Christopher Suero C | NYM,0,0,0,0,0,0,0,0,0,0,0,0,.000,.000,.000,9999
W ,Blake Anderson C | MIA,0,0,0,0,0,0,0,0,0,0,0,0,.000,.000,.000,9999
W ,Brandon Sandoval LF | LAA,0,0,0,0,0,0,0,0,0,0,0,0,.000,.000,.000,9999
W ,Adinso Reyes 3B | DET,0,0,0,0,0,0,0,0,0,0,0,0,.000,.000,.000,9999
W ,Charles Leblanc 3B | ATL,0,0,0,0,0,0,0,0,0,0,0,0,.000,.000,.000,9999
W ,Joseph Sullivan CF | HOU,0,0,0,0,0,0,0,0,0,0,0,0,.000,.000,.000,9999
W ,Will Robertson CF | TOR,0,0,0,0,0,0,0,0,0,0,0,0,.000,.000,.000,9999
W ,Trey Vavra 1B | MIN,0,0,0,0,0,0,0,0,0,0,0,0,.000,.000,.000,9999
W ,Clark Scolamiero LF | CLE,0,0,0,0,0,0,0,0,0,0,0,0,.000,.000,.000,9999
W ,Dorian Soto SS | BOS,0,0,0,0,0,0,0,0,0,0,0,0,.000,.000,.000,9999
W ,Deury Carrasco SS | HOU,0,0,0,0,0,0,0,0,0,0,0,0,.000,.000,.000,9999
W ,Quin Cotton CF | CIN,0,0,0,0,0,0,0,0,0,0,0,0,.000,.000,.000,9999
W ,Wuilfredo Antunez RF | CLE,0,0,0,0,0,0,0,0,0,0,0,0,.000,.000,.000,9999
W ,Courtney Hawkins LF | CHW,0,0,0,0,0,0,0,0,0,0,0,0,.000,.000,.000,9999
W ,Mark Payton LF | CHW,0,0,0,0,0,0,0,0,0,0,0,0,.000,.000,.000,9999
W ,Austin Green C | DET,0,0,0,0,0,0,0,0,0,0,0,0,.000,.000,.000,9999
W ,Angel Miguel SS | CLE,0,0,0,0,0,0,0,0,0,0,0,0,.000,.000,.000,9999
W ,Elijah Green CF | WAS,0,0,0,0,0,0,0,0,0,0,0,0,.000,.000,.000,9999
W ,Narbe Cruz SS | HOU,0,0,0,0,0,0,0,0,0,0,0,0,.000,.000,.000,9999
W ,Chase Strumpf 1B | CHC,0,0,0,0,0,0,0,0,0,0,0,0,.000,.000,.000,9999
W ,Alan Garcia RF | SD,0,0,0,0,0,0,0,0,0,0,0,0,.000,.000,.000,9999
W ,Reed Trimble CF | BAL,0,0,0,0,0,0,0,0,0,0,0,0,.000,.000,.000,9999
W ,Scott Manea C | HOU,0,0,0,0,0,0,0,0,0,0,0,0,.000,.000,.000,9999
W ,Telvin Nash DH | HOU,0,0,0,0,0,0,0,0,0,0,0,0,.000,.000,.000,9999
W ,Jeff Gelalich RF | CIN,0,0,0,0,0,0,0,0,0,0,0,0,.000,.000,.000,9999
W ,John Rave CF | KC,0,0,0,0,0,0,0,0,0,0,0,0,.000,.000,.000,9999
W ,Roc Riggio 2B | NYY,0,0,0,0,0,0,0,0,0,0,0,0,.000,.000,.000,9999
W ,T.J. Nichting RF | BAL,0,0,0,0,0,0,0,0,0,0,0,0,.000,.000,.000,9999
W ,Sterling Romero LF | CLE,0,0,0,0,0,0,0,0,0,0,0,0,.000,.000,.000,9999
W ,Carmen Benedetti 1B | HOU,0,0,0,0,0,0,0,0,0,0,0,0,.000,.000,.000,9999
W ,Ryan Hissey C | TOR,0,0,0,0,0,0,0,0,0,0,0,0,.000,.000,.000,9999
W ,Jan Mercado C | MIA,0,0,0,0,0,0,0,0,0,0,0,0,.000,.000,.000,9999
W ,Collin Burns SS | BAL,0,0,0,0,0,0,0,0,0,0,0,0,.000,.000,.000,9999
W ,Jan Hernandez 3B | PHI,0,0,0,0,0,0,0,0,0,0,0,0,.000,.000,.000,9999
W ,Isael Soto RF | MIA,0,0,0,0,0,0,0,0,0,0,0,0,.000,.000,.000,9999
W ,Nate Tenbrink 3B | SEA,0,0,0,0,0,0,0,0,0,0,0,0,.000,.000,.000,9999
W ,Emerson Purroy SS | CLE,0,0,0,0,0,0,0,0,0,0,0,0,.000,.000,.000,9999
W ,Duncan Pastore 3B | NYY,0,0,0,0,0,0,0,0,0,0,0,0,.000,.000,.000,9999
W ,Junior Arrojo 2B | MIA,0,0,0,0,0,0,0,0,0,0,0,0,.000,.000,.000,9999
W ,Angel Contreras SS | CLE,0,0,0,0,0,0,0,0,0,0,0,0,.000,.000,.000,9999
W ,Danny Edgeworth 3B | COL,0,0,0,0,0,0,0,0,0,0,0,0,.000,.000,.000,9999
W ,Dyan Jorge SS | COL,0,0,0,0,0,0,0,0,0,0,0,0,.000,.000,.000,9999
Omak Wrong Players,Emmanuel Rodriguez CF | MIN ,0,0,0,0,0,0,0,0,0,0,0,0,.000,.000,.000,9999
W ,Angel Franco 2B | KC,0,0,0,0,0,0,0,0,0,0,0,0,.000,.000,.000,9999
W ,Kendall Simmons 2B | PHI,0,0,0,0,0,0,0,0,0,0,0,0,.000,.000,.000,9999
W ,Todd Czinege 3B | COL,0,0,0,0,0,0,0,0,0,0,0,0,.000,.000,.000,9999
W ,Deniel Ortiz 3B | STL,0,0,0,0,0,0,0,0,0,0,0,0,.000,.000,.000,9999
W ,Brock Vradenburg 1B | MIA,0,0,0,0,0,0,0,0,0,0,0,0,.000,.000,.000,9999
W ,TT Bowens 1B | BAL,0,0,0,0,0,0,0,0,0,0,0,0,.000,.000,.000,9999
W ,Jeffrey Mercedes 3B | CLE,0,0,0,0,0,0,0,0,0,0,0,0,.000,.000,.000,9999
W ,Telmito Agustin RF | WAS,0,0,0,0,0,0,0,0,0,0,0,0,.000,.000,.000,9999
W ,Jared Oliva RF | MIL,0,0,0,0,0,0,0,0,0,0,0,0,.000,.000,.000,9999
W ,Adam Crampton SS | BAL,0,0,0,0,0,0,0,0,0,0,0,0,.000,.000,.000,9999
W ,Tyler Miller 3B | BOS,0,0,0,0,0,0,0,0,0,0,0,0,.000,.000,.000,9999
W ,Jake Anchia C | CLE,0,0,0,0,0,0,0,0,0,0,0,0,.000,.000,.000,9999
W ,Carl Chester CF | TEX,0,0,0,0,0,0,0,0,0,0,0,0,.000,.000,.000,9999
W ,Ronny Sanchez 3B | PIT,0,0,0,0,0,0,0,0,0,0,0,0,.000,.000,.000,9999
W ,Nick Shaw 2B | MIL,0,0,0,0,0,0,0,0,0,0,0,0,.000,.000,.000,9999
W ,Jorge Burgos CF | CLE,0,0,0,0,0,0,0,0,0,0,0,0,.000,.000,.000,9999
W ,Ernie Yake SS | MIN,0,0,0,0,0,0,0,0,0,0,0,0,.000,.000,.000,9999
W ,Rando Moreno SS | SF,0,0,0,0,0,0,0,0,0,0,0,0,.000,.000,.000,9999
W ,Collin Theroux C | ATH,0,0,0,0,0,0,0,0,0,0,0,0,.000,.000,.000,9999
W ,Brendan Jones CF | NYY,0,0,0,0,0,0,0,0,0,0,0,0,.000,.000,.000,9999
W ,Blake Butler 2B | CIN,0,0,0,0,0,0,0,0,0,0,0,0,.000,.000,.000,9999
W ,Jacen Roberson RF | ARI,0,0,0,0,0,0,0,0,0,0,0,0,.000,.000,.000,9999
W ,Caleb Roberts C | ARI,0,0,0,0,0,0,0,0,0,0,0,0,.000,.000,.000,9999
W ,James Harris CF | ATH,0,0,0,0,0,0,0,0,0,0,0,0,.000,.000,.000,9999
W ,David Bote 3B | LAD,0,0,0,0,0,0,0,0,0,0,0,0,.000,.000,.000,9999
W ,Ryan McCarty SS | TOR,0,0,0,0,0,0,0,0,0,0,0,0,.000,.000,.000,9999
W ,Keston Hiura 1B | COL ,0,0,0,0,0,0,0,0,0,0,0,0,.000,.000,.000,9999
W ,Cody Wilson RF | WAS,0,0,0,0,0,0,0,0,0,0,0,0,.000,.000,.000,9999
W ,Nick Ward 2B | ATL,0,0,0,0,0,0,0,0,0,0,0,0,.000,.000,.000,9999
W ,Austin Callahan 3B | CIN,0,0,0,0,0,0,0,0,0,0,0,0,.000,.000,.000,9999
W ,Luigi Rodriguez 2B | SF,0,0,0,0,0,0,0,0,0,0,0,0,.000,.000,.000,9999
W ,John Mora CF | NYM,0,0,0,0,0,0,0,0,0,0,0,0,.000,.000,.000,9999
W ,Joshua Mears CF | SD,0,0,0,0,0,0,0,0,0,0,0,0,.000,.000,.000,9999
W ,Jin-De Jhang C | SF,0,0,0,0,0,0,0,0,0,0,0,0,.000,.000,.000,9999
W ,Jhon Torres LF | STL,0,0,0,0,0,0,0,0,0,0,0,0,.000,.000,.000,9999
W ,Junior Soto CF | CLE,0,0,0,0,0,0,0,0,0,0,0,0,.000,.000,.000,9999
W ,Luis Baez CF | MIN,0,0,0,0,0,0,0,0,0,0,0,0,.000,.000,.000,9999
W ,Avery Owusu-Asiedu CF | PHI,0,0,0,0,0,0,0,0,0,0,0,0,.000,.000,.000,9999
W ,Alejandro Garcia CF | HOU,0,0,0,0,0,0,0,0,0,0,0,0,.000,.000,.000,9999
W ,Jonathan Rodriguez 1B | MIA,0,0,0,0,0,0,0,0,0,0,0,0,.000,.000,.000,9999
W ,Edmond Americaan RF | CHC,0,0,0,0,0,0,0,0,0,0,0,0,.000,.000,.000,9999
W ,Danry Vasquez RF | HOU,0,0,0,0,0,0,0,0,0,0,0,0,.000,.000,.000,9999
W ,Garabez Rosa SS | BAL,0,0,0,0,0,0,0,0,0,0,0,0,.000,.000,.000,9999
W ,Ian Rice C | CHC,0,0,0,0,0,0,0,0,0,0,0,0,.000,.000,.000,9999
W ,Aderlin Rodriguez 3B | SD,0,0,0,0,0,0,0,0,0,0,0,0,.000,.000,.000,9999
W ,Evan Van Hoosier CF | TEX,0,0,0,0,0,0,0,0,0,0,0,0,.000,.000,.000,9999
W ,Nick Vilter 3B | SD,0,0,0,0,0,0,0,0,0,0,0,0,.000,.000,.000,9999
W ,Nelson Molina 3B | COL,0,0,0,0,0,0,0,0,0,0,0,0,.000,.000,.000,9999
W ,Zachary Zubia 1B | MIA,0,0,0,0,0,0,0,0,0,0,0,0,.000,.000,.000,9999
W ,Miguel Ugueto LF | STL,0,0,0,0,0,0,0,0,0,0,0,0,.000,.000,.000,9999
W ,Abiezel Ramirez SS | TB,0,0,0,0,0,0,0,0,0,0,0,0,.000,.000,.000,9999
W ,Warren Saunders LF | NYM,0,0,0,0,0,0,0,0,0,0,0,0,.000,.000,.000,9999
W ,Drew Compton 3B | ATL,0,0,0,0,0,0,0,0,0,0,0,0,.000,.000,.000,9999
W ,Tanner Murphy C | ATL,0,0,0,0,0,0,0,0,0,0,0,0,.000,.000,.000,9999
W ,Jason Lopez C | NYY,0,0,0,0,0,0,0,0,0,0,0,0,.000,.000,.000,9999
W ,Travis Jones RF | KC,0,0,0,0,0,0,0,0,0,0,0,0,.000,.000,.000,9999
W ,Joe Sclafani 3B | HOU,0,0,0,0,0,0,0,0,0,0,0,0,.000,.000,.000,9999
W ,Gavin Collins C | STL ,0,0,0,0,0,0,0,0,0,0,0,0,.000,.000,.000,9999
W ,Shawon Dunston LF | CHC,0,0,0,0,0,0,0,0,0,0,0,0,.000,.000,.000,9999
W ,Sergio Campana LF | PIT,0,0,0,0,0,0,0,0,0,0,0,0,.000,.000,.000,9999
W ,Wilfred Astudillo C | NYM,0,0,0,0,0,0,0,0,0,0,0,0,.000,.000,.000,9999
W ,Riley Mahan SS | SF,0,0,0,0,0,0,0,0,0,0,0,0,.000,.000,.000,9999
W ,T.J Hopkins RF | DET,0,0,0,0,0,0,0,0,0,0,0,0,.000,.000,.000,9999
W ,J.R. Freethy LF | TOR,0,0,0,0,0,0,0,0,0,0,0,0,.000,.000,.000,9999
W ,Juan Perez 2B | CHW,0,0,0,0,0,0,0,0,0,0,0,0,.000,.000,.000,9999
W ,Errol Robinson SS | BAL,0,0,0,0,0,0,0,0,0,0,0,0,.000,.000,.000,9999
W ,Victor Hurtado LF | WAS,0,0,0,0,0,0,0,0,0,0,0,0,.000,.000,.000,9999
W ,Noah Perio SS | SD,0,0,0,0,0,0,0,0,0,0,0,0,.000,.000,.000,9999
W ,Trey Hair 2B | TEX,0,0,0,0,0,0,0,0,0,0,0,0,.000,.000,.000,9999
W ,Logan Hill LF | PIT,0,0,0,0,0,0,0,0,0,0,0,0,.000,.000,.000,9999
W ,Brady Shoemaker LF | MIA,0,0,0,0,0,0,0,0,0,0,0,0,.000,.000,.000,9999
W ,Timothy Borden SS | HOU,0,0,0,0,0,0,0,0,0,0,0,0,.000,.000,.000,9999
W ,Brett Auerbach 2B | SF,0,0,0,0,0,0,0,0,0,0,0,0,.000,.000,.000,9999
W ,Jake Alu LF | WAS,0,0,0,0,0,0,0,0,0,0,0,0,.000,.000,.000,9999
W ,Luis Payano RF | HOU,0,0,0,0,0,0,0,0,0,0,0,0,.000,.000,.000,9999
W ,Caeden Trenkle CF | ATH,0,0,0,0,0,0,0,0,0,0,0,0,.000,.000,.000,9999
W ,Joe Cronin SS | MIN,0,0,0,0,0,0,0,0,0,0,0,0,.000,.000,.000,9999
W ,Yiddi Cappe 3B | MIA,0,0,0,0,0,0,0,0,0,0,0,0,.000,.000,.000,9999
W ,Quincy McAfee SS | CIN,0,0,0,0,0,0,0,0,0,0,0,0,.000,.000,.000,9999
W ,Isaiah Greene LF | CLE,0,0,0,0,0,0,0,0,0,0,0,0,.000,.000,.000,9999
W ,Robert Gonzalez CF | ATL,0,0,0,0,0,0,0,0,0,0,0,0,.000,.000,.000,9999
W ,Wander Javier SS | MIN,0,0,0,0,0,0,0,0,0,0,0,0,.000,.000,.000,9999
W ,Kaleo Johnson 3B | TB,0,0,0,0,0,0,0,0,0,0,0,0,.000,.000,.000,9999
W ,Matt Lloyd LF | STL,0,0,0,0,0,0,0,0,0,0,0,0,.000,.000,.000,9999
W ,Andrew Stevenson CF | MIN,0,0,0,0,0,0,0,0,0,0,0,0,.000,.000,.000,9999
W ,"Angel Martinez CF,LF | CLE ",0,0,0,0,0,0,0,0,0,0,0,0,.000,.000,.000,9999
W ,Aaron McKeithan C | PIT,0,0,0,0,0,0,0,0,0,0,0,0,.000,.000,.000,9999
W ,Joseph Rosa SS | SEA,0,0,0,0,0,0,0,0,0,0,0,0,.000,.000,.000,9999
W ,Jhonny Bethencourt 2B | CHC,0,0,0,0,0,0,0,0,0,0,0,0,.000,.000,.000,9999
W ,Josh Whitaker LF | ATH,0,0,0,0,0,0,0,0,0,0,0,0,.000,.000,.000,9999
W ,Kyle Hess CF | MIN,0,0,0,0,0,0,0,0,0,0,0,0,.000,.000,.000,9999
W ,Joe Rizzo 3B | MIA,0,0,0,0,0,0,0,0,0,0,0,0,.000,.000,.000,9999
W ,Chris Paul 3B | MIN,0,0,0,0,0,0,0,0,0,0,0,0,.000,.000,.000,9999
W ,Maverick Handley C | BAL,0,0,0,0,0,0,0,0,0,0,0,0,.000,.000,.000,9999
W ,Tristan Peters LF | TB,0,0,0,0,0,0,0,0,0,0,0,0,.000,.000,.000,9999
W ,Reed Gragnani 2B | BOS,0,0,0,0,0,0,0,0,0,0,0,0,.000,.000,.000,9999
W ,Jeffrey Baez RF | ARI,0,0,0,0,0,0,0,0,0,0,0,0,.000,.000,.000,9999
W ,Modeifi Marte 1B | ARI,0,0,0,0,0,0,0,0,0,0,0,0,.000,.000,.000,9999
W ,Marcus Lee Sang CF | PHI,0,0,0,0,0,0,0,0,0,0,0,0,.000,.000,.000,9999
W ,Je'Von Ward LF | TOR,0,0,0,0,0,0,0,0,0,0,0,0,.000,.000,.000,9999
W ,Ryan Ward LF | LAD,0,0,0,0,0,0,0,0,0,0,0,0,.000,.000,.000,9999
W ,Preston Beck 1B | TEX,0,0,0,0,0,0,0,0,0,0,0,0,.000,.000,.000,9999
W ,Jose Devers SS | CLE,0,0,0,0,0,0,0,0,0,0,0,0,.000,.000,.000,9999
W ,Luis Merejo 1B | CLE,0,0,0,0,0,0,0,0,0,0,0,0,.000,.000,.000,9999
W ,Martin Cervenka C | BAL,0,0,0,0,0,0,0,0,0,0,0,0,.000,.000,.000,9999
W ,Felnin Celesten SS | SEA,0,0,0,0,0,0,0,0,0,0,0,0,.000,.000,.000,9999
W ,Pedro Castellanos 1B | SD,0,0,0,0,0,0,0,0,0,0,0,0,.000,.000,.000,9999
W ,Yorger Bautista CF | SEA,0,0,0,0,0,0,0,0,0,0,0,0,.000,.000,.000,9999
W ,Max Clark CF | DET,0,0,0,0,0,0,0,0,0,0,0,0,.000,.000,.000,9999
W ,Demetrius Sims SS | MIA,0,0,0,0,0,0,0,0,0,0,0,0,.000,.000,.000,9999
W ,Cesar Prieto 3B | STL,0,0,0,0,0,0,0,0,0,0,0,0,.000,.000,.000,9999
W ,Josh Breaux C | PHI,0,0,0,0,0,0,0,0,0,0,0,0,.000,.000,.000,9999
W ,Jose Suarez RF | STL,0,0,0,0,0,0,0,0,0,0,0,0,.000,.000,.000,9999
W ,Billy Hamilton RF | CHW,0,0,0,0,0,0,0,0,0,0,0,0,.000,.000,.000,9999
W ,Luis Caballero 3B | SEA,0,0,0,0,0,0,0,0,0,0,0,0,.000,.000,.000,9999
W ,Luis Medina LF | MIL,0,0,0,0,0,0,0,0,0,0,0,0,.000,.000,.000,9999
W ,Gian Zapata CF | ARI,0,0,0,0,0,0,0,0,0,0,0,0,.000,.000,.000,9999
W ,Ismael Munguia CF | NYY,0,0,0,0,0,0,0,0,0,0,0,0,.000,.000,.000,9999
W ,Jean Ramirez CF | KC,0,0,0,0,0,0,0,0,0,0,0,0,.000,.000,.000,9999
W ,Drew Ellis 1B | PHI,0,0,0,0,0,0,0,0,0,0,0,0,.000,.000,.000,9999
W ,A.J. Murray C | MIN,0,0,0,0,0,0,0,0,0,0,0,0,.000,.000,.000,9999
W ,Daniel Mateo CF | TEX,0,0,0,0,0,0,0,0,0,0,0,0,.000,.000,.000,9999
W ,Maddux Houghton CF | MIN,0,0,0,0,0,0,0,0,0,0,0,0,.000,.000,.000,9999
W ,Dwanya Williams-Sutton CF | SD,0,0,0,0,0,0,0,0,0,0,0,0,.000,.000,.000,9999
W ,Dylan Dreiling CF | TEX,0,0,0,0,0,0,0,0,0,0,0,0,.000,.000,.000,9999
W ,Juan Matheus SS | NYY,0,0,0,0,0,0,0,0,0,0,0,0,.000,.000,.000,9999
W ,Anthony Dirocie CF | NYM,0,0,0,0,0,0,0,0,0,0,0,0,.000,.000,.000,9999
W ,Joey DeMichele 2B | CHW,0,0,0,0,0,0,0,0,0,0,0,0,.000,.000,.000,9999
W ,Cooper Uhl C | ATH,0,0,0,0,0,0,0,0,0,0,0,0,.000,.000,.000,9999
W ,Dereck Salom SS | ATH,0,0,0,0,0,0,0,0,0,0,0,0,.000,.000,.000,9999
W ,Nick Kahle C | MIL,0,0,0,0,0,0,0,0,0,0,0,0,.000,.000,.000,9999
W ,K.J. Woods 1B | MIA,0,0,0,0,0,0,0,0,0,0,0,0,.000,.000,.000,9999
W ,Matt Jones C | ARI,0,0,0,0,0,0,0,0,0,0,0,0,.000,.000,.000,9999
W ,Andy Thomas C | SF,0,0,0,0,0,0,0,0,0,0,0,0,.000,.000,.000,9999
W ,Jack Conley C | PHI,0,0,0,0,0,0,0,0,0,0,0,0,.000,.000,.000,9999
W ,Estarling Mercado LF | NYM,0,0,0,0,0,0,0,0,0,0,0,0,.000,.000,.000,9999
W ,Connor Scott RF | KC,0,0,0,0,0,0,0,0,0,0,0,0,.000,.000,.000,9999
W ,Brandon Van Horn SS | SF,0,0,0,0,0,0,0,0,0,0,0,0,.000,.000,.000,9999
W ,Spencer Navin C | LAD,0,0,0,0,0,0,0,0,0,0,0,0,.000,.000,.000,9999
W ,Will Bartlett C | CLE,0,0,0,0,0,0,0,0,0,0,0,0,.000,.000,.000,9999
W ,"Nick Madrigal 2B,3B | NYM ",0,0,0,0,0,0,0,0,0,0,0,0,.000,.000,.000,9999
W ,Philip Clarke C | TOR,0,0,0,0,0,0,0,0,0,0,0,0,.000,.000,.000,9999
W ,Sammy Siani CF | PIT,0,0,0,0,0,0,0,0,0,0,0,0,.000,.000,.000,9999
W ,Michael Russell SS | TB,0,0,0,0,0,0,0,0,0,0,0,0,.000,.000,.000,9999
W ,Colby Woodmansee SS | NYM,0,0,0,0,0,0,0,0,0,0,0,0,.000,.000,.000,9999
W ,Tyreque Reed 1B | BOS,0,0,0,0,0,0,0,0,0,0,0,0,.000,.000,.000,9999
W ,Roemon Fields CF | TOR,0,0,0,0,0,0,0,0,0,0,0,0,.000,.000,.000,9999
W ,Carson Benge CF | NYM,0,0,0,0,0,0,0,0,0,0,0,0,.000,.000,.000,9999
W ,Eddy Martinez RF | CHC,0,0,0,0,0,0,0,0,0,0,0,0,.000,.000,.000,9999
W ,Raylin Heredia RF | PHI,0,0,0,0,0,0,0,0,0,0,0,0,.000,.000,.000,9999
W ,Cade Fergus CF | PHI,0,0,0,0,0,0,0,0,0,0,0,0,.000,.000,.000,9999
W ,Jorge Saez C | NYY,0,0,0,0,0,0,0,0,0,0,0,0,.000,.000,.000,9999
W ,Natanael Santana CF | LAA,0,0,0,0,0,0,0,0,0,0,0,0,.000,.000,.000,9999
W ,Zach Daniels LF | HOU,0,0,0,0,0,0,0,0,0,0,0,0,.000,.000,.000,9999
W ,Michael Osinski 3B | BOS,0,0,0,0,0,0,0,0,0,0,0,0,.000,.000,.000,9999
W ,Wilber Sanchez SS | CHW,0,0,0,0,0,0,0,0,0,0,0,0,.000,.000,.000,9999
W ,Jared Mckenzie RF | WAS,0,0,0,0,0,0,0,0,0,0,0,0,.000,.000,.000,9999
W ,Brandon Jacobs LF | ARI,0,0,0,0,0,0,0,0,0,0,0,0,.000,.000,.000,9999
W ,Mitch Longo RF | WAS,0,0,0,0,0,0,0,0,0,0,0,0,.000,.000,.000,9999
W ,Damon Keith RF | LAD,0,0,0,0,0,0,0,0,0,0,0,0,.000,.000,.000,9999
W ,Jacob Gonzalez SS | CHW,0,0,0,0,0,0,0,0,0,0,0,0,.000,.000,.000,9999
W ,Nathaniel Ochoa Leyva 3B | WAS,0,0,0,0,0,0,0,0,0,0,0,0,.000,.000,.000,9999
W ,Matt Rudick RF | NYM ,0,0,0,0,0,0,0,0,0,0,0,0,.000,.000,.000,9999
W ,Luis Chevalier 3B | CIN,0,0,0,0,0,0,0,0,0,0,0,0,.000,.000,.000,9999
W ,Santiago Nessy C | NYY,0,0,0,0,0,0,0,0,0,0,0,0,.000,.000,.000,9999
W ,Eduardo Quintero CF | LAD,0,0,0,0,0,0,0,0,0,0,0,0,.000,.000,.000,9999
W ,Jaison Chourio CF | CLE,0,0,0,0,0,0,0,0,0,0,0,0,.000,.000,.000,9999
W ,Heath Quinn RF | SF,0,0,0,0,0,0,0,0,0,0,0,0,.000,.000,.000,9999
W ,Ryan McKenna RF | SF,0,0,0,0,0,0,0,0,0,0,0,0,.000,.000,.000,9999
W ,Miguel Villarroel SS | STL,0,0,0,0,0,0,0,0,0,0,0,0,.000,.000,.000,9999
W ,Will Simpson 1B | ATH,0,0,0,0,0,0,0,0,0,0,0,0,.000,.000,.000,9999
W ,Gaige Howard RF | LAD,0,0,0,0,0,0,0,0,0,0,0,0,.000,.000,.000,9999
W ,Alex De Goti 2B | TEX,0,0,0,0,0,0,0,0,0,0,0,0,.000,.000,.000,9999
W ,Reece Walling RF | MIL,0,0,0,0,0,0,0,0,0,0,0,0,.000,.000,.000,9999
W ,Mitch Hansen LF | LAD,0,0,0,0,0,0,0,0,0,0,0,0,.000,.000,.000,9999
W ,Kody Hoese 3B | LAD,0,0,0,0,0,0,0,0,0,0,0,0,.000,.000,.000,9999
W ,Galvi Moscat RF | MIA,0,0,0,0,0,0,0,0,0,0,0,0,.000,.000,.000,9999
W ,Keyber Rodriguez SS | TEX,0,0,0,0,0,0,0,0,0,0,0,0,.000,.000,.000,9999
W ,Josue De Paula RF | LAD,0,0,0,0,0,0,0,0,0,0,0,0,.000,.000,.000,9999
W ,Esmil Valencia CF | HOU,0,0,0,0,0,0,0,0,0,0,0,0,.000,.000,.000,9999
W ,Miguel Briceno LF | MIN,0,0,0,0,0,0,0,0,0,0,0,0,.000,.000,.000,9999
W ,Bryan Hudson LF | BOS,0,0,0,0,0,0,0,0,0,0,0,0,.000,.000,.000,9999
W ,Kyle Henley CF | CIN,0,0,0,0,0,0,0,0,0,0,0,0,.000,.000,.000,9999
W ,Nathan Martorella 1B | MIA,0,0,0,0,0,0,0,0,0,0,0,0,.000,.000,.000,9999
W ,Jacson McGowan 1B | TB,0,0,0,0,0,0,0,0,0,0,0,0,.000,.000,.000,9999
W ,Shannon Wilkerson RF | BOS,0,0,0,0,0,0,0,0,0,0,0,0,.000,.000,.000,9999
W ,JJ Schwarz C | ATH,0,0,0,0,0,0,0,0,0,0,0,0,.000,.000,.000,9999
W ,Josh Rapacz C | TB,0,0,0,0,0,0,0,0,0,0,0,0,.000,.000,.000,9999
W ,Yhoangel Aponte CF | TOR,0,0,0,0,0,0,0,0,0,0,0,0,.000,.000,.000,9999
W ,Mitchell Tolman 2B | ATL,0,0,0,0,0,0,0,0,0,0,0,0,.000,.000,.000,9999
W ,Abel Bastidas SS | DET,0,0,0,0,0,0,0,0,0,0,0,0,.000,.000,.000,9999
W ,Yonathan Daza CF | COL,0,0,0,0,0,0,0,0,0,0,0,0,.000,.000,.000,9999
W ,Hedbert Perez LF | MIL,0,0,0,0,0,0,0,0,0,0,0,0,.000,.000,.000,9999
W ,Justin Foscue DH | TEX,0,0,0,0,0,0,0,0,0,0,0,0,.000,.000,.000,9999
W ,Orelvis Martinez 2B | TOR ,0,0,0,0,0,0,0,0,0,0,0,0,.000,.000,.000,9999
W ,Devin Mann 1B | KC,0,0,0,0,0,0,0,0,0,0,0,0,.000,.000,.000,9999
W ,Jiovanni Mier SS | TOR,0,0,0,0,0,0,0,0,0,0,0,0,.000,.000,.000,9999
W ,Grant Kay 2B | TB,0,0,0,0,0,0,0,0,0,0,0,0,.000,.000,.000,9999
W ,Jason Matthews SS | CHW,0,0,0,0,0,0,0,0,0,0,0,0,.000,.000,.000,9999
W ,Connor Myers CF | CHC,0,0,0,0,0,0,0,0,0,0,0,0,.000,.000,.000,9999
W ,Marcus Mooney SS | ATL,0,0,0,0,0,0,0,0,0,0,0,0,.000,.000,.000,9999
W ,Drew Romo C | COL,0,0,0,0,0,0,0,0,0,0,0,0,.000,.000,.000,9999
W ,Michael Perez C | BAL,0,0,0,0,0,0,0,0,0,0,0,0,.000,.000,.000,9999
W ,Caleb Ramsey RF | WAS,0,0,0,0,0,0,0,0,0,0,0,0,.000,.000,.000,9999
W ,Cooper Pratt SS | MIL,0,0,0,0,0,0,0,0,0,0,0,0,.000,.000,.000,9999
W ,Mitchell Daly SS | LAA,0,0,0,0,0,0,0,0,0,0,0,0,.000,.000,.000,9999
W ,Chad Stevens 3B | LAA,0,0,0,0,0,0,0,0,0,0,0,0,.000,.000,.000,9999
W ,Keenyn Walker CF | CHW,0,0,0,0,0,0,0,0,0,0,0,0,.000,.000,.000,9999
W ,Mitch Delfino 3B | SF,0,0,0,0,0,0,0,0,0,0,0,0,.000,.000,.000,9999
W ,Zyhir Hope LF | LAD,0,0,0,0,0,0,0,0,0,0,0,0,.000,.000,.000,9999
W ,Luis Rodriguez LF | LAD,0,0,0,0,0,0,0,0,0,0,0,0,.000,.000,.000,9999
W ,Francisco Acuna SS | SD,0,0,0,0,0,0,0,0,0,0,0,0,.000,.000,.000,9999
W ,Donald Dewees LF | CHC,0,0,0,0,0,0,0,0,0,0,0,0,.000,.000,.000,9999
W ,Lucas Tancas 1B | PIT,0,0,0,0,0,0,0,0,0,0,0,0,.000,.000,.000,9999
W ,Jimmy Pickens LF | CIN,0,0,0,0,0,0,0,0,0,0,0,0,.000,.000,.000,9999
W ,Scott Kingery 2B | LAA ,0,0,0,0,0,0,0,0,0,0,0,0,.000,.000,.000,9999
W ,Joe DeCarlo C | SEA,0,0,0,0,0,0,0,0,0,0,0,0,.000,.000,.000,9999
W ,Chandler Redmond 2B | STL ,0,0,0,0,0,0,0,0,0,0,0,0,.000,.000,.000,9999
W ,Kevin Maitan 3B | MIN,0,0,0,0,0,0,0,0,0,0,0,0,.000,.000,.000,9999
W ,Pat Blair 3B | TB,0,0,0,0,0,0,0,0,0,0,0,0,.000,.000,.000,9999
W ,Brennon Lund LF | LAA,0,0,0,0,0,0,0,0,0,0,0,0,.000,.000,.000,9999
W ,Tyler Moore 1B | NYM,0,0,0,0,0,0,0,0,0,0,0,0,.000,.000,.000,9999
W ,Joey Wendle 2B | ATL,0,0,0,0,0,0,0,0,0,0,0,0,.000,.000,.000,9999
W ,Deivy Castillo CF | LAD,0,0,0,0,0,0,0,0,0,0,0,0,.000,.000,.000,9999
W ,Luis Gonzalez RF | NYY,0,0,0,0,0,0,0,0,0,0,0,0,.000,.000,.000,9999
W ,Yahil Melendez SS | CHC,0,0,0,0,0,0,0,0,0,0,0,0,.000,.000,.000,9999
W ,Glynn Davis SS | BAL,0,0,0,0,0,0,0,0,0,0,0,0,.000,.000,.000,9999
W ,Nellie Rodriguez 1B | CLE,0,0,0,0,0,0,0,0,0,0,0,0,.000,.000,.000,9999
W ,Forrestt Allday RF | SD,0,0,0,0,0,0,0,0,0,0,0,0,.000,.000,.000,9999
W ,Natanael Yuten RF | BOS,0,0,0,0,0,0,0,0,0,0,0,0,.000,.000,.000,9999
W ,Angel Pierre 2B | BOS,0,0,0,0,0,0,0,0,0,0,0,0,.000,.000,.000,9999
W ,Amado Nunez 2B | CHW,0,0,0,0,0,0,0,0,0,0,0,0,.000,.000,.000,9999
W ,Kirvin Moesquit 3B | BAL,0,0,0,0,0,0,0,0,0,0,0,0,.000,.000,.000,9999
W ,Zach Borenstein LF | NYM,0,0,0,0,0,0,0,0,0,0,0,0,.000,.000,.000,9999
W ,Kemp Alderman RF | MIA,0,0,0,0,0,0,0,0,0,0,0,0,.000,.000,.000,9999
W ,Adam Zebrowski C | ATL,0,0,0,0,0,0,0,0,0,0,0,0,.000,.000,.000,9999
W ,Jose Alvarez C | STL,0,0,0,0,0,0,0,0,0,0,0,0,.000,.000,.000,9999
W ,Niko Kavadas DH | LAA,0,0,0,0,0,0,0,0,0,0,0,0,.000,.000,.000,9999
W ,Ben Guez CF | MIL,0,0,0,0,0,0,0,0,0,0,0,0,.000,.000,.000,9999
W ,Reydel Medina RF | CIN,0,0,0,0,0,0,0,0,0,0,0,0,.000,.000,.000,9999
W ,Jacob Sharp C | TOR,0,0,0,0,0,0,0,0,0,0,0,0,.000,.000,.000,9999
W ,Charlie Valerio C | SD,0,0,0,0,0,0,0,0,0,0,0,0,.000,.000,.000,9999
W ,Joshua Kuroda-Grauer SS | ATH,0,0,0,0,0,0,0,0,0,0,0,0,.000,.000,.000,9999
W ,Landon Dieterich RF | WAS,0,0,0,0,0,0,0,0,0,0,0,0,.000,.000,.000,9999
W ,Michael Gigliotti CF | SF,0,0,0,0,0,0,0,0,0,0,0,0,.000,.000,.000,9999
W ,Patrick Winkel C | MIN,0,0,0,0,0,0,0,0,0,0,0,0,.000,.000,.000,9999
W ,Christian Williams 1B | TOR,0,0,0,0,0,0,0,0,0,0,0,0,.000,.000,.000,9999
W ,Yordys Valdes SS | CLE,0,0,0,0,0,0,0,0,0,0,0,0,.000,.000,.000,9999
W ,Lou Albrecht C | PHI,0,0,0,0,0,0,0,0,0,0,0,0,.000,.000,.000,9999
W ,Jerrick Suiter RF | PIT,0,0,0,0,0,0,0,0,0,0,0,0,.000,.000,.000,9999
W ,Jose Pastrano SS | CLE,0,0,0,0,0,0,0,0,0,0,0,0,.000,.000,.000,9999
W ,Luis Valdez 2B | BAL,0,0,0,0,0,0,0,0,0,0,0,0,.000,.000,.000,9999
W ,Austin Cousino CF | SEA,0,0,0,0,0,0,0,0,0,0,0,0,.000,.000,.000,9999
W ,Jake Rucker 2B | MIN,0,0,0,0,0,0,0,0,0,0,0,0,.000,.000,.000,9999
W ,Matt Pita LF | NYY,0,0,0,0,0,0,0,0,0,0,0,0,.000,.000,.000,9999
W ,Jayce Boyd 1B | NYM,0,0,0,0,0,0,0,0,0,0,0,0,.000,.000,.000,9999
W ,Elvis Perez SS | CLE,0,0,0,0,0,0,0,0,0,0,0,0,.000,.000,.000,9999
W ,Eliezer Zambrano C | SF,0,0,0,0,0,0,0,0,0,0,0,0,.000,.000,.000,9999
W ,Raudy De Los Santos SS | DET,0,0,0,0,0,0,0,0,0,0,0,0,.000,.000,.000,9999
W ,D.J. Stewart 1B | PHI,0,0,0,0,0,0,0,0,0,0,0,0,.000,.000,.000,9999
W ,Jace Grady RF | ATL,0,0,0,0,0,0,0,0,0,0,0,0,.000,.000,.000,9999
W ,Braxton Fulford C | COL,0,0,0,0,0,0,0,0,0,0,0,0,.000,.000,.000,9999
W ,Connor Charping C | SEA,0,0,0,0,0,0,0,0,0,0,0,0,.000,.000,.000,9999
W ,Arturo Nieto C | SD,0,0,0,0,0,0,0,0,0,0,0,0,.000,.000,.000,9999
W ,Aldenis Sanchez RF | NYY,0,0,0,0,0,0,0,0,0,0,0,0,.000,.000,.000,9999
W ,Logan Simmons SS | PHI,0,0,0,0,0,0,0,0,0,0,0,0,.000,.000,.000,9999
W ,Ewry Espinal 1B | PIT,0,0,0,0,0,0,0,0,0,0,0,0,.000,.000,.000,9999
W ,Ricardo Gonzalez 2B | TB,0,0,0,0,0,0,0,0,0,0,0,0,.000,.000,.000,9999
W ,Kevin Kilpatrick CF | ATL,0,0,0,0,0,0,0,0,0,0,0,0,.000,.000,.000,9999
W ,Gabriel Rincones RF | PHI,0,0,0,0,0,0,0,0,0,0,0,0,.000,.000,.000,9999
W ,Lorenzo Cedrola CF | CLE,0,0,0,0,0,0,0,0,0,0,0,0,.000,.000,.000,9999
W ,Skeiling Rodriguez RF | CLE,0,0,0,0,0,0,0,0,0,0,0,0,.000,.000,.000,9999
W ,Sal Stewart 2B | CIN,0,0,0,0,0,0,0,0,0,0,0,0,.000,.000,.000,9999
W ,Antonio Pinero SS | MIL,0,0,0,0,0,0,0,0,0,0,0,0,.000,.000,.000,9999
W ,Cooper Kinney 2B | TB,0,0,0,0,0,0,0,0,0,0,0,0,.000,.000,.000,9999
W ,Shawn Pleffner 1B | WAS,0,0,0,0,0,0,0,0,0,0,0,0,.000,.000,.000,9999
W ,Harrison Ray SS | TOR,0,0,0,0,0,0,0,0,0,0,0,0,.000,.000,.000,9999
W ,Ian Dawkins LF | CHW,0,0,0,0,0,0,0,0,0,0,0,0,.000,.000,.000,9999
W ,Eli Serrano RF | NYM,0,0,0,0,0,0,0,0,0,0,0,0,.000,.000,.000,9999
W ,Justin Jacobs RF | TEX,0,0,0,0,0,0,0,0,0,0,0,0,.000,.000,.000,9999
W ,Keshawn Ogans SS | ATL,0,0,0,0,0,0,0,0,0,0,0,0,.000,.000,.000,9999
W ,Jared Walsh 1B | TEX,0,0,0,0,0,0,0,0,0,0,0,0,.000,.000,.000,9999
W ,Bryant Betancourt C | COL,0,0,0,0,0,0,0,0,0,0,0,0,.000,.000,.000,9999
W ,Juan Guerrero LF | COL,0,0,0,0,0,0,0,0,0,0,0,0,.000,.000,.000,9999
W ,Hosea Nelson LF | CLE,0,0,0,0,0,0,0,0,0,0,0,0,.000,.000,.000,9999
W ,Tyler Osik 3B | CHW,0,0,0,0,0,0,0,0,0,0,0,0,.000,.000,.000,9999
W ,Rayne Doncon 3B | MIN,0,0,0,0,0,0,0,0,0,0,0,0,.000,.000,.000,9999
W ,Dillon Paulson 1B | LAD,0,0,0,0,0,0,0,0,0,0,0,0,.000,.000,.000,9999
W ,TJ Rumfield 3B | NYY,0,0,0,0,0,0,0,0,0,0,0,0,.000,.000,.000,9999
W ,Logan Moon RF | KC,0,0,0,0,0,0,0,0,0,0,0,0,.000,.000,.000,9999
W ,Jordan Groshans 3B | KC,0,0,0,0,0,0,0,0,0,0,0,0,.000,.000,.000,9999
W ,Silento Sayles CF | CLE,0,0,0,0,0,0,0,0,0,0,0,0,.000,.000,.000,9999
W ,Bryce Ball 1B | PHI,0,0,0,0,0,0,0,0,0,0,0,0,.000,.000,.000,9999
W ,John Garcia C | HOU,0,0,0,0,0,0,0,0,0,0,0,0,.000,.000,.000,9999
W ,Ray Chang 2B | CIN,0,0,0,0,0,0,0,0,0,0,0,0,.000,.000,.000,9999
W ,Norberto Obeso RF | TOR,0,0,0,0,0,0,0,0,0,0,0,0,.000,.000,.000,9999
W ,Bijan Rademacher LF | CHC,0,0,0,0,0,0,0,0,0,0,0,0,.000,.000,.000,9999
W ,Levi Michael 2B | SF,0,0,0,0,0,0,0,0,0,0,0,0,.000,.000,.000,9999
W ,KC Serna SS | MIA,0,0,0,0,0,0,0,0,0,0,0,0,.000,.000,.000,9999
W ,Chad Wallach C | TEX,0,0,0,0,0,0,0,0,0,0,0,0,.000,.000,.000,9999
W ,Shane Sasaki CF | MIA,0,0,0,0,0,0,0,0,0,0,0,0,.000,.000,.000,9999
W ,Robert Neustrom RF | BAL,0,0,0,0,0,0,0,0,0,0,0,0,.000,.000,.000,9999
W ,Darin Ruf DH | MIL,0,0,0,0,0,0,0,0,0,0,0,0,.000,.000,.000,9999
W ,Miguel Bleis CF | BOS,0,0,0,0,0,0,0,0,0,0,0,0,.000,.000,.000,9999
W ,Aaron Knapp LF | SEA,0,0,0,0,0,0,0,0,0,0,0,0,.000,.000,.000,9999
W ,Luke Adams 3B | MIL,0,0,0,0,0,0,0,0,0,0,0,0,.000,.000,.000,9999
W ,Ben Carhart C | CHC,0,0,0,0,0,0,0,0,0,0,0,0,.000,.000,.000,9999
W ,Matthew Etzel LF | TB,0,0,0,0,0,0,0,0,0,0,0,0,.000,.000,.000,9999
W ,Drew Campbell CF | ATL,0,0,0,0,0,0,0,0,0,0,0,0,.000,.000,.000,9999
W ,Patrick Dorrian 2B | MIL,0,0,0,0,0,0,0,0,0,0,0,0,.000,.000,.000,9999
W ,Andy Garriola LF | CHC,0,0,0,0,0,0,0,0,0,0,0,0,.000,.000,.000,9999
W ,Andrew Bechtold 3B | PHI,0,0,0,0,0,0,0,0,0,0,0,0,.000,.000,.000,9999
W ,Ahbram Liendo 2B | BOS,0,0,0,0,0,0,0,0,0,0,0,0,.000,.000,.000,9999
W ,Jonathan Johnson 2B | NYM,0,0,0,0,0,0,0,0,0,0,0,0,.000,.000,.000,9999
W ,Chad Johnson C | KC,0,0,0,0,0,0,0,0,0,0,0,0,.000,.000,.000,9999
W ,Tayden Hall C | MIL,0,0,0,0,0,0,0,0,0,0,0,0,.000,.000,.000,9999
W ,Francisco Diaz C | NYY,0,0,0,0,0,0,0,0,0,0,0,0,.000,.000,.000,9999
W ,Oscar Mercado RF | PHI,0,0,0,0,0,0,0,0,0,0,0,0,.000,.000,.000,9999
W ,Carlos Sepulveda 2B | CHC,0,0,0,0,0,0,0,0,0,0,0,0,.000,.000,.000,9999
W ,Kevin Cornelius 1B | CHC,0,0,0,0,0,0,0,0,0,0,0,0,.000,.000,.000,9999
W ,Byron Chourio LF | MIN,0,0,0,0,0,0,0,0,0,0,0,0,.000,.000,.000,9999
W ,Jack Brannigan SS | PIT,0,0,0,0,0,0,0,0,0,0,0,0,.000,.000,.000,9999
W ,Nick Raposo C | SEA,0,0,0,0,0,0,0,0,0,0,0,0,.000,.000,.000,9999
W ,Viosergy Rosa 1B | ATH,0,0,0,0,0,0,0,0,0,0,0,0,.000,.000,.000,9999
W ,Gabriel Maciel CF | MIN,0,0,0,0,0,0,0,0,0,0,0,0,.000,.000,.000,9999
W ,Galli Cribbs 2B | ARI,0,0,0,0,0,0,0,0,0,0,0,0,.000,.000,.000,9999
W ,Jimmy Kerrigan CF | MIN,0,0,0,0,0,0,0,0,0,0,0,0,.000,.000,.000,9999
W ,Slade Caldwell CF | ARI,0,0,0,0,0,0,0,0,0,0,0,0,.000,.000,.000,9999
W ,Jhailyn Ortiz RF | PHI,0,0,0,0,0,0,0,0,0,0,0,0,.000,.000,.000,9999
W ,Caleb Ricketts C | PHI,0,0,0,0,0,0,0,0,0,0,0,0,.000,.000,.000,9999
W ,James Roberts SS | CLE,0,0,0,0,0,0,0,0,0,0,0,0,.000,.000,.000,9999
W ,"Trey Cabbage LF,RF | PIT",0,0,0,0,0,0,0,0,0,0,0,0,.000,.000,.000,9999
W ,Israel Pineda C | WAS,0,0,0,0,0,0,0,0,0,0,0,0,.000,.000,.000,9999
W ,Ilvin Fernandez SS | CIN,0,0,0,0,0,0,0,0,0,0,0,0,.000,.000,.000,9999
W ,Jacob Rogers 1B | CHC,0,0,0,0,0,0,0,0,0,0,0,0,.000,.000,.000,9999
W ,Anthony Mulrine C | LAA,0,0,0,0,0,0,0,0,0,0,0,0,.000,.000,.000,9999
W ,Dan Fiorito 3B | NYY,0,0,0,0,0,0,0,0,0,0,0,0,.000,.000,.000,9999
W ,Leonys Martin CF | SEA,0,0,0,0,0,0,0,0,0,0,0,0,.000,.000,.000,9999
W ,Carson McCusker LF | MIN,0,0,0,0,0,0,0,0,0,0,0,0,.000,.000,.000,9999
W ,Myles Schroder C | SF,0,0,0,0,0,0,0,0,0,0,0,0,.000,.000,.000,9999
W ,Gabriel Mejia CF | CLE,0,0,0,0,0,0,0,0,0,0,0,0,.000,.000,.000,9999
W ,Emerson Jimenez SS | COL,0,0,0,0,0,0,0,0,0,0,0,0,.000,.000,.000,9999
W ,Canyon Brown C | KC,0,0,0,0,0,0,0,0,0,0,0,0,.000,.000,.000,9999
W ,Dustin Houle C | NYM,0,0,0,0,0,0,0,0,0,0,0,0,.000,.000,.000,9999
W ,Leonardo Seminati 1B | CIN,0,0,0,0,0,0,0,0,0,0,0,0,.000,.000,.000,9999
W ,Michael Arroyo 2B | SEA,0,0,0,0,0,0,0,0,0,0,0,0,.000,.000,.000,9999
W ,Danny Mars CF | BOS,0,0,0,0,0,0,0,0,0,0,0,0,.000,.000,.000,9999
W ,Jose Ramos CF | LAD,0,0,0,0,0,0,0,0,0,0,0,0,.000,.000,.000,9999
W ,Jefrey De Los Santos SS | NYM,0,0,0,0,0,0,0,0,0,0,0,0,.000,.000,.000,9999
W ,Zach Rutherford SS | TB,0,0,0,0,0,0,0,0,0,0,0,0,.000,.000,.000,9999
W ,Hye Seong Kim 2B | LAD,0,0,0,0,0,0,0,0,0,0,0,0,.000,.000,.000,9999
W ,Andrew Knapp C | SF,0,0,0,0,0,0,0,0,0,0,0,0,.000,.000,.000,9999
W ,Jimmy Govern 2B | KC,0,0,0,0,0,0,0,0,0,0,0,0,.000,.000,.000,9999
W ,Rodolfo Nolasco RF | PIT,0,0,0,0,0,0,0,0,0,0,0,0,.000,.000,.000,9999
W ,Michael Beltre RF | NYY,0,0,0,0,0,0,0,0,0,0,0,0,.000,.000,.000,9999
W ,"Patrick Wisdom 1B,3B | CHC",0,0,0,0,0,0,0,0,0,0,0,0,.000,.000,.000,9999
W ,Channy Ortiz SS | ARI,0,0,0,0,0,0,0,0,0,0,0,0,.000,.000,.000,9999
W ,Griffin Cheney SS | TEX,0,0,0,0,0,0,0,0,0,0,0,0,.000,.000,.000,9999
W ,Cord Sandberg CF | PHI,0,0,0,0,0,0,0,0,0,0,0,0,.000,.000,.000,9999
W ,Christian Knapczyk SS | CLE,0,0,0,0,0,0,0,0,0,0,0,0,.000,.000,.000,9999
W ,Noah Campbell SS | MIL,0,0,0,0,0,0,0,0,0,0,0,0,.000,.000,.000,9999
W ,Roberto Perez C | BOS,0,0,0,0,0,0,0,0,0,0,0,0,.000,.000,.000,9999
W ,Manuel Pena 2B | ARI,0,0,0,0,0,0,0,0,0,0,0,0,.000,.000,.000,9999
W ,Collin Price C | HOU,0,0,0,0,0,0,0,0,0,0,0,0,.000,.000,.000,9999
W ,Jakob Christian LF | SF,0,0,0,0,0,0,0,0,0,0,0,0,.000,.000,.000,9999
W ,Wyatt Hendrie C | PIT,0,0,0,0,0,0,0,0,0,0,0,0,.000,.000,.000,9999
W ,Ryne Birk 2B | HOU,0,0,0,0,0,0,0,0,0,0,0,0,.000,.000,.000,9999
W ,Melvin Novoa C | TEX,0,0,0,0,0,0,0,0,0,0,0,0,.000,.000,.000,9999
W ,Leury Garcia 2B | ATL,0,0,0,0,0,0,0,0,0,0,0,0,.000,.000,.000,9999
W ,Victor Arias LF | TOR,0,0,0,0,0,0,0,0,0,0,0,0,.000,.000,.000,9999
W ,Peyton Graham SS | DET,0,0,0,0,0,0,0,0,0,0,0,0,.000,.000,.000,9999
W ,Deion Walker CF | PIT,0,0,0,0,0,0,0,0,0,0,0,0,.000,.000,.000,9999
W ,Jesse Hodges 3B | CHC,0,0,0,0,0,0,0,0,0,0,0,0,.000,.000,.000,9999
W ,Robbie Glendinning SS | KC,0,0,0,0,0,0,0,0,0,0,0,0,.000,.000,.000,9999
W ,Tanner English CF | MIN,0,0,0,0,0,0,0,0,0,0,0,0,.000,.000,.000,9999
W ,Aledmys Diaz SS | HOU,0,0,0,0,0,0,0,0,0,0,0,0,.000,.000,.000,9999
W ,Justin Williams 3B | HOU,0,0,0,0,0,0,0,0,0,0,0,0,.000,.000,.000,9999
W ,Mark Minicozzi 3B | WAS,0,0,0,0,0,0,0,0,0,0,0,0,.000,.000,.000,9999
W ,Sebastian Espino SS | TOR,0,0,0,0,0,0,0,0,0,0,0,0,.000,.000,.000,9999
W ,Andrew Pintar CF | MIA,0,0,0,0,0,0,0,0,0,0,0,0,.000,.000,.000,9999
W ,Niko Goodrum LF | SD ,0,0,0,0,0,0,0,0,0,0,0,0,.000,.000,.000,9999
W ,Logan Wyatt 1B | SF,0,0,0,0,0,0,0,0,0,0,0,0,.000,.000,.000,9999
W ,Addison Kopack C | SD,0,0,0,0,0,0,0,0,0,0,0,0,.000,.000,.000,9999
W ,Christopher De La Cruz LF | WAS,0,0,0,0,0,0,0,0,0,0,0,0,.000,.000,.000,9999
W ,Brandon Belt DH | TOR,0,0,0,0,0,0,0,0,0,0,0,0,.000,.000,.000,9999
W ,Brett Langhorne 3B | ATL,0,0,0,0,0,0,0,0,0,0,0,0,.000,.000,.000,9999
W ,Ghordy Santos SS | SF,0,0,0,0,0,0,0,0,0,0,0,0,.000,.000,.000,9999
W ,Eddinson Paulino 3B | TOR,0,0,0,0,0,0,0,0,0,0,0,0,.000,.000,.000,9999
W ,Hunter Feduccia C | LAD ,0,0,0,0,0,0,0,0,0,0,0,0,.000,.000,.000,9999
W ,Chris Owings SS | LAD,0,0,0,0,0,0,0,0,0,0,0,0,.000,.000,.000,9999
W ,Carson Rucker SS | DET ,0,0,0,0,0,0,0,0,0,0,0,0,.000,.000,.000,9999
W ,Colt Emerson SS | SEA,0,0,0,0,0,0,0,0,0,0,0,0,.000,.000,.000,9999
W ,Yamal Encarnacion 2B | HOU,0,0,0,0,0,0,0,0,0,0,0,0,.000,.000,.000,9999
W ,Dillon Tatum C | MIN,0,0,0,0,0,0,0,0,0,0,0,0,.000,.000,.000,9999
W ,Ryan Nagle LF | PIT,0,0,0,0,0,0,0,0,0,0,0,0,.000,.000,.000,9999
W ,Seaver Whalen 3B | TB,0,0,0,0,0,0,0,0,0,0,0,0,.000,.000,.000,9999
W ,Juan Kelly C | TOR,0,0,0,0,0,0,0,0,0,0,0,0,.000,.000,.000,9999
W ,Caleb Hamilton C | LAA,0,0,0,0,0,0,0,0,0,0,0,0,.000,.000,.000,9999
W ,Roldani Baldwin C | BOS,0,0,0,0,0,0,0,0,0,0,0,0,.000,.000,.000,9999
W ,Zack Collins C | CLE,0,0,0,0,0,0,0,0,0,0,0,0,.000,.000,.000,9999
W ,Clint Coulter RF | SF,0,0,0,0,0,0,0,0,0,0,0,0,.000,.000,.000,9999
W ,Yeremi Cabrera CF | TEX,0,0,0,0,0,0,0,0,0,0,0,0,.000,.000,.000,9999
W ,Wilfri Peralta SS | CLE,0,0,0,0,0,0,0,0,0,0,0,0,.000,.000,.000,9999
W ,J.D. Gonzalez C | TB,0,0,0,0,0,0,0,0,0,0,0,0,.000,.000,.000,9999
W ,Jay Allen CF | CIN,0,0,0,0,0,0,0,0,0,0,0,0,.000,.000,.000,9999
W ,Connor Sabanosh C | SF,0,0,0,0,0,0,0,0,0,0,0,0,.000,.000,.000,9999
W ,Josh Sale RF | TEX,0,0,0,0,0,0,0,0,0,0,0,0,.000,.000,.000,9999
W ,Ashton McGee 2B | MIL,0,0,0,0,0,0,0,0,0,0,0,0,.000,.000,.000,9999
W ,"Dominic Fletcher CF,RF | CHW ",0,0,0,0,0,0,0,0,0,0,0,0,.000,.000,.000,9999
W ,Granden Goetzman RF | HOU,0,0,0,0,0,0,0,0,0,0,0,0,.000,.000,.000,9999
W ,Leandro Santana 3B | CIN,0,0,0,0,0,0,0,0,0,0,0,0,.000,.000,.000,9999
W ,Emil Morales SS | LAD,0,0,0,0,0,0,0,0,0,0,0,0,.000,.000,.000,9999
W ,Derian Cruz SS | ATL,0,0,0,0,0,0,0,0,0,0,0,0,.000,.000,.000,9999
W ,Dennis Ortega C | MIN,0,0,0,0,0,0,0,0,0,0,0,0,.000,.000,.000,9999
W ,Chandler Pollard LF | TEX,0,0,0,0,0,0,0,0,0,0,0,0,.000,.000,.000,9999
W ,Alberti Chavez 3B | CIN,0,0,0,0,0,0,0,0,0,0,0,0,.000,.000,.000,9999
W ,Reshard Munroe LF | CIN,0,0,0,0,0,0,0,0,0,0,0,0,.000,.000,.000,9999
W ,Alfredo Alcantara SS | CIN,0,0,0,0,0,0,0,0,0,0,0,0,.000,.000,.000,9999
W ,Justin Guerrera SS | NYM,0,0,0,0,0,0,0,0,0,0,0,0,.000,.000,.000,9999
W ,Matthew Lugo LF | LAA,0,0,0,0,0,0,0,0,0,0,0,0,.000,.000,.000,9999
W ,Luis Pena SS | MIL,0,0,0,0,0,0,0,0,0,0,0,0,.000,.000,.000,9999
W ,Dan Gamache 3B | ATH,0,0,0,0,0,0,0,0,0,0,0,0,.000,.000,.000,9999
W ,Omar De Los Santos LF | NYM,0,0,0,0,0,0,0,0,0,0,0,0,.000,.000,.000,9999
W ,Adalberto Mondesi SS | BOS,0,0,0,0,0,0,0,0,0,0,0,0,.000,.000,.000,9999
W ,Peter Burns C | LAA,0,0,0,0,0,0,0,0,0,0,0,0,.000,.000,.000,9999
W ,Seth Spivey 2B | TEX,0,0,0,0,0,0,0,0,0,0,0,0,.000,.000,.000,9999
W ,Colton Becker SS | KC,0,0,0,0,0,0,0,0,0,0,0,0,.000,.000,.000,9999
W ,Cristian Santana 3B | DET,0,0,0,0,0,0,0,0,0,0,0,0,.000,.000,.000,9999
W ,Cory Vaughn RF | NYM,0,0,0,0,0,0,0,0,0,0,0,0,.000,.000,.000,9999
W ,Cole Young SS | SEA,0,0,0,0,0,0,0,0,0,0,0,0,.000,.000,.000,9999
W ,Yonatan Henriquez 3B | NYM,0,0,0,0,0,0,0,0,0,0,0,0,.000,.000,.000,9999
W ,Josh Lester 1B | KC,0,0,0,0,0,0,0,0,0,0,0,0,.000,.000,.000,9999
W ,Randy Ventura 2B | CIN,0,0,0,0,0,0,0,0,0,0,0,0,.000,.000,.000,9999
W ,Jordan Zimmerman 3B | LAA,0,0,0,0,0,0,0,0,0,0,0,0,.000,.000,.000,9999
W ,Nate Nankil RF | ATH,0,0,0,0,0,0,0,0,0,0,0,0,.000,.000,.000,9999
W ,Jack Lines SS | TB,0,0,0,0,0,0,0,0,0,0,0,0,.000,.000,.000,9999
W ,Alejandro Osuna CF | TEX,0,0,0,0,0,0,0,0,0,0,0,0,.000,.000,.000,9999
W ,Antonio Nunez SS | HOU,0,0,0,0,0,0,0,0,0,0,0,0,.000,.000,.000,9999
W ,Julio Meza C | TB,0,0,0,0,0,0,0,0,0,0,0,0,.000,.000,.000,9999
W ,Josh Bissonette 2B | PIT,0,0,0,0,0,0,0,0,0,0,0,0,.000,.000,.000,9999
W ,TJayy Walton LF | PHI,0,0,0,0,0,0,0,0,0,0,0,0,.000,.000,.000,9999
W ,Edward Olivares RF | PIT,0,0,0,0,0,0,0,0,0,0,0,0,.000,.000,.000,9999
W ,Kevin Keyes RF | WAS,0,0,0,0,0,0,0,0,0,0,0,0,.000,.000,.000,9999
W ,Jack Blomgren SS | COL ,0,0,0,0,0,0,0,0,0,0,0,0,.000,.000,.000,9999
W ,Cadyn Grenier SS | BAL,0,0,0,0,0,0,0,0,0,0,0,0,.000,.000,.000,9999
W ,Conrad Cason SS | BOS,0,0,0,0,0,0,0,0,0,0,0,0,.000,.000,.000,9999
W ,Josh Adamczewski SS | MIL,0,0,0,0,0,0,0,0,0,0,0,0,.000,.000,.000,9999
W ,Paul McIntosh C | PHI,0,0,0,0,0,0,0,0,0,0,0,0,.000,.000,.000,9999
W ,Nick Schulz LF | SD,0,0,0,0,0,0,0,0,0,0,0,0,.000,.000,.000,9999
W ,Luke Mann 3B | ATH,0,0,0,0,0,0,0,0,0,0,0,0,.000,.000,.000,9999
W ,Clint Frazier RF | CHW,0,0,0,0,0,0,0,0,0,0,0,0,.000,.000,.000,9999
W ,Jiwan James CF | DET,0,0,0,0,0,0,0,0,0,0,0,0,.000,.000,.000,9999
W ,Bryant Flete 2B | CIN,0,0,0,0,0,0,0,0,0,0,0,0,.000,.000,.000,9999
W ,Caden Kendle RF | MIN,0,0,0,0,0,0,0,0,0,0,0,0,.000,.000,.000,9999
W ,Benyamin Bailey LF | CHW,0,0,0,0,0,0,0,0,0,0,0,0,.000,.000,.000,9999
W ,Branden Fryman SS | NYM,0,0,0,0,0,0,0,0,0,0,0,0,.000,.000,.000,9999
W ,Jett Williams SS | NYM,0,0,0,0,0,0,0,0,0,0,0,0,.000,.000,.000,9999
W ,Josuar De Jesus Gonzalez SS | SF,0,0,0,0,0,0,0,0,0,0,0,0,.000,.000,.000,9999
W ,Blake Allemand SS | MIL,0,0,0,0,0,0,0,0,0,0,0,0,.000,.000,.000,9999
W ,Reinaldo Ilarraza 2B | SD,0,0,0,0,0,0,0,0,0,0,0,0,.000,.000,.000,9999
W ,Stone Garrett DH | WAS,0,0,0,0,0,0,0,0,0,0,0,0,.000,.000,.000,9999
W ,Drew Avans CF | ATH,0,0,0,0,0,0,0,0,0,0,0,0,.000,.000,.000,9999
W ,Alex Monsalve C | TOR,0,0,0,0,0,0,0,0,0,0,0,0,.000,.000,.000,9999
W ,Rodrigo Orozco CF | TOR,0,0,0,0,0,0,0,0,0,0,0,0,.000,.000,.000,9999
W ,Chris Givin 2B | SD,0,0,0,0,0,0,0,0,0,0,0,0,.000,.000,.000,9999
W ,Alex Binelas 1B | BOS,0,0,0,0,0,0,0,0,0,0,0,0,.000,.000,.000,9999
W ,Blake Mitchell C | KC,0,0,0,0,0,0,0,0,0,0,0,0,.000,.000,.000,9999
W ,Jose Escobar SS | CHC,0,0,0,0,0,0,0,0,0,0,0,0,.000,.000,.000,9999
W ,Dylan Harris LF | BAL,0,0,0,0,0,0,0,0,0,0,0,0,.000,.000,.000,9999
W ,JT Mabry 2B | MIA,0,0,0,0,0,0,0,0,0,0,0,0,.000,.000,.000,9999
W ,Jordan Procyshen C | LAD,0,0,0,0,0,0,0,0,0,0,0,0,.000,.000,.000,9999
W ,Mikey White SS | ATH,0,0,0,0,0,0,0,0,0,0,0,0,.000,.000,.000,9999
W ,D'Andre Smith SS | NYM,0,0,0,0,0,0,0,0,0,0,0,0,.000,.000,.000,9999
W ,Gunner Gouldsmith SS | ATH,0,0,0,0,0,0,0,0,0,0,0,0,.000,.000,.000,9999
W ,Grant Heyman LF | ARI,0,0,0,0,0,0,0,0,0,0,0,0,.000,.000,.000,9999
W ,Druw Jones CF | ARI,0,0,0,0,0,0,0,0,0,0,0,0,.000,.000,.000,9999
W ,Gilberto Jimenez RF | BOS,0,0,0,0,0,0,0,0,0,0,0,0,.000,.000,.000,9999
W ,Maykel Coret CF | TB,0,0,0,0,0,0,0,0,0,0,0,0,.000,.000,.000,9999
W ,Cullen Large 2B | TOR,0,0,0,0,0,0,0,0,0,0,0,0,.000,.000,.000,9999
W ,Frainyer Chavez SS | TEX,0,0,0,0,0,0,0,0,0,0,0,0,.000,.000,.000,9999
W ,Nick Lovullo 2B | BOS,0,0,0,0,0,0,0,0,0,0,0,0,.000,.000,.000,9999
W ,Tyler Whitaker RF | HOU,0,0,0,0,0,0,0,0,0,0,0,0,.000,.000,.000,9999
W ,Marvin Alcantara SS | BOS,0,0,0,0,0,0,0,0,0,0,0,0,.000,.000,.000,9999
W ,J.C. Rodriguez 2B | NYM,0,0,0,0,0,0,0,0,0,0,0,0,.000,.000,.000,9999
W ,Jake Snider CF | SD,0,0,0,0,0,0,0,0,0,0,0,0,.000,.000,.000,9999
W ,Tyler Gentry RF | KC,0,0,0,0,0,0,0,0,0,0,0,0,.000,.000,.000,9999
W ,Mason Smith CF | SD,0,0,0,0,0,0,0,0,0,0,0,0,.000,.000,.000,9999
W ,Jonah Advincula RF | CLE,0,0,0,0,0,0,0,0,0,0,0,0,.000,.000,.000,9999
W ,Josh Stowers RF | LAD,0,0,0,0,0,0,0,0,0,0,0,0,.000,.000,.000,9999
W ,Robbie Tenerowicz 2B | SEA,0,0,0,0,0,0,0,0,0,0,0,0,.000,.000,.000,9999
W ,Justin Twine SS | MIA,0,0,0,0,0,0,0,0,0,0,0,0,.000,.000,.000,9999
W ,Trey Snyder SS | NYM,0,0,0,0,0,0,0,0,0,0,0,0,.000,.000,.000,9999
W ,James Parker SS | SEA,0,0,0,0,0,0,0,0,0,0,0,0,.000,.000,.000,9999
W ,Eric Yang C | CIN,0,0,0,0,0,0,0,0,0,0,0,0,.000,.000,.000,9999
W ,London Lindley LF | TEX,0,0,0,0,0,0,0,0,0,0,0,0,.000,.000,.000,9999
W ,Victor Nova LF | CLE,0,0,0,0,0,0,0,0,0,0,0,0,.000,.000,.000,9999
W ,Alec Keller CF | WAS,0,0,0,0,0,0,0,0,0,0,0,0,.000,.000,.000,9999
W ,Eddie Micheletti LF | TOR,0,0,0,0,0,0,0,0,0,0,0,0,.000,.000,.000,9999
W ,Ruben Sosa 2B | KC,0,0,0,0,0,0,0,0,0,0,0,0,.000,.000,.000,9999
W ,Yeltsin Gudino SS | TOR,0,0,0,0,0,0,0,0,0,0,0,0,.000,.000,.000,9999
W ,Seth Conner C | TOR,0,0,0,0,0,0,0,0,0,0,0,0,.000,.000,.000,9999
W ,Abraham Almonte LF | NYM,0,0,0,0,0,0,0,0,0,0,0,0,.000,.000,.000,9999
W ,Chase Estep 3B | NYM,0,0,0,0,0,0,0,0,0,0,0,0,.000,.000,.000,9999
W ,Anthony Ray LF | STL,0,0,0,0,0,0,0,0,0,0,0,0,.000,.000,.000,9999
W ,Luis Verdugo SS | PHI,0,0,0,0,0,0,0,0,0,0,0,0,.000,.000,.000,9999
W ,Carlos Martinez C | ATL,0,0,0,0,0,0,0,0,0,0,0,0,.000,.000,.000,9999
W ,Nehomar Ochoa RF | HOU,0,0,0,0,0,0,0,0,0,0,0,0,.000,.000,.000,9999
W ,Jiandido Tromp LF | PHI,0,0,0,0,0,0,0,0,0,0,0,0,.000,.000,.000,9999
W ,Yendry Rojas 3B | SD,0,0,0,0,0,0,0,0,0,0,0,0,.000,.000,.000,9999
W ,Miguel Palma C | HOU,0,0,0,0,0,0,0,0,0,0,0,0,.000,.000,.000,9999
W ,Ibandel Isabel 1B | CIN,0,0,0,0,0,0,0,0,0,0,0,0,.000,.000,.000,9999
W ,Max George C | COL,0,0,0,0,0,0,0,0,0,0,0,0,.000,.000,.000,9999
W ,Peter Mooney SS | MIN,0,0,0,0,0,0,0,0,0,0,0,0,.000,.000,.000,9999
W ,Austin Beck CF | ATH,0,0,0,0,0,0,0,0,0,0,0,0,.000,.000,.000,9999
W ,Sean McLain SS | LAD,0,0,0,0,0,0,0,0,0,0,0,0,.000,.000,.000,9999
W ,Manuel Palencia C | NYY,0,0,0,0,0,0,0,0,0,0,0,0,.000,.000,.000,9999
W ,Tre Gantt LF | CLE,0,0,0,0,0,0,0,0,0,0,0,0,.000,.000,.000,9999
W ,Jose De La Cruz RF | DET,0,0,0,0,0,0,0,0,0,0,0,0,.000,.000,.000,9999
W ,Ryan Aper CF | MIA,0,0,0,0,0,0,0,0,0,0,0,0,.000,.000,.000,9999
W ,D'Shawn Knowles CF | LAA,0,0,0,0,0,0,0,0,0,0,0,0,.000,.000,.000,9999
W ,Joey Pankake 2B | DET,0,0,0,0,0,0,0,0,0,0,0,0,.000,.000,.000,9999
W ,Kyle McPherson 2B | SF,0,0,0,0,0,0,0,0,0,0,0,0,.000,.000,.000,9999
W ,Kean Wong 2B | SEA,0,0,0,0,0,0,0,0,0,0,0,0,.000,.000,.000,9999
W ,J.P. Sportman CF | ATH,0,0,0,0,0,0,0,0,0,0,0,0,.000,.000,.000,9999
W ,Dayron Varona CF | TB,0,0,0,0,0,0,0,0,0,0,0,0,.000,.000,.000,9999
W ,Connor Burns C | CIN,0,0,0,0,0,0,0,0,0,0,0,0,.000,.000,.000,9999
W ,Walking Cabrera RF | SEA,0,0,0,0,0,0,0,0,0,0,0,0,.000,.000,.000,9999
W ,Correlle Prime 1B | COL,0,0,0,0,0,0,0,0,0,0,0,0,.000,.000,.000,9999
W ,Ethan Salas C | SD,0,0,0,0,0,0,0,0,0,0,0,0,.000,.000,.000,9999
W ,Colby Halter 2B | ATH,0,0,0,0,0,0,0,0,0,0,0,0,.000,.000,.000,9999
W ,Dexter Kjerstad RF | MIA,0,0,0,0,0,0,0,0,0,0,0,0,.000,.000,.000,9999
W ,Stewart Ijames RF | ARI,0,0,0,0,0,0,0,0,0,0,0,0,.000,.000,.000,9999
W ,Brock Hebert 2B | SEA,0,0,0,0,0,0,0,0,0,0,0,0,.000,.000,.000,9999
W ,Matt McPhearson LF | ARI,0,0,0,0,0,0,0,0,0,0,0,0,.000,.000,.000,9999
W ,Rafael Cruz SS | MIN,0,0,0,0,0,0,0,0,0,0,0,0,.000,.000,.000,9999
W ,Daniel Brito 2B | PHI,0,0,0,0,0,0,0,0,0,0,0,0,.000,.000,.000,9999
W ,Alvin Guzman CF | ARI,0,0,0,0,0,0,0,0,0,0,0,0,.000,.000,.000,9999
W ,Ty Duvall C | SEA ,0,0,0,0,0,0,0,0,0,0,0,0,.000,.000,.000,9999
W ,Buddy Reed CF | LAD,0,0,0,0,0,0,0,0,0,0,0,0,.000,.000,.000,9999
W ,Juremi Profar 3B | TEX,0,0,0,0,0,0,0,0,0,0,0,0,.000,.000,.000,9999
W ,Evan Mendoza 3B | SD,0,0,0,0,0,0,0,0,0,0,0,0,.000,.000,.000,9999
W ,Gabriel Martinez LF | TOR,0,0,0,0,0,0,0,0,0,0,0,0,.000,.000,.000,9999
W ,Tanner Morris 2B | TOR,0,0,0,0,0,0,0,0,0,0,0,0,.000,.000,.000,9999
W ,Felix Perez CF | CIN,0,0,0,0,0,0,0,0,0,0,0,0,.000,.000,.000,9999
W ,Brett Pope SS | PIT,0,0,0,0,0,0,0,0,0,0,0,0,.000,.000,.000,9999
W ,Taylor Motter 2B | STL,0,0,0,0,0,0,0,0,0,0,0,0,.000,.000,.000,9999
W ,Yoshitomo Tsutsugo 1B | SF,0,0,0,0,0,0,0,0,0,0,0,0,.000,.000,.000,9999
W ,Greg Allen LF | CHC,0,0,0,0,0,0,0,0,0,0,0,0,.000,.000,.000,9999
W ,Bryan Mejia 2B | WAS,0,0,0,0,0,0,0,0,0,0,0,0,.000,.000,.000,9999
W ,Kyle Johnson CF | NYM,0,0,0,0,0,0,0,0,0,0,0,0,.000,.000,.000,9999
W ,Christian Molfetta C | DET,0,0,0,0,0,0,0,0,0,0,0,0,.000,.000,.000,9999
W ,Cristian Hernandez SS | CHC,0,0,0,0,0,0,0,0,0,0,0,0,.000,.000,.000,9999
Brooklyn Cocaine Hippos,Jac Caglianone 1B | KC ,0,0,0,0,0,0,0,0,0,0,0,0,.000,.000,.000,9999
W ,Chris Betts C | TB,0,0,0,0,0,0,0,0,0,0,0,0,.000,.000,.000,9999
W ,Drew Gilbert CF | NYM,0,0,0,0,0,0,0,0,0,0,0,0,.000,.000,.000,9999
W ,Juan Ciriaco SS | SF,0,0,0,0,0,0,0,0,0,0,0,0,.000,.000,.000,9999
W ,Jeff Howell C | WAS,0,0,0,0,0,0,0,0,0,0,0,0,.000,.000,.000,9999
W ,Travis Swaggerty LF | NYM,0,0,0,0,0,0,0,0,0,0,0,0,.000,.000,.000,9999
W ,Michael De La Cruz CF | PIT,0,0,0,0,0,0,0,0,0,0,0,0,.000,.000,.000,9999
W ,Yosmany Guerra SS | MIA,0,0,0,0,0,0,0,0,0,0,0,0,.000,.000,.000,9999
W ,Cal Hernandez 3B | SEA,0,0,0,0,0,0,0,0,0,0,0,0,.000,.000,.000,9999
W ,Brandon Lewis 1B | LAD,0,0,0,0,0,0,0,0,0,0,0,0,.000,.000,.000,9999
W ,Shayne Fontana CF | BAL,0,0,0,0,0,0,0,0,0,0,0,0,.000,.000,.000,9999
W ,Joshua Zamora 3B | MIA,0,0,0,0,0,0,0,0,0,0,0,0,.000,.000,.000,9999
W ,Robbie Garvey CF | LAD,0,0,0,0,0,0,0,0,0,0,0,0,.000,.000,.000,9999
W ,Charles McAdoo 3B | TOR,0,0,0,0,0,0,0,0,0,0,0,0,.000,.000,.000,9999
W ,Heiker Meneses 2B | PHI,0,0,0,0,0,0,0,0,0,0,0,0,.000,.000,.000,9999
W ,Nick Roselli 2B | NYM,0,0,0,0,0,0,0,0,0,0,0,0,.000,.000,.000,9999
W ,Alberto Barriga C | ARI,0,0,0,0,0,0,0,0,0,0,0,0,.000,.000,.000,9999
W ,Aaron Hicks RF | LAA,0,0,0,0,0,0,0,0,0,0,0,0,.000,.000,.000,9999
W ,Ernny Ordonez 3B | PIT,0,0,0,0,0,0,0,0,0,0,0,0,.000,.000,.000,9999
W ,Nonie Williams SS | LAA,0,0,0,0,0,0,0,0,0,0,0,0,.000,.000,.000,9999
W ,Ryan Reckley 2B | SF,0,0,0,0,0,0,0,0,0,0,0,0,.000,.000,.000,9999
W ,Seth Beer DH | PIT,0,0,0,0,0,0,0,0,0,0,0,0,.000,.000,.000,9999
W ,Brandon Crawford SS | STL,0,0,0,0,0,0,0,0,0,0,0,0,.000,.000,.000,9999
W ,Terry McClure LF | COL,0,0,0,0,0,0,0,0,0,0,0,0,.000,.000,.000,9999
W ,Kevin McGonigle SS | DET,0,0,0,0,0,0,0,0,0,0,0,0,.000,.000,.000,9999
W ,Colby Shade CF | MIA,0,0,0,0,0,0,0,0,0,0,0,0,.000,.000,.000,9999
W ,Raimel Tapia RF | TB,0,0,0,0,0,0,0,0,0,0,0,0,.000,.000,.000,9999
W ,Cristian Santana 3B | CIN,0,0,0,0,0,0,0,0,0,0,0,0,.000,.000,.000,9999
W ,Kyler Fedko RF | MIN,0,0,0,0,0,0,0,0,0,0,0,0,.000,.000,.000,9999
W ,Chris Newell LF | LAD,0,0,0,0,0,0,0,0,0,0,0,0,.000,.000,.000,9999
W ,Chris O'Dowd C | ATL,0,0,0,0,0,0,0,0,0,0,0,0,.000,.000,.000,9999
W ,Jackson Loftin SS | HOU,0,0,0,0,0,0,0,0,0,0,0,0,.000,.000,.000,9999
W ,Owen Caissie RF | CHC ,0,0,0,0,0,0,0,0,0,0,0,0,.000,.000,.000,9999
W ,Luke Voit 1B | NYM,0,0,0,0,0,0,0,0,0,0,0,0,.000,.000,.000,9999
W ,Junior Perez RF | ATH,0,0,0,0,0,0,0,0,0,0,0,0,.000,.000,.000,9999
W ,Dayan Frias 3B | CLE,0,0,0,0,0,0,0,0,0,0,0,0,.000,.000,.000,9999
W ,Austin Charles 3B | KC,0,0,0,0,0,0,0,0,0,0,0,0,.000,.000,.000,9999
W ,Edgardo Fermin SS | NYM,0,0,0,0,0,0,0,0,0,0,0,0,.000,.000,.000,9999
W ,Conrad Gregor 1B | BOS,0,0,0,0,0,0,0,0,0,0,0,0,.000,.000,.000,9999
W ,Cole Brannen LF | BOS,0,0,0,0,0,0,0,0,0,0,0,0,.000,.000,.000,9999
W ,Ruddy Giron 3B | SD,0,0,0,0,0,0,0,0,0,0,0,0,.000,.000,.000,9999
W ,Jake Fox CF | CLE,0,0,0,0,0,0,0,0,0,0,0,0,.000,.000,.000,9999
W ,Carlos De La Cruz RF | WAS,0,0,0,0,0,0,0,0,0,0,0,0,.000,.000,.000,9999
W ,Ryan January C | ARI,0,0,0,0,0,0,0,0,0,0,0,0,.000,.000,.000,9999
W ,Leon Landry CF | CIN,0,0,0,0,0,0,0,0,0,0,0,0,.000,.000,.000,9999
W ,Yeison Coca SS | MIL,0,0,0,0,0,0,0,0,0,0,0,0,.000,.000,.000,9999
W ,Matt McLaughlin SS | COL,0,0,0,0,0,0,0,0,0,0,0,0,.000,.000,.000,9999
W ,Dilson Herrera 2B | CIN,0,0,0,0,0,0,0,0,0,0,0,0,.000,.000,.000,9999
W ,Brody Moore 2B | STL,0,0,0,0,0,0,0,0,0,0,0,0,.000,.000,.000,9999
W ,Kevin Torres C | TEX,0,0,0,0,0,0,0,0,0,0,0,0,.000,.000,.000,9999
W ,Corey Collins 1B | NYM,0,0,0,0,0,0,0,0,0,0,0,0,.000,.000,.000,9999
W ,Pin-Chieh Chen 2B | CHC,0,0,0,0,0,0,0,0,0,0,0,0,.000,.000,.000,9999
W ,Ben Ramirez SS | SEA,0,0,0,0,0,0,0,0,0,0,0,0,.000,.000,.000,9999
W ,Kevin Alvarez LF | HOU,0,0,0,0,0,0,0,0,0,0,0,0,.000,.000,.000,9999
W ,Robelys Reyes SS | STL,0,0,0,0,0,0,0,0,0,0,0,0,.000,.000,.000,9999
W ,Eric Aguilera 1B | TEX,0,0,0,0,0,0,0,0,0,0,0,0,.000,.000,.000,9999
W ,Tony Kemp 2B | MIN,0,0,0,0,0,0,0,0,0,0,0,0,.000,.000,.000,9999
W ,Bryson Myles LF | CLE,0,0,0,0,0,0,0,0,0,0,0,0,.000,.000,.000,9999
W ,Carlos Machado LF | HOU,0,0,0,0,0,0,0,0,0,0,0,0,.000,.000,.000,9999
W ,Christopher Familia LF | NYY,0,0,0,0,0,0,0,0,0,0,0,0,.000,.000,.000,9999
W ,Max White LF | COL,0,0,0,0,0,0,0,0,0,0,0,0,.000,.000,.000,9999
W ,Jeremias Portorreal RF | PIT,0,0,0,0,0,0,0,0,0,0,0,0,.000,.000,.000,9999
W ,Abdiel Layer 3B | SF,0,0,0,0,0,0,0,0,0,0,0,0,.000,.000,.000,9999
W ,John Schuknecht RF | LAA,0,0,0,0,0,0,0,0,0,0,0,0,.000,.000,.000,9999
W ,Cal Towey 1B | LAA,0,0,0,0,0,0,0,0,0,0,0,0,.000,.000,.000,9999
W ,Connor Hoover 2B | SEA,0,0,0,0,0,0,0,0,0,0,0,0,.000,.000,.000,9999
W ,Luke Waddell SS | ATL,0,0,0,0,0,0,0,0,0,0,0,0,.000,.000,.000,9999
W ,Jake Mangum CF | TB ,0,0,0,0,0,0,0,0,0,0,0,0,.000,.000,.000,9999
W ,Troy Schreffler LF | PHI,0,0,0,0,0,0,0,0,0,0,0,0,.000,.000,.000,9999
W ,Brandon Dixon 1B | SD,0,0,0,0,0,0,0,0,0,0,0,0,.000,.000,.000,9999
W ,Robert Henry CF | MIL,0,0,0,0,0,0,0,0,0,0,0,0,.000,.000,.000,9999
W ,Jeff Boehm 2B | LAA,0,0,0,0,0,0,0,0,0,0,0,0,.000,.000,.000,9999
W ,Shane Matheny 3B | SF,0,0,0,0,0,0,0,0,0,0,0,0,.000,.000,.000,9999
W ,Shane Opitz SS | MIL,0,0,0,0,0,0,0,0,0,0,0,0,.000,.000,.000,9999
W ,Connor Lien CF | SEA,0,0,0,0,0,0,0,0,0,0,0,0,.000,.000,.000,9999
W ,Adrian Marin SS | BAL,0,0,0,0,0,0,0,0,0,0,0,0,.000,.000,.000,9999
W ,Hunter Stovall 2B | COL,0,0,0,0,0,0,0,0,0,0,0,0,.000,.000,.000,9999
W ,Yonathan Perlaza 2B | SD,0,0,0,0,0,0,0,0,0,0,0,0,.000,.000,.000,9999
W ,Seth Stephenson CF | DET,0,0,0,0,0,0,0,0,0,0,0,0,.000,.000,.000,9999
W ,Luis Suisbel 3B | SEA,0,0,0,0,0,0,0,0,0,0,0,0,.000,.000,.000,9999
W ,Nick Decker LF | BOS,0,0,0,0,0,0,0,0,0,0,0,0,.000,.000,.000,9999
W ,Jhoan Urena 3B | LAA,0,0,0,0,0,0,0,0,0,0,0,0,.000,.000,.000,9999
W ,Ronald Guzman 1B | BAL,0,0,0,0,0,0,0,0,0,0,0,0,.000,.000,.000,9999
W ,Johnny Rizer RF | BAL,0,0,0,0,0,0,0,0,0,0,0,0,.000,.000,.000,9999
W ,Deybert Lozano LF | CIN,0,0,0,0,0,0,0,0,0,0,0,0,.000,.000,.000,9999
W ,Brantley Bell 2B | CIN,0,0,0,0,0,0,0,0,0,0,0,0,.000,.000,.000,9999
W ,Zach Jackson C | STL,0,0,0,0,0,0,0,0,0,0,0,0,.000,.000,.000,9999
W ,Luis Pintor SS | MIA,0,0,0,0,0,0,0,0,0,0,0,0,.000,.000,.000,9999
W ,Dylan Rock LF | TOR,0,0,0,0,0,0,0,0,0,0,0,0,.000,.000,.000,9999
W ,Joey Gallo 1B | CHW ,0,0,0,0,0,0,0,0,0,0,0,0,.000,.000,.000,9999
W ,P.J. Higgins 1B | CIN,0,0,0,0,0,0,0,0,0,0,0,0,.000,.000,.000,9999
W ,Alex Swim C | MIN,0,0,0,0,0,0,0,0,0,0,0,0,.000,.000,.000,9999
W ,Angel Perez RF | TB,0,0,0,0,0,0,0,0,0,0,0,0,.000,.000,.000,9999
W ,Kevin Cron DH | ATH,0,0,0,0,0,0,0,0,0,0,0,0,.000,.000,.000,9999
W ,Anthony Pereira SS | DET,0,0,0,0,0,0,0,0,0,0,0,0,.000,.000,.000,9999
W ,Angel Rosa SS | LAA,0,0,0,0,0,0,0,0,0,0,0,0,.000,.000,.000,9999
W ,Ronny Brito 3B | LAD,0,0,0,0,0,0,0,0,0,0,0,0,.000,.000,.000,9999
W ,Tyler Tolve C | ATL,0,0,0,0,0,0,0,0,0,0,0,0,.000,.000,.000,9999
W ,Jack Dunn SS | DET,0,0,0,0,0,0,0,0,0,0,0,0,.000,.000,.000,9999
W ,Diego Cartaya C | MIN,0,0,0,0,0,0,0,0,0,0,0,0,.000,.000,.000,9999
W ,Kole Cottam C | BOS,0,0,0,0,0,0,0,0,0,0,0,0,.000,.000,.000,9999
W ,Justin Maffei LF | PIT,0,0,0,0,0,0,0,0,0,0,0,0,.000,.000,.000,9999
W ,Terence Dotson CF | MIL,0,0,0,0,0,0,0,0,0,0,0,0,.000,.000,.000,9999
W ,Xavier Isaac 1B | TB,0,0,0,0,0,0,0,0,0,0,0,0,.000,.000,.000,9999
W ,Nate Baez C | MIN,0,0,0,0,0,0,0,0,0,0,0,0,.000,.000,.000,9999
W ,Dalton Shuffield SS | MIN,0,0,0,0,0,0,0,0,0,0,0,0,.000,.000,.000,9999
W ,Denzel Clarke CF | ATH,0,0,0,0,0,0,0,0,0,0,0,0,.000,.000,.000,9999
W ,Reid Redman 3B | KC,0,0,0,0,0,0,0,0,0,0,0,0,.000,.000,.000,9999
W ,Brandol Mezquita RF | ATL,0,0,0,0,0,0,0,0,0,0,0,0,.000,.000,.000,9999
W ,Alfredo Reyes SS | PIT,0,0,0,0,0,0,0,0,0,0,0,0,.000,.000,.000,9999
W ,Kevin Krause C | PIT,0,0,0,0,0,0,0,0,0,0,0,0,.000,.000,.000,9999
W ,Luca Tresh C | KC,0,0,0,0,0,0,0,0,0,0,0,0,.000,.000,.000,9999
W ,Stephen Bruno SS | CHC,0,0,0,0,0,0,0,0,0,0,0,0,.000,.000,.000,9999
W ,Sean Godfrey CF | ATL,0,0,0,0,0,0,0,0,0,0,0,0,.000,.000,.000,9999
W ,Jan Vazquez C | COL,0,0,0,0,0,0,0,0,0,0,0,0,.000,.000,.000,9999
W ,Ramon Marcelino RF | COL,0,0,0,0,0,0,0,0,0,0,0,0,.000,.000,.000,9999
W ,Karson Simas SS | BOS,0,0,0,0,0,0,0,0,0,0,0,0,.000,.000,.000,9999
W ,Eric Filia RF | SEA,0,0,0,0,0,0,0,0,0,0,0,0,.000,.000,.000,9999
W ,Armani Smith LF | MIN,0,0,0,0,0,0,0,0,0,0,0,0,.000,.000,.000,9999
W ,Demetrio Crisantes 2B | ARI,0,0,0,0,0,0,0,0,0,0,0,0,.000,.000,.000,9999
W ,Matt Hearn CF | COL,0,0,0,0,0,0,0,0,0,0,0,0,.000,.000,.000,9999
W ,Jantzen Witte 1B | SD,0,0,0,0,0,0,0,0,0,0,0,0,.000,.000,.000,9999
W ,Alerick Soularie RF | MIN,0,0,0,0,0,0,0,0,0,0,0,0,.000,.000,.000,9999
W ,R.J. Yeager 1B | STL,0,0,0,0,0,0,0,0,0,0,0,0,.000,.000,.000,9999
W ,Derniche Valdez 2B | CHC,0,0,0,0,0,0,0,0,0,0,0,0,.000,.000,.000,9999
W ,Victor Mesia C | TOR,0,0,0,0,0,0,0,0,0,0,0,0,.000,.000,.000,9999
W ,Miguelangel Sierra SS | HOU,0,0,0,0,0,0,0,0,0,0,0,0,.000,.000,.000,9999
W ,Colin Barber LF | HOU,0,0,0,0,0,0,0,0,0,0,0,0,.000,.000,.000,9999
W ,Reed Harper 2B | ATL,0,0,0,0,0,0,0,0,0,0,0,0,.000,.000,.000,9999
W ,David Rohm RF | ATL,0,0,0,0,0,0,0,0,0,0,0,0,.000,.000,.000,9999
W ,Chase Jaworsky SS | HOU,0,0,0,0,0,0,0,0,0,0,0,0,.000,.000,.000,9999
W ,Dante Nori CF | PHI,0,0,0,0,0,0,0,0,0,0,0,0,.000,.000,.000,9999
W ,Zavier Warren LF | MIL,0,0,0,0,0,0,0,0,0,0,0,0,.000,.000,.000,9999
W ,Yohander Martinez SS | MIN,0,0,0,0,0,0,0,0,0,0,0,0,.000,.000,.000,9999
W ,Thayron Liranzo C | DET,0,0,0,0,0,0,0,0,0,0,0,0,.000,.000,.000,9999
W ,Starlin Aguilar 3B | SEA,0,0,0,0,0,0,0,0,0,0,0,0,.000,.000,.000,9999
W ,Michael Trautwein C | CIN,0,0,0,0,0,0,0,0,0,0,0,0,.000,.000,.000,9999
W ,Walker Janek C | HOU,0,0,0,0,0,0,0,0,0,0,0,0,.000,.000,.000,9999
W ,Mel Rojas CF | ATL,0,0,0,0,0,0,0,0,0,0,0,0,.000,.000,.000,9999
W ,Kyle Karros 3B | COL,0,0,0,0,0,0,0,0,0,0,0,0,.000,.000,.000,9999
W ,Bryan Arias 2B | HOU,0,0,0,0,0,0,0,0,0,0,0,0,.000,.000,.000,9999
W ,Brady Whalen 1B | SF,0,0,0,0,0,0,0,0,0,0,0,0,.000,.000,.000,9999
W ,Logan Ratledge SS | PIT,0,0,0,0,0,0,0,0,0,0,0,0,.000,.000,.000,9999
W ,Jimmy Allen 2B | LAD,0,0,0,0,0,0,0,0,0,0,0,0,.000,.000,.000,9999
W ,Darius Hill LF | CHC,0,0,0,0,0,0,0,0,0,0,0,0,.000,.000,.000,9999
W ,Carlos Rincon RF | NYM,0,0,0,0,0,0,0,0,0,0,0,0,.000,.000,.000,9999
W ,Yerlin Confidan LF | CIN,0,0,0,0,0,0,0,0,0,0,0,0,.000,.000,.000,9999
W ,Connor Kaiser SS | ARI,0,0,0,0,0,0,0,0,0,0,0,0,.000,.000,.000,9999
W ,Jose Bermudez RF | ATL,0,0,0,0,0,0,0,0,0,0,0,0,.000,.000,.000,9999
W ,Jon Rosoff C | DET,0,0,0,0,0,0,0,0,0,0,0,0,.000,.000,.000,9999
W ,Roman Collins CF | KC,0,0,0,0,0,0,0,0,0,0,0,0,.000,.000,.000,9999
W ,Payton Green SS | MIA,0,0,0,0,0,0,0,0,0,0,0,0,.000,.000,.000,9999
W ,Mike Moustakas 3B | CHW,0,0,0,0,0,0,0,0,0,0,0,0,.000,.000,.000,9999
W ,T.J. White LF | WAS,0,0,0,0,0,0,0,0,0,0,0,0,.000,.000,.000,9999
W ,Leandro Pineda RF | PHI,0,0,0,0,0,0,0,0,0,0,0,0,.000,.000,.000,9999
W ,Starling Heredia LF | LAD,0,0,0,0,0,0,0,0,0,0,0,0,.000,.000,.000,9999
W ,Mike Jarvis SS | PIT,0,0,0,0,0,0,0,0,0,0,0,0,.000,.000,.000,9999
W ,Connor Justus SS | LAA,0,0,0,0,0,0,0,0,0,0,0,0,.000,.000,.000,9999
W ,Andrew Navigato SS | DET,0,0,0,0,0,0,0,0,0,0,0,0,.000,.000,.000,9999
W ,Ruben Santana 3B | ARI,0,0,0,0,0,0,0,0,0,0,0,0,.000,.000,.000,9999
W ,Alberto Rios C | LAA,0,0,0,0,0,0,0,0,0,0,0,0,.000,.000,.000,9999
W ,Andrew Sohn SS | STL,0,0,0,0,0,0,0,0,0,0,0,0,.000,.000,.000,9999
W ,Jim Jarvis SS | DET,0,0,0,0,0,0,0,0,0,0,0,0,.000,.000,.000,9999
W ,Casey Cook 2B | TEX,0,0,0,0,0,0,0,0,0,0,0,0,.000,.000,.000,9999
W ,C.J. Stubbs C | HOU,0,0,0,0,0,0,0,0,0,0,0,0,.000,.000,.000,9999
W ,Mitch Reeves 1B | CLE,0,0,0,0,0,0,0,0,0,0,0,0,.000,.000,.000,9999
W ,Antoni Flores SS | BOS,0,0,0,0,0,0,0,0,0,0,0,0,.000,.000,.000,9999
W ,Baron Radcliff LF | PHI,0,0,0,0,0,0,0,0,0,0,0,0,.000,.000,.000,9999
W ,Dauri Fernandez 2B | CLE,0,0,0,0,0,0,0,0,0,0,0,0,.000,.000,.000,9999
W ,Fabian Pertuz 2B | CHC,0,0,0,0,0,0,0,0,0,0,0,0,.000,.000,.000,9999
W ,Kade Scivicque C | DET,0,0,0,0,0,0,0,0,0,0,0,0,.000,.000,.000,9999
W ,Nestor Miranda 3B | DET,0,0,0,0,0,0,0,0,0,0,0,0,.000,.000,.000,9999
W ,Roberto Ramos 1B | BOS,0,0,0,0,0,0,0,0,0,0,0,0,.000,.000,.000,9999
W ,Felix Reyes RF | PHI,0,0,0,0,0,0,0,0,0,0,0,0,.000,.000,.000,9999
W ,Jonathan Piron 2B | COL,0,0,0,0,0,0,0,0,0,0,0,0,.000,.000,.000,9999
W ,Isiah Gilliam RF | SEA,0,0,0,0,0,0,0,0,0,0,0,0,.000,.000,.000,9999
W ,Aaron Shackelford SS | PIT,0,0,0,0,0,0,0,0,0,0,0,0,.000,.000,.000,9999
W ,Marcos Torres CF | TEX,0,0,0,0,0,0,0,0,0,0,0,0,.000,.000,.000,9999
W ,Yu Chang SS | TB,0,0,0,0,0,0,0,0,0,0,0,0,.000,.000,.000,9999
W ,Cristopher Espinola RF | CLE,0,0,0,0,0,0,0,0,0,0,0,0,.000,.000,.000,9999
W ,Ty Ross C | SF,0,0,0,0,0,0,0,0,0,0,0,0,.000,.000,.000,9999
W ,Brady McConnell SS | KC,0,0,0,0,0,0,0,0,0,0,0,0,.000,.000,.000,9999
W ,Morgan Lofstrom C | CIN,0,0,0,0,0,0,0,0,0,0,0,0,.000,.000,.000,9999
W ,Dylan Davis RF | SF,0,0,0,0,0,0,0,0,0,0,0,0,.000,.000,.000,9999
W ,Chris Madera CF | BOS,0,0,0,0,0,0,0,0,0,0,0,0,.000,.000,.000,9999
W ,Eduard Pinto LF | TOR,0,0,0,0,0,0,0,0,0,0,0,0,.000,.000,.000,9999
W ,J.C. Cardenas SS | TOR,0,0,0,0,0,0,0,0,0,0,0,0,.000,.000,.000,9999
W ,Marcus Littlewood C | ARI,0,0,0,0,0,0,0,0,0,0,0,0,.000,.000,.000,9999
W ,Will Allen C | DET,0,0,0,0,0,0,0,0,0,0,0,0,.000,.000,.000,9999
W ,Alexander Ramirez CF | NYM,0,0,0,0,0,0,0,0,0,0,0,0,.000,.000,.000,9999
W ,Jase Bowen CF | PIT,0,0,0,0,0,0,0,0,0,0,0,0,.000,.000,.000,9999
W ,Brett Squires 1B | KC,0,0,0,0,0,0,0,0,0,0,0,0,.000,.000,.000,9999
W ,John Silviano 1B | MIA,0,0,0,0,0,0,0,0,0,0,0,0,.000,.000,.000,9999
W ,Taylor Snyder 2B | CHW,0,0,0,0,0,0,0,0,0,0,0,0,.000,.000,.000,9999
W ,Colby Jones SS | ATL,0,0,0,0,0,0,0,0,0,0,0,0,.000,.000,.000,9999
W ,Canaan Smith-Njigba RF | PIT,0,0,0,0,0,0,0,0,0,0,0,0,.000,.000,.000,9999
W ,Chase McDonald 1B | HOU,0,0,0,0,0,0,0,0,0,0,0,0,.000,.000,.000,9999
W ,Caleb Ketchup SS | LAA,0,0,0,0,0,0,0,0,0,0,0,0,.000,.000,.000,9999
W ,Terrin Vavra RF | BAL,0,0,0,0,0,0,0,0,0,0,0,0,.000,.000,.000,9999
W ,Ryan Stephens CF | COL,0,0,0,0,0,0,0,0,0,0,0,0,.000,.000,.000,9999
W ,Danny Diekroeger 3B | STL,0,0,0,0,0,0,0,0,0,0,0,0,.000,.000,.000,9999
W ,Brian Schales 3B | DET,0,0,0,0,0,0,0,0,0,0,0,0,.000,.000,.000,9999
Brooklyn Cocaine Hippos,Travis Bazzana 2B | CLE,0,0,0,0,0,0,0,0,0,0,0,0,.000,.000,.000,9999
W ,Matt Rose 1B | CHW,0,0,0,0,0,0,0,0,0,0,0,0,.000,.000,.000,9999
W ,Bayron Lora RF | TEX,0,0,0,0,0,0,0,0,0,0,0,0,.000,.000,.000,9999
W ,Pablo Olivares CF | NYY,0,0,0,0,0,0,0,0,0,0,0,0,.000,.000,.000,9999
W ,Hirotoshi Onaka RF | TEX,0,0,0,0,0,0,0,0,0,0,0,0,.000,.000,.000,9999
W ,David Walker RF | CHW,0,0,0,0,0,0,0,0,0,0,0,0,.000,.000,.000,9999
W ,Drew Dosch 3B | BAL,0,0,0,0,0,0,0,0,0,0,0,0,.000,.000,.000,9999
W ,Andrew Jenkins 1B | DET,0,0,0,0,0,0,0,0,0,0,0,0,.000,.000,.000,9999
W ,Brandon Butterworth SS | SD,0,0,0,0,0,0,0,0,0,0,0,0,.000,.000,.000,9999
W ,Arturo Disla 1B | TEX,0,0,0,0,0,0,0,0,0,0,0,0,.000,.000,.000,9999
W ,Trent Gilbert 2B | ATH,0,0,0,0,0,0,0,0,0,0,0,0,.000,.000,.000,9999
W ,Calvin Conley SS | ATL,0,0,0,0,0,0,0,0,0,0,0,0,.000,.000,.000,9999
W ,Vito Friscia C | PHI,0,0,0,0,0,0,0,0,0,0,0,0,.000,.000,.000,9999
W ,Leodany Perez CF | ARI,0,0,0,0,0,0,0,0,0,0,0,0,.000,.000,.000,9999
W ,Ricardo Valenzuela C | SD,0,0,0,0,0,0,0,0,0,0,0,0,.000,.000,.000,9999
W ,Daniel Susac C | ATH,0,0,0,0,0,0,0,0,0,0,0,0,.000,.000,.000,9999
W ,Cristian Toribio SS | TB,0,0,0,0,0,0,0,0,0,0,0,0,.000,.000,.000,9999
W ,Michael Snyder 3B | MIA,0,0,0,0,0,0,0,0,0,0,0,0,.000,.000,.000,9999
W ,Jaylen Palmer CF | CHC,0,0,0,0,0,0,0,0,0,0,0,0,.000,.000,.000,9999
W ,Nash Knight 3B | TEX,0,0,0,0,0,0,0,0,0,0,0,0,.000,.000,.000,9999
W ,Jack Costello 3B | SD,0,0,0,0,0,0,0,0,0,0,0,0,.000,.000,.000,9999
W ,Nick Banks RF | WAS,0,0,0,0,0,0,0,0,0,0,0,0,.000,.000,.000,9999
W ,Josh Moylan 1B | NYY,0,0,0,0,0,0,0,0,0,0,0,0,.000,.000,.000,9999
W ,Derek Jenkins CF | LAA,0,0,0,0,0,0,0,0,0,0,0,0,.000,.000,.000,9999
W ,Armando Araiza C | TB,0,0,0,0,0,0,0,0,0,0,0,0,.000,.000,.000,9999
W ,German Ramirez SS | HOU,0,0,0,0,0,0,0,0,0,0,0,0,.000,.000,.000,9999
W ,Kervin Suarez 2B | BOS,0,0,0,0,0,0,0,0,0,0,0,0,.000,.000,.000,9999
W ,Jake Skole CF | NYY,0,0,0,0,0,0,0,0,0,0,0,0,.000,.000,.000,9999
W ,Dariel Gomez 1B | NYM,0,0,0,0,0,0,0,0,0,0,0,0,.000,.000,.000,9999
W ,Lonnie White CF | PIT,0,0,0,0,0,0,0,0,0,0,0,0,.000,.000,.000,9999
W ,Justin Seager 1B | SEA,0,0,0,0,0,0,0,0,0,0,0,0,.000,.000,.000,9999
W ,Alberto Rodriguez RF | SEA,0,0,0,0,0,0,0,0,0,0,0,0,.000,.000,.000,9999
W ,Chris Hudgins C | KC,0,0,0,0,0,0,0,0,0,0,0,0,.000,.000,.000,9999
W ,Tyler Ogle C | LAD,0,0,0,0,0,0,0,0,0,0,0,0,.000,.000,.000,9999
W ,Mylz Jones SS | COL,0,0,0,0,0,0,0,0,0,0,0,0,.000,.000,.000,9999
W ,Jon Matthews LF | CIN,0,0,0,0,0,0,0,0,0,0,0,0,.000,.000,.000,9999
W ,Angelo Castellano 3B | CHW,0,0,0,0,0,0,0,0,0,0,0,0,.000,.000,.000,9999
W ,Avain Rachal 1B | CIN,0,0,0,0,0,0,0,0,0,0,0,0,.000,.000,.000,9999
W ,Terence Doston CF | MIL,0,0,0,0,0,0,0,0,0,0,0,0,.000,.000,.000,9999
W ,Connor Harrell CF | DET,0,0,0,0,0,0,0,0,0,0,0,0,.000,.000,.000,9999
W ,Charles Mack 3B | MIN,0,0,0,0,0,0,0,0,0,0,0,0,.000,.000,.000,9999
W ,Anibal Sierra SS | HOU,0,0,0,0,0,0,0,0,0,0,0,0,.000,.000,.000,9999
W ,C.J. Rodriguez C | ATH,0,0,0,0,0,0,0,0,0,0,0,0,.000,.000,.000,9999
W ,Will Albertson C | SF,0,0,0,0,0,0,0,0,0,0,0,0,.000,.000,.000,9999
W ,Eric Jenkins CF | TEX,0,0,0,0,0,0,0,0,0,0,0,0,.000,.000,.000,9999
W ,Juan Benjamin 2B | CLE,0,0,0,0,0,0,0,0,0,0,0,0,.000,.000,.000,9999
W ,Anthony Rizzo 1B | NYY,0,0,0,0,0,0,0,0,0,0,0,0,.000,.000,.000,9999
W ,Cam Devanney SS | KC,0,0,0,0,0,0,0,0,0,0,0,0,.000,.000,.000,9999
W ,Robert Puason 2B | ATH,0,0,0,0,0,0,0,0,0,0,0,0,.000,.000,.000,9999
W ,Davis Wendzel 3B | CIN,0,0,0,0,0,0,0,0,0,0,0,0,.000,.000,.000,9999
W ,Charlie Madden C | BOS,0,0,0,0,0,0,0,0,0,0,0,0,.000,.000,.000,9999
W ,Argenis Jimenez LF | MIN,0,0,0,0,0,0,0,0,0,0,0,0,.000,.000,.000,9999
W ,Alex Isola C | MIN,0,0,0,0,0,0,0,0,0,0,0,0,.000,.000,.000,9999
W ,Carter Jensen C | KC,0,0,0,0,0,0,0,0,0,0,0,0,.000,.000,.000,9999
W ,Alexis Hernandez RF | TOR,0,0,0,0,0,0,0,0,0,0,0,0,.000,.000,.000,9999
W ,Josh Caron C | SEA,0,0,0,0,0,0,0,0,0,0,0,0,.000,.000,.000,9999
W ,Mariel Bautista LF | CIN,0,0,0,0,0,0,0,0,0,0,0,0,.000,.000,.000,9999
W ,Rolando Espinosa 2B | HOU,0,0,0,0,0,0,0,0,0,0,0,0,.000,.000,.000,9999
W ,Roderick Arias SS | NYY,0,0,0,0,0,0,0,0,0,0,0,0,.000,.000,.000,9999
W ,Justin Yurchak 1B | LAD,0,0,0,0,0,0,0,0,0,0,0,0,.000,.000,.000,9999
W ,Emmanuel Marrero SS | PHI,0,0,0,0,0,0,0,0,0,0,0,0,.000,.000,.000,9999
W ,Zane Evans C | KC,0,0,0,0,0,0,0,0,0,0,0,0,.000,.000,.000,9999
W ,Tyler Rodriguez 3B | MIL,0,0,0,0,0,0,0,0,0,0,0,0,.000,.000,.000,9999
W ,David Martin C | ARI,0,0,0,0,0,0,0,0,0,0,0,0,.000,.000,.000,9999
W ,Corey Toups 2B | KC,0,0,0,0,0,0,0,0,0,0,0,0,.000,.000,.000,9999
W ,William Lugo SS | NYM,0,0,0,0,0,0,0,0,0,0,0,0,.000,.000,.000,9999
W ,Robert Gonzalez RF | TEX,0,0,0,0,0,0,0,0,0,0,0,0,.000,.000,.000,9999
W ,Cam Maron C | MIA,0,0,0,0,0,0,0,0,0,0,0,0,.000,.000,.000,9999
W ,Luis De Los Santos 3B | NYM ,0,0,0,0,0,0,0,0,0,0,0,0,.000,.000,.000,9999
W ,Breland Almadova CF | ARI,0,0,0,0,0,0,0,0,0,0,0,0,.000,.000,.000,9999
W ,Daniel Pinero SS | DET,0,0,0,0,0,0,0,0,0,0,0,0,.000,.000,.000,9999
W ,Tyler Frost RF | CHW,0,0,0,0,0,0,0,0,0,0,0,0,.000,.000,.000,9999
W ,Yorvis Torrealba LF | COL,0,0,0,0,0,0,0,0,0,0,0,0,.000,.000,.000,9999
W ,Mott Hyde SS | HOU,0,0,0,0,0,0,0,0,0,0,0,0,.000,.000,.000,9999
W ,Rickardo Perez 1B | PHI,0,0,0,0,0,0,0,0,0,0,0,0,.000,.000,.000,9999
W ,Eduardo Lopez CF | PHI,0,0,0,0,0,0,0,0,0,0,0,0,.000,.000,.000,9999
W ,Logan Tanner C | CIN,0,0,0,0,0,0,0,0,0,0,0,0,.000,.000,.000,9999
W ,RJ Schreck LF | TOR,0,0,0,0,0,0,0,0,0,0,0,0,.000,.000,.000,9999
W ,Rafael Ramirez SS | WAS ,0,0,0,0,0,0,0,0,0,0,0,0,.000,.000,.000,9999
W ,Cesar Gonzalez C | ATH,0,0,0,0,0,0,0,0,0,0,0,0,.000,.000,.000,9999
W ,Trent Deveaux CF | LAA,0,0,0,0,0,0,0,0,0,0,0,0,.000,.000,.000,9999
W ,Austin Murr LF | DET,0,0,0,0,0,0,0,0,0,0,0,0,.000,.000,.000,9999
W ,Jesus Baez SS | NYM ,0,0,0,0,0,0,0,0,0,0,0,0,.000,.000,.000,9999
W ,Eduardo Diaz LF | ARI,0,0,0,0,0,0,0,0,0,0,0,0,.000,.000,.000,9999
W ,Julian Escobedo CF | CLE,0,0,0,0,0,0,0,0,0,0,0,0,.000,.000,.000,9999
W ,Hunter Haas 2B | TB,0,0,0,0,0,0,0,0,0,0,0,0,.000,.000,.000,9999
W ,Michael De Leon SS | CIN,0,0,0,0,0,0,0,0,0,0,0,0,.000,.000,.000,9999
W ,Yunior Severino 1B | MIN,0,0,0,0,0,0,0,0,0,0,0,0,.000,.000,.000,9999
W ,Dominic Pitelli SS | CIN,0,0,0,0,0,0,0,0,0,0,0,0,.000,.000,.000,9999
W ,Austin Davidson 1B | WAS,0,0,0,0,0,0,0,0,0,0,0,0,.000,.000,.000,9999
W ,Lizandro Rodriguez 2B | KC,0,0,0,0,0,0,0,0,0,0,0,0,.000,.000,.000,9999
W ,Jose Escorche SS | ATH,0,0,0,0,0,0,0,0,0,0,0,0,.000,.000,.000,9999
W ,Anthony Bemboom C | DET,0,0,0,0,0,0,0,0,0,0,0,0,.000,.000,.000,9999
W ,Morgan McCullough SS | SEA,0,0,0,0,0,0,0,0,0,0,0,0,.000,.000,.000,9999
W ,Jagger Rusconi CF | BOS,0,0,0,0,0,0,0,0,0,0,0,0,.000,.000,.000,9999
W ,Yairo Munoz 2B | ARI,0,0,0,0,0,0,0,0,0,0,0,0,.000,.000,.000,9999
W ,Zeke White LF | CIN,0,0,0,0,0,0,0,0,0,0,0,0,.000,.000,.000,9999
W ,Steven Leyton SS | CIN,0,0,0,0,0,0,0,0,0,0,0,0,.000,.000,.000,9999
W ,Juan Flores C | LAA,0,0,0,0,0,0,0,0,0,0,0,0,.000,.000,.000,9999
W ,Brian Rey 2B | CIN,0,0,0,0,0,0,0,0,0,0,0,0,.000,.000,.000,9999
W ,Antonio Cabello LF | TEX,0,0,0,0,0,0,0,0,0,0,0,0,.000,.000,.000,9999
W ,Cam Collier 3B | CIN,0,0,0,0,0,0,0,0,0,0,0,0,.000,.000,.000,9999
W ,Danny Diaz 3B | BOS,0,0,0,0,0,0,0,0,0,0,0,0,.000,.000,.000,9999
W ,Max Wagner 3B | BAL,0,0,0,0,0,0,0,0,0,0,0,0,.000,.000,.000,9999
W ,Kona Quiggle LF | DET,0,0,0,0,0,0,0,0,0,0,0,0,.000,.000,.000,9999
W ,Cam Gallagher C | PHI,0,0,0,0,0,0,0,0,0,0,0,0,.000,.000,.000,9999
W ,Tyler Selesky 3B | SD,0,0,0,0,0,0,0,0,0,0,0,0,.000,.000,.000,9999
W ,Cesar Berbesi SS | NYM,0,0,0,0,0,0,0,0,0,0,0,0,.000,.000,.000,9999
W ,Straton Podaras C | LAA,0,0,0,0,0,0,0,0,0,0,0,0,.000,.000,.000,9999
W ,Josh Altmann LF | TEX,0,0,0,0,0,0,0,0,0,0,0,0,.000,.000,.000,9999
W ,Christian Marrero 1B | CHW,0,0,0,0,0,0,0,0,0,0,0,0,.000,.000,.000,9999
W ,Connor Kokx CF | CLE,0,0,0,0,0,0,0,0,0,0,0,0,.000,.000,.000,9999
W ,Gilbert Lara SS | BAL,0,0,0,0,0,0,0,0,0,0,0,0,.000,.000,.000,9999
W ,Zach Remillard 2B | CHW,0,0,0,0,0,0,0,0,0,0,0,0,.000,.000,.000,9999
W ,Willie Calhoun DH | LAA,0,0,0,0,0,0,0,0,0,0,0,0,.000,.000,.000,9999
W ,Cesar Idrogo 1B | CLE,0,0,0,0,0,0,0,0,0,0,0,0,.000,.000,.000,9999
W ,Kellon Lindsey SS | LAD,0,0,0,0,0,0,0,0,0,0,0,0,.000,.000,.000,9999
W ,Clark Elliott LF | ATH,0,0,0,0,0,0,0,0,0,0,0,0,.000,.000,.000,9999
W ,Tre Carter LF | SD,0,0,0,0,0,0,0,0,0,0,0,0,.000,.000,.000,9999
W ,Corey Rosier LF | BOS,0,0,0,0,0,0,0,0,0,0,0,0,.000,.000,.000,9999
W ,Hoy Jun Park 2B | ATH,0,0,0,0,0,0,0,0,0,0,0,0,.000,.000,.000,9999
W ,Kyle Dernedde 2B | CLE,0,0,0,0,0,0,0,0,0,0,0,0,.000,.000,.000,9999
W ,Carlos Rivero 2B | CIN,0,0,0,0,0,0,0,0,0,0,0,0,.000,.000,.000,9999
W ,Yeiner Fernandez 2B | LAD,0,0,0,0,0,0,0,0,0,0,0,0,.000,.000,.000,9999
W ,Ramon Ramirez C | KC,0,0,0,0,0,0,0,0,0,0,0,0,.000,.000,.000,9999
W ,Rayder Ascanio SS | SEA,0,0,0,0,0,0,0,0,0,0,0,0,.000,.000,.000,9999
W ,Akil Baddoo LF | DET,0,0,0,0,0,0,0,0,0,0,0,0,.000,.000,.000,9999
W ,Justin Connell LF | WAS,0,0,0,0,0,0,0,0,0,0,0,0,.000,.000,.000,9999
W ,Tai Peete SS | SEA,0,0,0,0,0,0,0,0,0,0,0,0,.000,.000,.000,9999
W ,Donta' Williams CF | WAS,0,0,0,0,0,0,0,0,0,0,0,0,.000,.000,.000,9999
W ,Tyler Alamo 1B | CHC,0,0,0,0,0,0,0,0,0,0,0,0,.000,.000,.000,9999
W ,Bradley Malm 3B | NYM,0,0,0,0,0,0,0,0,0,0,0,0,.000,.000,.000,9999
W ,Carter Williams RF | SF,0,0,0,0,0,0,0,0,0,0,0,0,.000,.000,.000,9999
W ,DJ Peters CF | DET,0,0,0,0,0,0,0,0,0,0,0,0,.000,.000,.000,9999
W ,Scott Burcham SS | COL,0,0,0,0,0,0,0,0,0,0,0,0,.000,.000,.000,9999
W ,Luis Flores C | HOU,0,0,0,0,0,0,0,0,0,0,0,0,.000,.000,.000,9999
W ,Tyson Lewis SS | CIN,0,0,0,0,0,0,0,0,0,0,0,0,.000,.000,.000,9999
W ,Freddy Guilamo C | HOU,0,0,0,0,0,0,0,0,0,0,0,0,.000,.000,.000,9999
W ,Josh VanMeter 2B | NYY,0,0,0,0,0,0,0,0,0,0,0,0,.000,.000,.000,9999
W ,Dylan Shockley C | ATL,0,0,0,0,0,0,0,0,0,0,0,0,.000,.000,.000,9999
W ,Andrew Guillotte LF | TOR,0,0,0,0,0,0,0,0,0,0,0,0,.000,.000,.000,9999
W ,Justin Greene CF | ARI,0,0,0,0,0,0,0,0,0,0,0,0,.000,.000,.000,9999
W ,Natanael Delgado LF | BAL,0,0,0,0,0,0,0,0,0,0,0,0,.000,.000,.000,9999
W ,Justin Boyd CF | CLE,0,0,0,0,0,0,0,0,0,0,0,0,.000,.000,.000,9999
W ,Adolfo Sanchez CF | CIN,0,0,0,0,0,0,0,0,0,0,0,0,.000,.000,.000,9999
W ,Maikis De La Cruz LF | NYM,0,0,0,0,0,0,0,0,0,0,0,0,.000,.000,.000,9999
W ,Adriam Santana SS | TB,0,0,0,0,0,0,0,0,0,0,0,0,.000,.000,.000,9999
W ,Gio Brusa LF | SF,0,0,0,0,0,0,0,0,0,0,0,0,.000,.000,.000,9999
W ,Wyatt Young SS | NYM,0,0,0,0,0,0,0,0,0,0,0,0,.000,.000,.000,9999
W ,Luis Marquez 2B | TEX,0,0,0,0,0,0,0,0,0,0,0,0,.000,.000,.000,9999
W ,Hudson Haskin LF | BAL,0,0,0,0,0,0,0,0,0,0,0,0,.000,.000,.000,9999
W ,Logan Ice C | CLE,0,0,0,0,0,0,0,0,0,0,0,0,.000,.000,.000,9999
W ,Eduardo Valencia DH | DET,0,0,0,0,0,0,0,0,0,0,0,0,.000,.000,.000,9999
W ,Eric Bitonti 3B | MIL,0,0,0,0,0,0,0,0,0,0,0,0,.000,.000,.000,9999
W ,Wyatt Crenshaw LF | ARI,0,0,0,0,0,0,0,0,0,0,0,0,.000,.000,.000,9999
W ,Christopher Torres SS | SEA,0,0,0,0,0,0,0,0,0,0,0,0,.000,.000,.000,9999
W ,Jose Perdomo SS | ATL,0,0,0,0,0,0,0,0,0,0,0,0,.000,.000,.000,9999
W ,Hamlet Marte C | LAD,0,0,0,0,0,0,0,0,0,0,0,0,.000,.000,.000,9999
W ,Roberto Caro LF | CHC,0,0,0,0,0,0,0,0,0,0,0,0,.000,.000,.000,9999
W ,Anthony Rodriguez 3B | SF,0,0,0,0,0,0,0,0,0,0,0,0,.000,.000,.000,9999
W ,Arby Fields CF | SEA,0,0,0,0,0,0,0,0,0,0,0,0,.000,.000,.000,9999
W ,Jake Sanford RF | NYY,0,0,0,0,0,0,0,0,0,0,0,0,.000,.000,.000,9999
W ,Laz Rivera SS | CHW,0,0,0,0,0,0,0,0,0,0,0,0,.000,.000,.000,9999
W ,Caden Rose LF | BOS,0,0,0,0,0,0,0,0,0,0,0,0,.000,.000,.000,9999
W ,Logan Driscoll C | TB ,0,0,0,0,0,0,0,0,0,0,0,0,.000,.000,.000,9999
W ,Dominic Miroglio C | ARI,0,0,0,0,0,0,0,0,0,0,0,0,.000,.000,.000,9999
W ,Shay Whitcomb 3B | HOU ,0,0,0,0,0,0,0,0,0,0,0,0,.000,.000,.000,9999
W ,Cole Roederer LF | CHC,0,0,0,0,0,0,0,0,0,0,0,0,.000,.000,.000,9999
W ,Narciso Polanco SS | TB,0,0,0,0,0,0,0,0,0,0,0,0,.000,.000,.000,9999
W ,John Valente 3B | DET,0,0,0,0,0,0,0,0,0,0,0,0,.000,.000,.000,9999
W ,Osiris Johnson CF | MIA,0,0,0,0,0,0,0,0,0,0,0,0,.000,.000,.000,9999
W ,Ramon Hernandez 1B | ARI,0,0,0,0,0,0,0,0,0,0,0,0,.000,.000,.000,9999
W ,Rangel Ravelo DH | SEA,0,0,0,0,0,0,0,0,0,0,0,0,.000,.000,.000,9999
W ,Cade Doughty 2B | TOR,0,0,0,0,0,0,0,0,0,0,0,0,.000,.000,.000,9999
W ,Spencer Jones CF | NYY,0,0,0,0,0,0,0,0,0,0,0,0,.000,.000,.000,9999
W ,Daniel Bravo 2B | SD,0,0,0,0,0,0,0,0,0,0,0,0,.000,.000,.000,9999
W ,Jared Dickey RF | ATH,0,0,0,0,0,0,0,0,0,0,0,0,.000,.000,.000,9999
W ,Yoyner Fajardo LF | MIN,0,0,0,0,0,0,0,0,0,0,0,0,.000,.000,.000,9999
W ,Dylan Rosa RF | DET,0,0,0,0,0,0,0,0,0,0,0,0,.000,.000,.000,9999
W ,Freili Encarnacion 3B | BOS,0,0,0,0,0,0,0,0,0,0,0,0,.000,.000,.000,9999
W ,Rene Garcia C | MIL,0,0,0,0,0,0,0,0,0,0,0,0,.000,.000,.000,9999
W ,Matt Kroon 3B | PHI,0,0,0,0,0,0,0,0,0,0,0,0,.000,.000,.000,9999
W ,Simon Juan CF | NYM,0,0,0,0,0,0,0,0,0,0,0,0,.000,.000,.000,9999
W ,Jeff Arnold C | SF,0,0,0,0,0,0,0,0,0,0,0,0,.000,.000,.000,9999
W ,Jose Vinicio SS | ARI,0,0,0,0,0,0,0,0,0,0,0,0,.000,.000,.000,9999
W ,Willy Vasquez 3B | TB,0,0,0,0,0,0,0,0,0,0,0,0,.000,.000,.000,9999
W ,Javier Valdes C | ATL,0,0,0,0,0,0,0,0,0,0,0,0,.000,.000,.000,9999
W ,Bradley Jones 3B | TOR,0,0,0,0,0,0,0,0,0,0,0,0,.000,.000,.000,9999
W ,Carson Jones LF | SEA,0,0,0,0,0,0,0,0,0,0,0,0,.000,.000,.000,9999
W ,Nick Meyer C | TB,0,0,0,0,0,0,0,0,0,0,0,0,.000,.000,.000,9999
W ,Terry Fuller CF | STL,0,0,0,0,0,0,0,0,0,0,0,0,.000,.000,.000,9999
W ,Eliezer Alfonzo C | DET,0,0,0,0,0,0,0,0,0,0,0,0,.000,.000,.000,9999
W ,Tito Polo RF | SEA,0,0,0,0,0,0,0,0,0,0,0,0,.000,.000,.000,9999
W ,Griff O'Ferrall SS | BAL,0,0,0,0,0,0,0,0,0,0,0,0,.000,.000,.000,9999
W ,Brett Bateman CF | CHC,0,0,0,0,0,0,0,0,0,0,0,0,.000,.000,.000,9999
W ,Beamer Weems SS | CIN,0,0,0,0,0,0,0,0,0,0,0,0,.000,.000,.000,9999
W ,David Thompson 3B | NYM,0,0,0,0,0,0,0,0,0,0,0,0,.000,.000,.000,9999
W ,Danny De Andrade SS | MIN,0,0,0,0,0,0,0,0,0,0,0,0,.000,.000,.000,9999
W ,Dom Nunez C | CLE,0,0,0,0,0,0,0,0,0,0,0,0,.000,.000,.000,9999
W ,C.J. Pittaro LF | ATH,0,0,0,0,0,0,0,0,0,0,0,0,.000,.000,.000,9999
W ,Manuel Sequera 2B | DET,0,0,0,0,0,0,0,0,0,0,0,0,.000,.000,.000,9999
W ,Kyle Schmidt C | MIN,0,0,0,0,0,0,0,0,0,0,0,0,.000,.000,.000,9999
W ,Sean Jamieson SS | ARI,0,0,0,0,0,0,0,0,0,0,0,0,.000,.000,.000,9999
W ,Phillip Evans LF | ATL,0,0,0,0,0,0,0,0,0,0,0,0,.000,.000,.000,9999
W ,Jose Rodriguez 2B | PHI ,0,0,0,0,0,0,0,0,0,0,0,0,.000,.000,.000,9999
W ,Milkar Perez 1B | SEA,0,0,0,0,0,0,0,0,0,0,0,0,.000,.000,.000,9999
W ,Randy Reyes LF | COL,0,0,0,0,0,0,0,0,0,0,0,0,.000,.000,.000,9999
W ,Ryan Nicholson 1B | LAA,0,0,0,0,0,0,0,0,0,0,0,0,.000,.000,.000,9999
W ,Auston Bousfield CF | SD,0,0,0,0,0,0,0,0,0,0,0,0,.000,.000,.000,9999
W ,Logan Davidson LF | ATH,0,0,0,0,0,0,0,0,0,0,0,0,.000,.000,.000,9999
W ,Arnaldo Berrios LF | NYM,0,0,0,0,0,0,0,0,0,0,0,0,.000,.000,.000,9999
W ,Luis Avalo C | MIL,0,0,0,0,0,0,0,0,0,0,0,0,.000,.000,.000,9999
W ,Bryce Windham 2B | CHC,0,0,0,0,0,0,0,0,0,0,0,0,.000,.000,.000,9999
W ,Fidel Montero CF | NYY,0,0,0,0,0,0,0,0,0,0,0,0,.000,.000,.000,9999
W ,Austin St. Laurent 3B | SEA,0,0,0,0,0,0,0,0,0,0,0,0,.000,.000,.000,9999
W ,Cutter Coffey 3B | TOR,0,0,0,0,0,0,0,0,0,0,0,0,.000,.000,.000,9999
W ,Blake Sabol C | BOS ,0,0,0,0,0,0,0,0,0,0,0,0,.000,.000,.000,9999
W ,Cristian Gonzalez SS | HOU,0,0,0,0,0,0,0,0,0,0,0,0,.000,.000,.000,9999
W ,Riley Tirotta 1B | TOR,0,0,0,0,0,0,0,0,0,0,0,0,.000,.000,.000,9999
W ,Greg Jones RF | COL,0,0,0,0,0,0,0,0,0,0,0,0,.000,.000,.000,9999
W ,Preston Palmeiro 1B | LAA,0,0,0,0,0,0,0,0,0,0,0,0,.000,.000,.000,9999
W ,Walker Martin SS | SF,0,0,0,0,0,0,0,0,0,0,0,0,.000,.000,.000,9999
W ,Bryan Torres CF | STL,0,0,0,0,0,0,0,0,0,0,0,0,.000,.000,.000,9999
W ,Jeisson Rosario CF | ATH,0,0,0,0,0,0,0,0,0,0,0,0,.000,.000,.000,9999
W ,Yohendrick Pinango LF | TOR,0,0,0,0,0,0,0,0,0,0,0,0,.000,.000,.000,9999
W ,Eloy Jimenez DH | TB ,0,0,0,0,0,0,0,0,0,0,0,0,.000,.000,.000,9999
W ,Nikau Pouaka-Grego 3B | PHI,0,0,0,0,0,0,0,0,0,0,0,0,.000,.000,.000,9999
W ,Stuart Levy C | BAL,0,0,0,0,0,0,0,0,0,0,0,0,.000,.000,.000,9999
W ,Cassidy Brown C | CIN,0,0,0,0,0,0,0,0,0,0,0,0,.000,.000,.000,9999
W ,Brandon Valenzuela C | SD,0,0,0,0,0,0,0,0,0,0,0,0,.000,.000,.000,9999
W ,Juan Ciriaco SS | COL,0,0,0,0,0,0,0,0,0,0,0,0,.000,.000,.000,9999
W ,Travis Harrison LF | MIN,0,0,0,0,0,0,0,0,0,0,0,0,.000,.000,.000,9999
W ,Axel Sanchez SS | SEA,0,0,0,0,0,0,0,0,0,0,0,0,.000,.000,.000,9999
W ,Ryan Ritter SS | COL,0,0,0,0,0,0,0,0,0,0,0,0,.000,.000,.000,9999
W ,Aaron Bracho 2B | LAD,0,0,0,0,0,0,0,0,0,0,0,0,.000,.000,.000,9999
W ,Henri Lartigue C | CHW,0,0,0,0,0,0,0,0,0,0,0,0,.000,.000,.000,9999
W ,Joshua Rivera SS | TOR,0,0,0,0,0,0,0,0,0,0,0,0,.000,.000,.000,9999
W ,Billy Amick 3B | MIN,0,0,0,0,0,0,0,0,0,0,0,0,.000,.000,.000,9999
W ,Juan Silva RF | NYY,0,0,0,0,0,0,0,0,0,0,0,0,.000,.000,.000,9999
W ,BJ Murray 3B | CHC,0,0,0,0,0,0,0,0,0,0,0,0,.000,.000,.000,9999
W ,Esteban Quiroz 2B | PHI,0,0,0,0,0,0,0,0,0,0,0,0,.000,.000,.000,9999
W ,Drew Mendoza 3B | WAS,0,0,0,0,0,0,0,0,0,0,0,0,.000,.000,.000,9999
W ,E.J. Exposito SS | ATL,0,0,0,0,0,0,0,0,0,0,0,0,.000,.000,.000,9999
W ,Tristen Lutz LF | MIL,0,0,0,0,0,0,0,0,0,0,0,0,.000,.000,.000,9999
W ,Jecksson Flores SS | WAS,0,0,0,0,0,0,0,0,0,0,0,0,.000,.000,.000,9999
W ,Hayden Cantrelle 2B | CHC,0,0,0,0,0,0,0,0,0,0,0,0,.000,.000,.000,9999
W ,Tony Blanco 1B | PIT,0,0,0,0,0,0,0,0,0,0,0,0,.000,.000,.000,9999
W ,Diosbel Arias 2B | TEX,0,0,0,0,0,0,0,0,0,0,0,0,.000,.000,.000,9999
W ,Austin Gauthier LF | LAD,0,0,0,0,0,0,0,0,0,0,0,0,.000,.000,.000,9999
W ,Satchel McElroy CF | CIN,0,0,0,0,0,0,0,0,0,0,0,0,.000,.000,.000,9999
W ,Jamie Westbrook 2B | TB,0,0,0,0,0,0,0,0,0,0,0,0,.000,.000,.000,9999
W ,Patrick Brady 2B | SEA,0,0,0,0,0,0,0,0,0,0,0,0,.000,.000,.000,9999
W ,Gabe Snyder 1B | MIN,0,0,0,0,0,0,0,0,0,0,0,0,.000,.000,.000,9999
W ,Joe Vetrano 1B | LAD,0,0,0,0,0,0,0,0,0,0,0,0,.000,.000,.000,9999
W ,Tanner Nishioka 2B | BOS,0,0,0,0,0,0,0,0,0,0,0,0,.000,.000,.000,9999
W ,Joe Perez 3B | PIT,0,0,0,0,0,0,0,0,0,0,0,0,.000,.000,.000,9999
W ,Ty Southisene SS | CHC,0,0,0,0,0,0,0,0,0,0,0,0,.000,.000,.000,9999
W ,Jean Walters 2B | ARI,0,0,0,0,0,0,0,0,0,0,0,0,.000,.000,.000,9999
W ,Dane Hutcheon SS | CLE,0,0,0,0,0,0,0,0,0,0,0,0,.000,.000,.000,9999
W ,Jonny Farmelo CF | SEA ,0,0,0,0,0,0,0,0,0,0,0,0,.000,.000,.000,9999
W ,Dylan Burdeaux 1B | DET,0,0,0,0,0,0,0,0,0,0,0,0,.000,.000,.000,9999
W ,Boston Baro 3B | NYM,0,0,0,0,0,0,0,0,0,0,0,0,.000,.000,.000,9999
W ,Kacy Clemens 1B | TOR,0,0,0,0,0,0,0,0,0,0,0,0,.000,.000,.000,9999
W ,Cameron Barstad C | MIA,0,0,0,0,0,0,0,0,0,0,0,0,.000,.000,.000,9999
W ,Kyle Marinconz SS | WAS,0,0,0,0,0,0,0,0,0,0,0,0,.000,.000,.000,9999
W ,Elvis Rubio RF | DET,0,0,0,0,0,0,0,0,0,0,0,0,.000,.000,.000,9999
W ,Willy Fanas CF | NYM,0,0,0,0,0,0,0,0,0,0,0,0,.000,.000,.000,9999
W ,Brendon Davis RF | LAD,0,0,0,0,0,0,0,0,0,0,0,0,.000,.000,.000,9999
W ,Kevin Kendall SS | NYM,0,0,0,0,0,0,0,0,0,0,0,0,.000,.000,.000,9999
W ,Nicholas Shumpert SS | WAS,0,0,0,0,0,0,0,0,0,0,0,0,.000,.000,.000,9999
W ,William Bergolla 2B | CHW,0,0,0,0,0,0,0,0,0,0,0,0,.000,.000,.000,9999
W ,Cole Fontenelle 3B | LAA,0,0,0,0,0,0,0,0,0,0,0,0,.000,.000,.000,9999
W ,Drew Stankiewicz 2B | CLE,0,0,0,0,0,0,0,0,0,0,0,0,.000,.000,.000,9999
W ,Ashton Creal CF | CIN,0,0,0,0,0,0,0,0,0,0,0,0,.000,.000,.000,9999
W ,Colby Fitch C | PHI,0,0,0,0,0,0,0,0,0,0,0,0,.000,.000,.000,9999
W ,Danny Gonzalez RF | MIA,0,0,0,0,0,0,0,0,0,0,0,0,.000,.000,.000,9999
W ,Leandro Emiliani 1B | WAS,0,0,0,0,0,0,0,0,0,0,0,0,.000,.000,.000,9999
W ,J.J. D'Orazio C | ARI,0,0,0,0,0,0,0,0,0,0,0,0,.000,.000,.000,9999
W ,Brian Navarreto C | MIA,0,0,0,0,0,0,0,0,0,0,0,0,.000,.000,.000,9999
W ,Alex Dunlap C | WAS,0,0,0,0,0,0,0,0,0,0,0,0,.000,.000,.000,9999
W ,Trei Cruz SS | DET ,0,0,0,0,0,0,0,0,0,0,0,0,.000,.000,.000,9999
W ,Jordy Lara 1B | ATL,0,0,0,0,0,0,0,0,0,0,0,0,.000,.000,.000,9999
W ,Samuel Infante 3B | WAS,0,0,0,0,0,0,0,0,0,0,0,0,.000,.000,.000,9999
W ,Yariel Gonzalez 3B | ATL,0,0,0,0,0,0,0,0,0,0,0,0,.000,.000,.000,9999
W ,Cade Hunter C | CIN,0,0,0,0,0,0,0,0,0,0,0,0,.000,.000,.000,9999
W ,Jose Pastrano SS | CLE,0,0,0,0,0,0,0,0,0,0,0,0,.000,.000,.000,9999
W ,Michael Turner C | CHW,0,0,0,0,0,0,0,0,0,0,0,0,.000,.000,.000,9999
W ,Dakota Jordan CF | SF,0,0,0,0,0,0,0,0,0,0,0,0,.000,.000,.000,9999
W ,Isaiah Drake CF | ATL ,0,0,0,0,0,0,0,0,0,0,0,0,.000,.000,.000,9999
W ,Joe Hudson C | HOU,0,0,0,0,0,0,0,0,0,0,0,0,.000,.000,.000,9999
W ,Jake Vogel CF | LAD,0,0,0,0,0,0,0,0,0,0,0,0,.000,.000,.000,9999
W ,Nate Easley 2B | SD,0,0,0,0,0,0,0,0,0,0,0,0,.000,.000,.000,9999
W ,Simon Whiteman SS | SF,0,0,0,0,0,0,0,0,0,0,0,0,.000,.000,.000,9999
W ,Eduardo Garcia 3B | MIL,0,0,0,0,0,0,0,0,0,0,0,0,.000,.000,.000,9999
W ,Victor Bericoto 1B | SF,0,0,0,0,0,0,0,0,0,0,0,0,.000,.000,.000,9999
W ,Trevor Werner 3B | KC,0,0,0,0,0,0,0,0,0,0,0,0,.000,.000,.000,9999
W ,Yanio Perez LF | TEX,0,0,0,0,0,0,0,0,0,0,0,0,.000,.000,.000,9999
W ,Nick Senzel 3B | CHW,0,0,0,0,0,0,0,0,0,0,0,0,.000,.000,.000,9999
W ,Jack Winkler SS | MIA,0,0,0,0,0,0,0,0,0,0,0,0,.000,.000,.000,9999
W ,Bobby Honeyman SS | SEA,0,0,0,0,0,0,0,0,0,0,0,0,.000,.000,.000,9999
W ,Herard Gonzalez 2B | KC,0,0,0,0,0,0,0,0,0,0,0,0,.000,.000,.000,9999
W ,J.J. Gould SS | MIA,0,0,0,0,0,0,0,0,0,0,0,0,.000,.000,.000,9999
W ,Thomas Sosa RF | BAL,0,0,0,0,0,0,0,0,0,0,0,0,.000,.000,.000,9999
W ,Boo Vazquez LF | MIA,0,0,0,0,0,0,0,0,0,0,0,0,.000,.000,.000,9999
W ,Onil Perez C | SF,0,0,0,0,0,0,0,0,0,0,0,0,.000,.000,.000,9999
W ,Danyer Sanabria LF | ARI,0,0,0,0,0,0,0,0,0,0,0,0,.000,.000,.000,9999
W ,Luke Persico LF | ATH,0,0,0,0,0,0,0,0,0,0,0,0,.000,.000,.000,9999
W ,Anderson Feliz 3B | BAL,0,0,0,0,0,0,0,0,0,0,0,0,.000,.000,.000,9999
W ,Parker Berberet C | MIL,0,0,0,0,0,0,0,0,0,0,0,0,.000,.000,.000,9999
W ,Erlin Cerda 3B | CLE,0,0,0,0,0,0,0,0,0,0,0,0,.000,.000,.000,9999
W ,Clayton Daniel 2B | LAD,0,0,0,0,0,0,0,0,0,0,0,0,.000,.000,.000,9999
W ,Ryan Stafford C | BAL,0,0,0,0,0,0,0,0,0,0,0,0,.000,.000,.000,9999
W ,Jonathan Engelmann RF | CLE,0,0,0,0,0,0,0,0,0,0,0,0,.000,.000,.000,9999
W ,Austin Overn CF | BAL,0,0,0,0,0,0,0,0,0,0,0,0,.000,.000,.000,9999
W ,Jordan Wren LF | BOS,0,0,0,0,0,0,0,0,0,0,0,0,.000,.000,.000,9999
W ,Cam Gibson CF | DET,0,0,0,0,0,0,0,0,0,0,0,0,.000,.000,.000,9999
W ,Ethan Hearn C | CHC,0,0,0,0,0,0,0,0,0,0,0,0,.000,.000,.000,9999
W ,Reginald Preciado 3B | CHC,0,0,0,0,0,0,0,0,0,0,0,0,.000,.000,.000,9999
W ,Kai Murphy LF | SD,0,0,0,0,0,0,0,0,0,0,0,0,.000,.000,.000,9999
W ,Theo Hardy SS | TEX,0,0,0,0,0,0,0,0,0,0,0,0,.000,.000,.000,9999
W ,Alexander Perez SS | MIL,0,0,0,0,0,0,0,0,0,0,0,0,.000,.000,.000,9999
W ,Johnny Ascanio SS | CIN,0,0,0,0,0,0,0,0,0,0,0,0,.000,.000,.000,9999
W ,Quinton Low 1B | MIL ,0,0,0,0,0,0,0,0,0,0,0,0,.000,.000,.000,9999
W ,Esmith Pineda LF | CIN,0,0,0,0,0,0,0,0,0,0,0,0,.000,.000,.000,9999
W ,Keon Barnum 1B | CHW,0,0,0,0,0,0,0,0,0,0,0,0,.000,.000,.000,9999
W ,Trae Arbet SS | PIT,0,0,0,0,0,0,0,0,0,0,0,0,.000,.000,.000,9999
W ,Blake Burke 1B | MIL,0,0,0,0,0,0,0,0,0,0,0,0,.000,.000,.000,9999
W ,Ian Petrutz LF | STL,0,0,0,0,0,0,0,0,0,0,0,0,.000,.000,.000,9999
W ,Zach Cole CF | HOU,0,0,0,0,0,0,0,0,0,0,0,0,.000,.000,.000,9999
W ,Eddys Leonard SS | DET,0,0,0,0,0,0,0,0,0,0,0,0,.000,.000,.000,9999
W ,Cameron Eden LF | NYY,0,0,0,0,0,0,0,0,0,0,0,0,.000,.000,.000,9999
W ,Mauricio Ramos 3B | KC,0,0,0,0,0,0,0,0,0,0,0,0,.000,.000,.000,9999
W ,Korey Holland LF | LAA,0,0,0,0,0,0,0,0,0,0,0,0,.000,.000,.000,9999
W ,Mitch Jebb 2B | PIT,0,0,0,0,0,0,0,0,0,0,0,0,.000,.000,.000,9999
W ,Sam Antonacci 2B | CHW,0,0,0,0,0,0,0,0,0,0,0,0,.000,.000,.000,9999
W ,Hunter Jones CF | WAS,0,0,0,0,0,0,0,0,0,0,0,0,.000,.000,.000,9999
W ,Nerwilian Cedeno 2B | SD,0,0,0,0,0,0,0,0,0,0,0,0,.000,.000,.000,9999
W ,Yohel Pozo DH | STL ,0,0,0,0,0,0,0,0,0,0,0,0,.000,.000,.000,9999
W ,Austin Athmann C | DET,0,0,0,0,0,0,0,0,0,0,0,0,.000,.000,.000,9999
W ,Michael Medina RF | LAD,0,0,0,0,0,0,0,0,0,0,0,0,.000,.000,.000,9999
W ,Tyler Robertson LF | SD,0,0,0,0,0,0,0,0,0,0,0,0,.000,.000,.000,9999
W ,Carlos Sanchez SS | CIN,0,0,0,0,0,0,0,0,0,0,0,0,.000,.000,.000,9999
W ,Dillon Head CF | MIA,0,0,0,0,0,0,0,0,0,0,0,0,.000,.000,.000,9999
W ,Peyton Wilson LF | KC,0,0,0,0,0,0,0,0,0,0,0,0,.000,.000,.000,9999
W ,Manny Sanchez LF | TB,0,0,0,0,0,0,0,0,0,0,0,0,.000,.000,.000,9999
W ,Toby Welk 3B | BAL,0,0,0,0,0,0,0,0,0,0,0,0,.000,.000,.000,9999
W ,Ronny Simon 2B | MIA,0,0,0,0,0,0,0,0,0,0,0,0,.000,.000,.000,9999
W ,Drew Ward 3B | WAS,0,0,0,0,0,0,0,0,0,0,0,0,.000,.000,.000,9999
W ,Willy Montero CF | NYY,0,0,0,0,0,0,0,0,0,0,0,0,.000,.000,.000,9999
W ,Cody Morissette 2B | MIA,0,0,0,0,0,0,0,0,0,0,0,0,.000,.000,.000,9999
W ,J.D. McLaughlin CF | DET,0,0,0,0,0,0,0,0,0,0,0,0,.000,.000,.000,9999
W ,Manny Rodriguez SS | NYM,0,0,0,0,0,0,0,0,0,0,0,0,.000,.000,.000,9999
W ,Braxton Davidson RF | ATL,0,0,0,0,0,0,0,0,0,0,0,0,.000,.000,.000,9999
W ,Jonathan Griffin SS | ARI,0,0,0,0,0,0,0,0,0,0,0,0,.000,.000,.000,9999
W ,Ben Johnson CF | COL,0,0,0,0,0,0,0,0,0,0,0,0,.000,.000,.000,9999
W ,Chris Baker SS | SD,0,0,0,0,0,0,0,0,0,0,0,0,.000,.000,.000,9999
W ,Zach Davis CF | CHC,0,0,0,0,0,0,0,0,0,0,0,0,.000,.000,.000,9999
W ,Cody Farhat CF | CLE,0,0,0,0,0,0,0,0,0,0,0,0,.000,.000,.000,9999
W ,Branden Boissiere 1B | WAS,0,0,0,0,0,0,0,0,0,0,0,0,.000,.000,.000,9999
W ,Jeff Glenn C | NYM,0,0,0,0,0,0,0,0,0,0,0,0,.000,.000,.000,9999
W ,Kole Calhoun 1B | CLE,0,0,0,0,0,0,0,0,0,0,0,0,.000,.000,.000,9999
W ,Tanner Murray SS | TB,0,0,0,0,0,0,0,0,0,0,0,0,.000,.000,.000,9999
W ,Marcos Castanon 3B | SD,0,0,0,0,0,0,0,0,0,0,0,0,.000,.000,.000,9999
W ,Casey McElroy SS | SD,0,0,0,0,0,0,0,0,0,0,0,0,.000,.000,.000,9999
W ,Kyle Survance CF | LAA,0,0,0,0,0,0,0,0,0,0,0,0,.000,.000,.000,9999
W ,Luke Gold 1B | DET,0,0,0,0,0,0,0,0,0,0,0,0,.000,.000,.000,9999
W ,Victor Manuel Acosta 2B | CIN,0,0,0,0,0,0,0,0,0,0,0,0,.000,.000,.000,9999
W ,Jake DePew C | BOS,0,0,0,0,0,0,0,0,0,0,0,0,.000,.000,.000,9999
W ,Yolbert Sanchez 2B | ATL,0,0,0,0,0,0,0,0,0,0,0,0,.000,.000,.000,9999
W ,Griffin Lockwood-Powell 1B | LAD,0,0,0,0,0,0,0,0,0,0,0,0,.000,.000,.000,9999
W ,Christian Cairo SS | ATL ,0,0,0,0,0,0,0,0,0,0,0,0,.000,.000,.000,9999
W ,Jonathan Schwind C | PIT,0,0,0,0,0,0,0,0,0,0,0,0,.000,.000,.000,9999
W ,Cody Regis LF | ARI,0,0,0,0,0,0,0,0,0,0,0,0,.000,.000,.000,9999
W ,Nick Quintana 3B | CIN,0,0,0,0,0,0,0,0,0,0,0,0,.000,.000,.000,9999
W ,Jeter Downs SS | NYY,0,0,0,0,0,0,0,0,0,0,0,0,.000,.000,.000,9999
W ,Eudy Ramos 3B | ARI,0,0,0,0,0,0,0,0,0,0,0,0,.000,.000,.000,9999
W ,Hao Yu Lee 2B | DET,0,0,0,0,0,0,0,0,0,0,0,0,.000,.000,.000,9999
W ,Rodolfo Castro 2B | PHI,0,0,0,0,0,0,0,0,0,0,0,0,.000,.000,.000,9999
W ,Tommy Hawke LF | CLE,0,0,0,0,0,0,0,0,0,0,0,0,.000,.000,.000,9999
W ,Braylon Payne CF | MIL,0,0,0,0,0,0,0,0,0,0,0,0,.000,.000,.000,9999
W ,Trevor Schwecke SS | PHI,0,0,0,0,0,0,0,0,0,0,0,0,.000,.000,.000,9999
W ,Luis Valenzuela SS | ATL,0,0,0,0,0,0,0,0,0,0,0,0,.000,.000,.000,9999
W ,Felix Morrobel SS | LAA,0,0,0,0,0,0,0,0,0,0,0,0,.000,.000,.000,9999
W ,Tucker Neuhaus SS | MIL,0,0,0,0,0,0,0,0,0,0,0,0,.000,.000,.000,9999
W ,Tyler Horan RF | SF,0,0,0,0,0,0,0,0,0,0,0,0,.000,.000,.000,9999
W ,Juan Corniel SS | ARI,0,0,0,0,0,0,0,0,0,0,0,0,.000,.000,.000,9999
W ,David Armendariz LF | CLE,0,0,0,0,0,0,0,0,0,0,0,0,.000,.000,.000,9999
W ,Kristian Trompiz 2B | HOU,0,0,0,0,0,0,0,0,0,0,0,0,.000,.000,.000,9999
W ,Anthony Scull CF | LAA,0,0,0,0,0,0,0,0,0,0,0,0,.000,.000,.000,9999
W ,Austin Bernard C | COL,0,0,0,0,0,0,0,0,0,0,0,0,.000,.000,.000,9999
W ,Maick Collado SS | CLE,0,0,0,0,0,0,0,0,0,0,0,0,.000,.000,.000,9999
W ,Jason Vosler 1B | SEA,0,0,0,0,0,0,0,0,0,0,0,0,.000,.000,.000,9999
W ,Wil Myers RF | CIN,0,0,0,0,0,0,0,0,0,0,0,0,.000,.000,.000,9999
W ,Caleb Cali 3B | SEA,0,0,0,0,0,0,0,0,0,0,0,0,.000,.000,.000,9999
W ,Jonathan Mejia 2B | STL,0,0,0,0,0,0,0,0,0,0,0,0,.000,.000,.000,9999
W ,Brendan Durfee C | SD,0,0,0,0,0,0,0,0,0,0,0,0,.000,.000,.000,9999
W ,Angel Lopez Alvarez C | CLE,0,0,0,0,0,0,0,0,0,0,0,0,.000,.000,.000,9999
W ,Alfonsin Rosario CF | CLE,0,0,0,0,0,0,0,0,0,0,0,0,.000,.000,.000,9999
W ,Jose Baez SS | CLE,0,0,0,0,0,0,0,0,0,0,0,0,.000,.000,.000,9999
W ,Evan Alexander LF | NYY,0,0,0,0,0,0,0,0,0,0,0,0,.000,.000,.000,9999
W ,Cole Foster SS | SF,0,0,0,0,0,0,0,0,0,0,0,0,.000,.000,.000,9999
W ,Billy Wilson LF | CLE,0,0,0,0,0,0,0,0,0,0,0,0,.000,.000,.000,9999
W ,Alexander Albertus 3B | CHW ,0,0,0,0,0,0,0,0,0,0,0,0,.000,.000,.000,9999
W ,Austin Wilson RF | SEA,0,0,0,0,0,0,0,0,0,0,0,0,.000,.000,.000,9999
W ,Yoelqui Cespedes CF | CHW,0,0,0,0,0,0,0,0,0,0,0,0,.000,.000,.000,9999
W ,Darlin Moquete RF | STL,0,0,0,0,0,0,0,0,0,0,0,0,.000,.000,.000,9999
W ,David Calabrese CF | LAA,0,0,0,0,0,0,0,0,0,0,0,0,.000,.000,.000,9999
W ,Erik Stock LF | SEA,0,0,0,0,0,0,0,0,0,0,0,0,.000,.000,.000,9999
W ,Jacob Scavuzzo RF | SD,0,0,0,0,0,0,0,0,0,0,0,0,.000,.000,.000,9999
W ,Mason Auer RF | TB,0,0,0,0,0,0,0,0,0,0,0,0,.000,.000,.000,9999
W ,Jose Rodriguez LF | MIN,0,0,0,0,0,0,0,0,0,0,0,0,.000,.000,.000,9999
W ,Justin Riemer 2B | BOS,0,0,0,0,0,0,0,0,0,0,0,0,.000,.000,.000,9999
W ,Yohandy Morales 1B | WAS,0,0,0,0,0,0,0,0,0,0,0,0,.000,.000,.000,9999
W ,Dru Baker CF | TB,0,0,0,0,0,0,0,0,0,0,0,0,.000,.000,.000,9999
W ,Will Frizzell 1B | WAS,0,0,0,0,0,0,0,0,0,0,0,0,.000,.000,.000,9999
W ,Manuel Garcia C | ARI,0,0,0,0,0,0,0,0,0,0,0,0,.000,.000,.000,9999
W ,David Masters SS | CHC,0,0,0,0,0,0,0,0,0,0,0,0,.000,.000,.000,9999
W ,Osmy Gregorio 2B | LAA,0,0,0,0,0,0,0,0,0,0,0,0,.000,.000,.000,9999
W ,Geraldi Diaz C | WAS,0,0,0,0,0,0,0,0,0,0,0,0,.000,.000,.000,9999
W ,Kervin Pichardo SS | PIT,0,0,0,0,0,0,0,0,0,0,0,0,.000,.000,.000,9999
W ,Irving Wilson C | STL,0,0,0,0,0,0,0,0,0,0,0,0,.000,.000,.000,9999
W ,Jesus Alastre CF | PHI,0,0,0,0,0,0,0,0,0,0,0,0,.000,.000,.000,9999
W ,Reidy Mercado LF | MIL,0,0,0,0,0,0,0,0,0,0,0,0,.000,.000,.000,9999
W ,Nelson Beltran SS | ATH,0,0,0,0,0,0,0,0,0,0,0,0,.000,.000,.000,9999
W ,Edwin Moreno LF | SD,0,0,0,0,0,0,0,0,0,0,0,0,.000,.000,.000,9999
W ,Erick Pena CF | KC,0,0,0,0,0,0,0,0,0,0,0,0,.000,.000,.000,9999
W ,D.K. Carey CF | WAS,0,0,0,0,0,0,0,0,0,0,0,0,.000,.000,.000,9999
W ,Ryan Walker SS | MIN,0,0,0,0,0,0,0,0,0,0,0,0,.000,.000,.000,9999
W ,Sahid Valenzuela SS | ATH,0,0,0,0,0,0,0,0,0,0,0,0,.000,.000,.000,9999
W ,Kolby Johnson RF | BOS,0,0,0,0,0,0,0,0,0,0,0,0,.000,.000,.000,9999
W ,David Garcia C | MIL,0,0,0,0,0,0,0,0,0,0,0,0,.000,.000,.000,9999
W ,Will Maddox 1B | SF,0,0,0,0,0,0,0,0,0,0,0,0,.000,.000,.000,9999
W ,James Triantos 2B | CHC,0,0,0,0,0,0,0,0,0,0,0,0,.000,.000,.000,9999
W ,Daniel Salters C | CLE,0,0,0,0,0,0,0,0,0,0,0,0,.000,.000,.000,9999
W ,Arturo De Freitas C | PHI,0,0,0,0,0,0,0,0,0,0,0,0,.000,.000,.000,9999
W ,Nelson Jorge 2B | PIT,0,0,0,0,0,0,0,0,0,0,0,0,.000,.000,.000,9999
W ,Hill Alexander RF | TB,0,0,0,0,0,0,0,0,0,0,0,0,.000,.000,.000,9999
W ,"Will Benson CF,LF,RF | CIN ",0,0,0,0,0,0,0,0,0,0,0,0,.000,.000,.000,9999
W ,Jake Romanski C | BOS,0,0,0,0,0,0,0,0,0,0,0,0,.000,.000,.000,9999
W ,Joantgel Segovia LF | MIL,0,0,0,0,0,0,0,0,0,0,0,0,.000,.000,.000,9999
W ,Carson Matthews SS | LAA,0,0,0,0,0,0,0,0,0,0,0,0,.000,.000,.000,9999
W ,Scott McKeon SS | CHC,0,0,0,0,0,0,0,0,0,0,0,0,.000,.000,.000,9999
W ,Estanli Castillo LF | TB,0,0,0,0,0,0,0,0,0,0,0,0,.000,.000,.000,9999
W ,Luis Almanzar 3B | SD,0,0,0,0,0,0,0,0,0,0,0,0,.000,.000,.000,9999
W ,Todd Glaesmann RF | CHC,0,0,0,0,0,0,0,0,0,0,0,0,.000,.000,.000,9999
W ,Hansel Moreno SS | NYM,0,0,0,0,0,0,0,0,0,0,0,0,.000,.000,.000,9999
W ,Colson Montgomery SS | CHW,0,0,0,0,0,0,0,0,0,0,0,0,.000,.000,.000,9999
W ,Edwin Mateo LF | LAD,0,0,0,0,0,0,0,0,0,0,0,0,.000,.000,.000,9999
W ,Carlos Ramirez C | LAA,0,0,0,0,0,0,0,0,0,0,0,0,.000,.000,.000,9999
W ,Kingston Liniak LF | DET,0,0,0,0,0,0,0,0,0,0,0,0,.000,.000,.000,9999
W ,Logan Moore C | PHI,0,0,0,0,0,0,0,0,0,0,0,0,.000,.000,.000,9999
W ,Jesus Castillo SS | PIT,0,0,0,0,0,0,0,0,0,0,0,0,.000,.000,.000,9999
W ,Kai Roberts CF | SD,0,0,0,0,0,0,0,0,0,0,0,0,.000,.000,.000,9999
W ,Ti'Quan Forbes 3B | CHW,0,0,0,0,0,0,0,0,0,0,0,0,.000,.000,.000,9999
W ,Angel Ortega SS | MIL,0,0,0,0,0,0,0,0,0,0,0,0,.000,.000,.000,9999
W ,Alexander Palma RF | MIL,0,0,0,0,0,0,0,0,0,0,0,0,.000,.000,.000,9999
W ,Danny Hayes 1B | CHW,0,0,0,0,0,0,0,0,0,0,0,0,.000,.000,.000,9999
W ,Erich Weiss 2B | PIT,0,0,0,0,0,0,0,0,0,0,0,0,.000,.000,.000,9999
W ,Kyle Watson SS | PIT,0,0,0,0,0,0,0,0,0,0,0,0,.000,.000,.000,9999
W ,Garrett Wolforth C | CIN,0,0,0,0,0,0,0,0,0,0,0,0,.000,.000,.000,9999
W ,Jesus Valdez 1B | ARI,0,0,0,0,0,0,0,0,0,0,0,0,.000,.000,.000,9999
W ,Peter Maris 3B | SF,0,0,0,0,0,0,0,0,0,0,0,0,.000,.000,.000,9999
W ,Greg Cullen 2B | BAL,0,0,0,0,0,0,0,0,0,0,0,0,.000,.000,.000,9999
W ,Ruben Ibarra 1B | CIN,0,0,0,0,0,0,0,0,0,0,0,0,.000,.000,.000,9999
W ,Alexis Pantoja SS | CLE,0,0,0,0,0,0,0,0,0,0,0,0,.000,.000,.000,9999
W ,Trent Woodward C | HOU,0,0,0,0,0,0,0,0,0,0,0,0,.000,.000,.000,9999
W ,Stephen Piscotty RF | ATH,0,0,0,0,0,0,0,0,0,0,0,0,.000,.000,.000,9999
W ,Zach Watson CF | BAL,0,0,0,0,0,0,0,0,0,0,0,0,.000,.000,.000,9999
W ,Ethan O'Donnell RF | CIN,0,0,0,0,0,0,0,0,0,0,0,0,.000,.000,.000,9999
W ,Ayden Johnson SS | ATH,0,0,0,0,0,0,0,0,0,0,0,0,.000,.000,.000,9999
W ,Agustin Murillo 3B | ARI,0,0,0,0,0,0,0,0,0,0,0,0,.000,.000,.000,9999
W ,Patrick Romeri RF | STL,0,0,0,0,0,0,0,0,0,0,0,0,.000,.000,.000,9999
W ,Montrell Marshall SS | CIN,0,0,0,0,0,0,0,0,0,0,0,0,.000,.000,.000,9999
W ,Jordan Viars LF | PHI,0,0,0,0,0,0,0,0,0,0,0,0,.000,.000,.000,9999
W ,Mateo Gil SS | NYM,0,0,0,0,0,0,0,0,0,0,0,0,.000,.000,.000,9999
W ,Shane McGuire C | ATH,0,0,0,0,0,0,0,0,0,0,0,0,.000,.000,.000,9999
W ,Jorge Barrosa CF | ARI ,0,0,0,0,0,0,0,0,0,0,0,0,.000,.000,.000,9999
W ,Jose Peroza 3B | NYM,0,0,0,0,0,0,0,0,0,0,0,0,.000,.000,.000,9999
W ,Tyler Tolbert SS | KC,0,0,0,0,0,0,0,0,0,0,0,0,.000,.000,.000,9999
W ,Ben Turner C | SF,0,0,0,0,0,0,0,0,0,0,0,0,.000,.000,.000,9999
W ,William Simoneit C | PHI,0,0,0,0,0,0,0,0,0,0,0,0,.000,.000,.000,9999
W ,Samuel Miranda C | BOS,0,0,0,0,0,0,0,0,0,0,0,0,.000,.000,.000,9999
W ,Ashford Fulmer RF | SF,0,0,0,0,0,0,0,0,0,0,0,0,.000,.000,.000,9999
W ,Tyler Durna 1B | CHC,0,0,0,0,0,0,0,0,0,0,0,0,.000,.000,.000,9999
W ,Chase Valentine SS | SD,0,0,0,0,0,0,0,0,0,0,0,0,.000,.000,.000,9999
W ,Deacon Liput SS | LAD,0,0,0,0,0,0,0,0,0,0,0,0,.000,.000,.000,9999
W ,Jared Serna SS | MIA,0,0,0,0,0,0,0,0,0,0,0,0,.000,.000,.000,9999
W ,Dangelo Sarmiento 2B | NYM,0,0,0,0,0,0,0,0,0,0,0,0,.000,.000,.000,9999
W ,Jake Slaughter INF | SEA,0,0,0,0,0,0,0,0,0,0,0,0,.000,.000,.000,9999
W ,Cornelius Randolph LF | CHW,0,0,0,0,0,0,0,0,0,0,0,0,.000,.000,.000,9999
W ,Grant Lavigne 1B | COL,0,0,0,0,0,0,0,0,0,0,0,0,.000,.000,.000,9999
W ,Tre' Morgan 1B | TB,0,0,0,0,0,0,0,0,0,0,0,0,.000,.000,.000,9999
W ,Ricardo Cespedes CF | NYM,0,0,0,0,0,0,0,0,0,0,0,0,.000,.000,.000,9999
W ,Tommy Specht RF | TEX,0,0,0,0,0,0,0,0,0,0,0,0,.000,.000,.000,9999
W ,Junior Sosa CF | PIT,0,0,0,0,0,0,0,0,0,0,0,0,.000,.000,.000,9999
W ,Hudson Head CF | PIT,0,0,0,0,0,0,0,0,0,0,0,0,.000,.000,.000,9999
W ,Cristian Perez SS | NYY,0,0,0,0,0,0,0,0,0,0,0,0,.000,.000,.000,9999
W ,Brandon Wagner 3B | NYY,0,0,0,0,0,0,0,0,0,0,0,0,.000,.000,.000,9999
W ,Gavin Logan C | ARI,0,0,0,0,0,0,0,0,0,0,0,0,.000,.000,.000,9999
W ,Lucas Spence LF | HOU,0,0,0,0,0,0,0,0,0,0,0,0,.000,.000,.000,9999
W ,Layant Tapia SS | CHW,0,0,0,0,0,0,0,0,0,0,0,0,.000,.000,.000,9999
W ,Jose Ruiz 1B | TEX,0,0,0,0,0,0,0,0,0,0,0,0,.000,.000,.000,9999
W ,Matt Kennelly C | ATL,0,0,0,0,0,0,0,0,0,0,0,0,.000,.000,.000,9999
W ,Orlando Martinez RF | LAA,0,0,0,0,0,0,0,0,0,0,0,0,.000,.000,.000,9999
W ,Brandon McIlwain CF | NYM,0,0,0,0,0,0,0,0,0,0,0,0,.000,.000,.000,9999
W ,Cole Sturgeon CF | MIN,0,0,0,0,0,0,0,0,0,0,0,0,.000,.000,.000,9999
W ,Zach Nehrir CF | ARI,0,0,0,0,0,0,0,0,0,0,0,0,.000,.000,.000,9999
W ,Cameron Seitzer 1B | TB,0,0,0,0,0,0,0,0,0,0,0,0,.000,.000,.000,9999
W ,Daniel Sweet CF | CIN,0,0,0,0,0,0,0,0,0,0,0,0,.000,.000,.000,9999
W ,Jean Encarnacion 3B | ATL,0,0,0,0,0,0,0,0,0,0,0,0,.000,.000,.000,9999
W ,Erik Gonzalez SS | CIN,0,0,0,0,0,0,0,0,0,0,0,0,.000,.000,.000,9999
W ,Marcus Smith CF | TEX,0,0,0,0,0,0,0,0,0,0,0,0,.000,.000,.000,9999
W ,Calten Daal SS | MIN,0,0,0,0,0,0,0,0,0,0,0,0,.000,.000,.000,9999
W ,Romeo Sanabria 1B | SD,0,0,0,0,0,0,0,0,0,0,0,0,.000,.000,.000,9999
W ,Korry Howell CF | SD,0,0,0,0,0,0,0,0,0,0,0,0,.000,.000,.000,9999
W ,Wilderd Patino CF | ARI,0,0,0,0,0,0,0,0,0,0,0,0,.000,.000,.000,9999
W ,K.C. Hobson 1B | SF,0,0,0,0,0,0,0,0,0,0,0,0,.000,.000,.000,9999
W ,Wady Mendez LF | TEX,0,0,0,0,0,0,0,0,0,0,0,0,.000,.000,.000,9999
W ,Tom Belza 2B | ARI,0,0,0,0,0,0,0,0,0,0,0,0,.000,.000,.000,9999
W ,Matthew Alifano 3B | PHI,0,0,0,0,0,0,0,0,0,0,0,0,.000,.000,.000,9999
W ,Cesar Salazar C | HOU ,0,0,0,0,0,0,0,0,0,0,0,0,.000,.000,.000,9999
W ,Dasan Brown CF | TOR,0,0,0,0,0,0,0,0,0,0,0,0,.000,.000,.000,9999
W ,Jorge Quintana SS | MIL,0,0,0,0,0,0,0,0,0,0,0,0,.000,.000,.000,9999
W ,Kodie Tidwell SS | SD,0,0,0,0,0,0,0,0,0,0,0,0,.000,.000,.000,9999
W ,Victor Roache LF | MIL,0,0,0,0,0,0,0,0,0,0,0,0,.000,.000,.000,9999
W ,Isrrael De La Cruz SS | DET,0,0,0,0,0,0,0,0,0,0,0,0,.000,.000,.000,9999
W ,Jair Camargo C | MIN ,0,0,0,0,0,0,0,0,0,0,0,0,.000,.000,.000,9999
W ,Phillip Sikes CF | BOS,0,0,0,0,0,0,0,0,0,0,0,0,.000,.000,.000,9999
W ,Edward Florentino CF | PIT,0,0,0,0,0,0,0,0,0,0,0,0,.000,.000,.000,9999
W ,Aldemar Burgos CF | SD,0,0,0,0,0,0,0,0,0,0,0,0,.000,.000,.000,9999
W ,Edgar Cabral C | PHI,0,0,0,0,0,0,0,0,0,0,0,0,.000,.000,.000,9999
W ,Kevin Taylor 2B | NYM,0,0,0,0,0,0,0,0,0,0,0,0,.000,.000,.000,9999
W ,Jose Ortiz CF | SF,0,0,0,0,0,0,0,0,0,0,0,0,.000,.000,.000,9999
W ,Ernesto Wilson Martinez 1B | MIL,0,0,0,0,0,0,0,0,0,0,0,0,.000,.000,.000,9999
W ,Eduardo Beltre RF | MIN,0,0,0,0,0,0,0,0,0,0,0,0,.000,.000,.000,9999
W ,Ryan Ripken 1B | BAL,0,0,0,0,0,0,0,0,0,0,0,0,.000,.000,.000,9999
W ,Ronaiker Palma C | COL,0,0,0,0,0,0,0,0,0,0,0,0,.000,.000,.000,9999
W ,Tristan Pompey LF | MIA,0,0,0,0,0,0,0,0,0,0,0,0,.000,.000,.000,9999
W ,Nick Zammarelli 3B | SEA,0,0,0,0,0,0,0,0,0,0,0,0,.000,.000,.000,9999
W ,Charlie Pagliarini 3B | SEA,0,0,0,0,0,0,0,0,0,0,0,0,.000,.000,.000,9999
W ,Dustin Martin LF | ATL,0,0,0,0,0,0,0,0,0,0,0,0,.000,.000,.000,9999
W ,Charlie Culberson 3B | ATL,0,0,0,0,0,0,0,0,0,0,0,0,.000,.000,.000,9999
W ,Gilberto Celestino CF | NYM,0,0,0,0,0,0,0,0,0,0,0,0,.000,.000,.000,9999
W ,Filippo Di Turi SS | MIL,0,0,0,0,0,0,0,0,0,0,0,0,.000,.000,.000,9999
W ,Reggie Pruitt CF | TOR,0,0,0,0,0,0,0,0,0,0,0,0,.000,.000,.000,9999
W ,Jhonny Severino 3B | PIT,0,0,0,0,0,0,0,0,0,0,0,0,.000,.000,.000,9999
W ,Kevin Milam 2B | NYY,0,0,0,0,0,0,0,0,0,0,0,0,.000,.000,.000,9999
W ,Joey Rose 1B | ARI,0,0,0,0,0,0,0,0,0,0,0,0,.000,.000,.000,9999
W ,Ronny Dominguez LF | CLE,0,0,0,0,0,0,0,0,0,0,0,0,.000,.000,.000,9999
W ,Robert Brooks C | TOR,0,0,0,0,0,0,0,0,0,0,0,0,.000,.000,.000,9999
W ,Jacob Reimer 3B | NYM,0,0,0,0,0,0,0,0,0,0,0,0,.000,.000,.000,9999
W ,Jeffrey Palumbo SS | SF,0,0,0,0,0,0,0,0,0,0,0,0,.000,.000,.000,9999
W ,Luis Silverio CF | ARI,0,0,0,0,0,0,0,0,0,0,0,0,.000,.000,.000,9999
W ,Hector Osorio LF | TEX,0,0,0,0,0,0,0,0,0,0,0,0,.000,.000,.000,9999
W ,Michael Tinsley C | CLE,0,0,0,0,0,0,0,0,0,0,0,0,.000,.000,.000,9999
W ,Aaron Brown CF | ATH,0,0,0,0,0,0,0,0,0,0,0,0,.000,.000,.000,9999
W ,Denzer Guzman SS | LAA,0,0,0,0,0,0,0,0,0,0,0,0,.000,.000,.000,9999
W ,AJ Lewis C | COL,0,0,0,0,0,0,0,0,0,0,0,0,.000,.000,.000,9999
W ,Daniel Palka 1B | BOS,0,0,0,0,0,0,0,0,0,0,0,0,.000,.000,.000,9999
W ,Harold Ramirez DH | WAS,0,0,0,0,0,0,0,0,0,0,0,0,.000,.000,.000,9999
W ,Austin Fisher SS | CLE,0,0,0,0,0,0,0,0,0,0,0,0,.000,.000,.000,9999
W ,Kyle Nevin 1B | LAD,0,0,0,0,0,0,0,0,0,0,0,0,.000,.000,.000,9999
W ,David Olmedo-Barrera LF | TB,0,0,0,0,0,0,0,0,0,0,0,0,.000,.000,.000,9999
W ,Kevin Villavicencio SS | NYM,0,0,0,0,0,0,0,0,0,0,0,0,.000,.000,.000,9999
W ,Nick Morabito CF | NYM,0,0,0,0,0,0,0,0,0,0,0,0,.000,.000,.000,9999
W ,Nick Rickles C | PHI,0,0,0,0,0,0,0,0,0,0,0,0,.000,.000,.000,9999
W ,Justin Toerner CF | STL,0,0,0,0,0,0,0,0,0,0,0,0,.000,.000,.000,9999
W ,Will Wilson SS | CLE,0,0,0,0,0,0,0,0,0,0,0,0,.000,.000,.000,9999
W ,Kalian Sams CF | SEA,0,0,0,0,0,0,0,0,0,0,0,0,.000,.000,.000,9999
W ,Jacob Melton CF | HOU,0,0,0,0,0,0,0,0,0,0,0,0,.000,.000,.000,9999
W ,Yohendry Sanchez C | SF,0,0,0,0,0,0,0,0,0,0,0,0,.000,.000,.000,9999
W ,Donavan Tate CF | SD,0,0,0,0,0,0,0,0,0,0,0,0,.000,.000,.000,9999
W ,Parker Morin C | CIN,0,0,0,0,0,0,0,0,0,0,0,0,.000,.000,.000,9999
W ,Josh Kasevich SS | TOR,0,0,0,0,0,0,0,0,0,0,0,0,.000,.000,.000,9999
W ,Steve Scott C | DET,0,0,0,0,0,0,0,0,0,0,0,0,.000,.000,.000,9999
W ,Damiano Palmegiani 3B | TOR,0,0,0,0,0,0,0,0,0,0,0,0,.000,.000,.000,9999
W ,Abrahan Ramirez 2B | MIA,0,0,0,0,0,0,0,0,0,0,0,0,.000,.000,.000,9999
W ,Wladimir Galindo 1B | CHC,0,0,0,0,0,0,0,0,0,0,0,0,.000,.000,.000,9999
W ,Henry Bolte RF | ATH,0,0,0,0,0,0,0,0,0,0,0,0,.000,.000,.000,9999
W ,Taylor Kohlwey LF | NYM,0,0,0,0,0,0,0,0,0,0,0,0,.000,.000,.000,9999
W ,Gabriel Rodriguez SS | CLE,0,0,0,0,0,0,0,0,0,0,0,0,.000,.000,.000,9999
W ,Ronny Hernandez C | CHW,0,0,0,0,0,0,0,0,0,0,0,0,.000,.000,.000,9999
W ,Randy Bednar CF | SEA,0,0,0,0,0,0,0,0,0,0,0,0,.000,.000,.000,9999
W ,Brad Miller DH | SD,0,0,0,0,0,0,0,0,0,0,0,0,.000,.000,.000,9999
W ,Franklin Barreto 2B | BAL,0,0,0,0,0,0,0,0,0,0,0,0,.000,.000,.000,9999
W ,Richie Martin 2B | LAA,0,0,0,0,0,0,0,0,0,0,0,0,.000,.000,.000,9999
W ,Nelson Maldonado 1B | CHC,0,0,0,0,0,0,0,0,0,0,0,0,.000,.000,.000,9999
W ,Starlyn Caba SS | PHI,0,0,0,0,0,0,0,0,0,0,0,0,.000,.000,.000,9999
W ,Felix Stevens 1B | CHC,0,0,0,0,0,0,0,0,0,0,0,0,.000,.000,.000,9999
W ,Abdias De La Cruz LF | ARI,0,0,0,0,0,0,0,0,0,0,0,0,.000,.000,.000,9999
W ,Josh Morgan C | SEA,0,0,0,0,0,0,0,0,0,0,0,0,.000,.000,.000,9999
W ,Chris Seise SS | TEX,0,0,0,0,0,0,0,0,0,0,0,0,.000,.000,.000,9999
W ,Tim Arakawa 2B | LAA,0,0,0,0,0,0,0,0,0,0,0,0,.000,.000,.000,9999
Report Updated as of  3/22/25  1:39 PM EST
