Avail,Player,INNs,APP,GS,QS,CG,W,L,S,BS,HD,K,BB,H,ERA,WHIP,Rank,
By Any Skenes,Paul Skenes P | PIT ,173,29,29,21,0,11,5,0,0,0,208,39,134,2.29,1.00,40
Strike Four,Zack Wheeler P | PHI ,187,30,30,26,0,16,5,0,0,0,203,46,151,3.13,1.05,42
Cackleberry Czars,Tarik Skubal P | DET ,180,29,29,21,0,15,5,0,0,0,205,42,148,2.95,1.06,44
Bus 3,Chris Sale P | ATL ,175,30,30,18,0,15,5,0,0,0,212,46,154,3.24,1.14,58
Duane Kuiper Belt Sucks,Logan Gilbert P | SEA ,190,30,30,21,1,12,7,0,0,0,193,36,153,3.22,0.99,59
Walk-In Closets,Luis Castillo P | SEA ,181,30,30,19,0,16,9,0,0,0,182,45,160,3.43,1.13,72
Sweep The Leg Johnny,Cole Ragans P | KC ,181,30,30,21,1,12,7,0,0,0,210,56,149,3.18,1.13,76
Brooklyn Cocaine Hippos,Bryce Miller P | SEA,170,29,29,17,0,12,7,0,0,0,157,35,135,2.91,1.00,80
Duane Kuiper Belt Sucks,Felix Bautista P | BAL ,67,68,0,0,0,2,2,34,6,3,118,28,32,1.48,0.90,89
Marjorie Taylor Greene's Only Fans Page,Edwin Uceta P | TB,89,65,0,0,0,3,1,20,4,18,116,18,52,1.42,0.79,94
Marjorie Taylor Greene's Only Fans Page,Pablo Lopez P | MIN,177,30,30,19,0,13,9,0,0,0,192,42,162,3.51,1.15,105
Brooklyn Cocaine Hippos,Shota Imanaga P | CHC ,169,29,29,13,0,11,7,0,0,0,155,39,142,2.93,1.07,111
The Midnight Sillies,George Kirby P | SEA ,158,26,26,18,0,13,7,0,0,0,147,22,141,3.36,1.03,114
Omak Wrong Players,Bowden Francis P | TOR ,155,26,26,14,0,10,7,0,0,0,141,33,118,2.96,0.97,126
permanent recess,Michael King P | SD ,155,27,27,13,0,11,8,0,0,0,178,49,128,3.08,1.14,127
Strike Four,Nestor Cortes P | MIL,159,27,27,12,0,11,6,0,0,0,146,38,130,2.94,1.06,129
Marjorie Taylor Greene's Only Fans Page,Bailey Ober P | MIN,167,29,29,17,1,12,7,0,0,0,177,38,143,3.67,1.08,130
The Midnight Sillies,Bryan Woo P | SEA,154,28,28,12,0,10,5,0,0,0,136,26,126,2.86,0.99,131
Bilgola-Balgowlah Bluedragons Modern Baseball Club,Spencer Schwellenbach P | ATL ,157,26,26,17,0,12,7,0,0,0,156,44,129,3.15,1.10,132
Strike Four,Devin Williams P | NYY,59,67,0,0,0,2,2,38,5,3,89,30,28,2.14,0.98,139
By Any Skenes,Tanner Scott P | LAD ,68,66,0,0,0,2,2,37,5,3,86,29,43,1.85,1.06,145
Strike Four,Dylan Cease P | SD ,170,30,30,14,1,10,9,0,0,0,197,58,137,3.44,1.15,148
Marjorie Taylor Greene's Only Fans Page,Raisel Iglesias P | ATL,61,64,0,0,0,2,2,38,4,3,59,12,37,2.07,0.80,151
Cackleberry Czars,Logan Webb P | SF,197,30,30,21,1,13,8,0,0,0,165,49,183,3.47,1.18,154
Omak Wrong Players,Hunter Greene P | CIN ,173,30,30,15,0,11,6,0,0,0,198,56,150,3.54,1.19,155
Cackleberry Czars,Andres Munoz P | SEA,63,68,0,0,0,2,2,37,9,3,78,26,35,2.29,0.97,160
Sweep The Leg Johnny,Justin Steele P | CHC ,160,28,28,15,1,11,6,0,0,0,158,35,145,3.26,1.12,164
Marjorie Taylor Greene's Only Fans Page,Emmanuel Clase P | CLE,63,66,0,0,0,2,2,35,5,3,53,9,42,1.86,0.81,167
Marjorie Taylor Greene's Only Fans Page,Seth Lugo P | KC,178,29,29,21,1,14,7,0,0,0,157,50,164,3.59,1.20,169
Droitwich Murdercocks,Blake Snell P | LAD,134,24,24,15,1,9,5,0,0,0,171,48,104,2.96,1.13,171
Duane Kuiper Belt Sucks,Kevin Gausman P | TOR,179,30,30,18,1,12,11,0,0,0,180,56,159,3.62,1.20,173
Cackleberry Czars,Jack Flaherty P | DET,151,27,27,13,0,10,8,0,0,0,162,38,128,3.34,1.10,176
Bus 3,Freddy Peralta P | MIL,161,29,29,13,0,11,8,0,0,0,182,53,136,3.63,1.17,178
Omak Wrong Players,Ronel Blanco P | HOU ,180,32,32,17,1,12,8,0,0,0,179,66,154,3.55,1.22,181
By Any Skenes,Joe Ryan P | MIN,159,27,27,16,0,10,8,0,0,0,175,31,143,3.79,1.09,188
Cackleberry Czars,Chris Bassitt P | TOR,172,29,29,15,0,12,10,0,0,0,164,54,155,3.40,1.22,189
Brooklyn Cocaine Hippos,Zac Gallen P | ARI ,173,30,30,16,0,14,8,0,0,0,172,52,164,3.80,1.25,191
W ,Jameson Taillon P | CHC ,160,27,27,14,0,13,7,0,0,0,129,36,145,3.43,1.13,193
Marjorie Taylor Greene's Only Fans Page,Charlie Morton P | BAL,167,30,30,13,0,13,8,0,0,0,169,54,150,3.72,1.22,194
Witt’s End,Nathan Eovaldi P | TEX ,165,27,27,16,1,12,7,0,0,0,154,44,150,3.49,1.18,196
Droitwich Murdercocks,Corbin Burnes P | ARI ,187,30,30,22,0,12,9,0,0,0,172,50,178,3.61,1.22,197
Witt’s End,Aaron Nola P | PHI,176,29,29,18,1,12,8,0,0,0,175,45,164,3.83,1.19,198
The Midnight Sillies,Josh Hader P | HOU,57,65,0,0,0,2,2,36,5,3,78,22,33,3.00,0.96,199
permanent recess,Framber Valdez P | HOU ,187,30,30,19,1,14,9,0,0,0,180,64,177,3.80,1.29,203
Strike Four,Erick Fedde P | STL ,159,26,26,12,0,11,6,0,0,0,132,38,141,3.17,1.13,204
Cackleberry Czars,Zach Eflin P | BAL ,175,30,30,16,0,12,10,0,0,0,157,35,172,3.60,1.18,206
Walk-In Closets,Edwin Diaz P | NYM ,63,67,0,0,0,2,2,36,11,3,102,29,42,3.57,1.13,212
Bus 3,Spencer Arrighetti P | HOU ,168,32,32,13,0,13,10,0,0,0,196,60,149,4.29,1.24,215
Johnny and the Rockers,Michael Wacha P | KC ,168,29,29,15,0,12,8,0,0,0,146,50,152,3.38,1.20,216
Walk-In Closets,Ryan Walker P | SF,70,72,0,0,0,2,1,28,8,3,89,19,52,2.31,1.01,219
Walk-In Closets,Sandy Alcantara P | MIA ,190,27,27,14,3,8,10,0,0,0,163,52,155,3.55,1.09,220
Brooklyn Cocaine Hippos,Roki Sasaki P | LAD ,137,23,23,14,1,11,5,0,0,0,163,42,115,3.81,1.15,223
permanent recess,Ryan Pepiot P | TB,149,29,29,11,0,10,8,0,0,0,154,43,124,3.56,1.12,225
W ,Dean Kremer P | BAL,166,29,29,13,0,11,8,0,0,0,150,53,141,3.52,1.17,231
Bus 3,Mason Miller P | ATH,77,71,0,0,0,1,1,24,3,4,125,30,48,2.92,1.01,233
Duane Kuiper Belt Sucks,Merrill Kelly P | ARI ,170,29,29,16,0,14,5,0,0,0,162,52,158,4.08,1.24,237
Duane Kuiper Belt Sucks,Shane McClanahan P | TB,151,27,27,17,0,11,4,0,0,0,157,43,132,3.75,1.16,239
Strike Four,Ryan Helsley P | STL,65,65,0,0,0,2,3,30,3,3,83,25,48,2.08,1.12,240
Cackleberry Czars,Lucas Giolito P | BOS ,141,24,24,11,0,12,7,0,0,0,150,41,125,3.77,1.18,242
Walk-In Closets,Brandon Woodruff P | MIL ,131,22,22,13,1,9,4,0,0,0,134,35,104,3.23,1.06,244
Bilgola-Balgowlah Bluedragons Modern Baseball Club,Jhoan Duran P | MIN,62,67,0,0,0,2,3,36,4,3,78,20,51,3.05,1.15,248
The Midnight Sillies,"Sonny Gray P | STL ",161,27,27,14,0,10,9,0,0,0,175,40,151,3.80,1.19,249
Walk-In Closets,Hunter Brown P | HOU,149,27,27,16,0,12,7,0,0,0,157,51,135,3.62,1.25,254
Omak Wrong Players,Robert Suarez P | SD,61,68,0,0,0,2,2,35,7,3,52,15,43,2.80,0.95,255
Droitwich Murdercocks,Kirby Yates P | LAD,65,70,0,0,0,7,2,9,2,11,89,32,30,1.80,0.95,257
Witt’s End,Yu Darvish P | SD ,138,24,24,11,0,9,8,0,0,0,131,36,115,3.20,1.09,258
The Midnight Sillies,Yoshinobu Yamamoto P | LAD ,119,22,22,11,0,11,5,0,0,0,141,42,96,3.56,1.16,259
Walk-In Closets,Kodai Senga P | NYM ,141,26,26,13,0,11,7,0,0,0,167,61,114,3.77,1.24,264
Witt’s End,Max Fried P | NYY ,178,30,30,17,2,12,9,0,0,0,169,64,166,3.69,1.29,267
Bilgola-Balgowlah Bluedragons Modern Baseball Club,Grant Holmes P | ATL ,163,31,31,10,0,9,6,0,0,0,169,48,147,3.59,1.20,268
permanent recess,Pete Fairbanks P | TB,66,71,0,0,0,2,3,32,5,3,70,24,44,3.00,1.03,269
The Midnight Sillies,Carlos Rodon P | NYY ,163,30,30,14,0,15,9,0,0,0,178,53,162,4.47,1.32,271
Johnny and the Rockers,Eduardo Rodriguez P | ARI ,164,29,29,11,0,14,9,0,0,0,149,57,160,3.68,1.32,272
Bus 3,Jeff Hoffman P | TOR,57,67,0,0,0,2,2,30,9,3,77,17,41,2.84,1.02,273
Witt’s End,Spencer Strider P | ATL ,134,23,23,13,0,9,9,0,0,0,189,42,119,4.10,1.20,282
The Midnight Sillies,Ranger Suarez P | PHI ,163,29,29,12,1,11,7,0,0,0,158,45,157,3.70,1.24,285
Bilgola-Balgowlah Bluedragons Modern Baseball Club,Reynaldo Lopez P | ATL ,142,26,26,16,0,8,6,0,0,0,156,45,132,2.92,1.25,288
Cackleberry Czars,Tobias Myers P | MIL ,139,25,25,8,0,8,5,0,0,0,124,39,119,2.85,1.14,292
Omak Wrong Players,Yusei Kikuchi P | LAA ,168,30,30,11,0,8,9,0,0,0,185,54,155,3.59,1.24,293
Droitwich Murdercocks,Chris Martin P | TEX,63,62,0,0,0,2,3,28,8,3,62,6,59,2.43,1.03,304
Bus 3,Max Scherzer P | TOR ,142,26,26,12,0,9,9,0,0,0,146,38,124,3.74,1.14,306
W ,Andre Pallante P | STL,178,30,30,12,0,12,10,0,0,0,139,61,161,3.74,1.25,310
Johnny and the Rockers,Jose Berrios P | TOR ,156,26,26,17,1,10,11,0,0,0,136,45,140,3.63,1.19,311
Bilgola-Balgowlah Bluedragons Modern Baseball Club,Trevor Megill P | MIL,53,56,0,0,0,2,2,29,4,3,60,15,37,2.72,0.98,313
By Any Skenes,Cristopher Sanchez P | PHI,155,27,27,15,1,10,6,0,0,0,136,40,152,3.37,1.24,316
W ,Zack Littell P | TB ,142,26,26,10,0,8,7,0,0,0,127,29,133,3.23,1.14,320
Brooklyn Cocaine Hippos,Carlos Estevez P | KC ,61,65,0,0,0,2,3,31,6,3,63,19,48,3.10,1.10,323
Duane Kuiper Belt Sucks,Shane Baz P | TB ,146,25,25,14,0,8,6,0,0,0,134,44,115,3.70,1.09,324
Johnny and the Rockers,Mitch Keller P | PIT,180,30,30,17,1,10,12,0,0,0,170,55,173,3.90,1.27,329
Strike Four,Justin Verlander P | SF,155,27,27,13,0,12,8,0,0,0,132,42,149,3.89,1.23,331
Droitwich Murdercocks,Tyler Glasnow P | LAD,131,22,22,14,0,10,6,0,0,0,159,42,119,4.05,1.23,332
Bilgola-Balgowlah Bluedragons Modern Baseball Club,Taj Bradley P | TB,143,26,26,9,0,9,9,0,0,0,159,44,130,3.84,1.22,333
Strike Four,Jesus Luzardo P | PHI,138,25,25,12,0,10,7,0,0,0,140,40,124,3.85,1.19,334
Johnny and the Rockers,Jared Jones P | PIT ,154,27,27,15,0,7,10,0,0,0,159,47,135,3.56,1.18,335
Strike Four,Porter Hodge P | CHC,67,68,0,0,0,4,1,8,2,20,79,31,27,1.75,0.87,337
Omak Wrong Players,Garrett Crochet P | BOS ,118,26,26,10,0,10,6,0,0,0,158,26,117,4.27,1.21,338
W ,Matthew Boyd P | CHC,130,26,26,7,0,6,8,0,0,0,145,35,105,3.60,1.08,342
Witt’s End,Jacob deGrom P | TEX ,124,25,25,9,0,6,4,0,0,0,143,29,112,3.19,1.14,344
Johnny and the Rockers,Ryan Pressly P | CHC,62,65,0,0,0,2,3,33,10,3,62,22,53,3.34,1.21,346
Omak Wrong Players,Chad Green P | TOR,60,69,0,0,0,3,4,29,6,14,56,16,48,3.60,1.07,353
Cackleberry Czars,"Shohei Ohtani P,U | LAD ",98,17,17,10,1,8,3,0,0,0,117,28,75,3.49,1.05,357
Sweep The Leg Johnny,Reese Olson P | DET,138,26,26,11,0,7,7,0,0,0,127,40,116,3.33,1.13,359
Sweep The Leg Johnny,Grayson Rodriguez P | BAL ,120,21,21,10,0,10,5,0,0,0,129,35,113,3.60,1.23,363
Johnny and the Rockers,Nick Pivetta P | SD,142,26,26,11,0,7,10,0,0,0,169,46,125,3.87,1.20,364
Walk-In Closets,Hayden Birdsong P | SF ,113,25,25,2,0,11,7,0,0,0,136,42,95,4.22,1.21,366
Bilgola-Balgowlah Bluedragons Modern Baseball Club,Tanner Houck P | BOS ,151,26,26,15,1,8,9,0,0,0,134,44,133,3.58,1.17,367
Johnny and the Rockers,Jordan Romano P | PHI,59,63,0,0,0,2,2,35,4,3,66,21,54,3.97,1.27,372
Walk-In Closets,Aroldis Chapman P | BOS ,56,69,0,0,0,2,2,30,9,3,96,37,41,3.70,1.39,376
W ,Michael Lorenzen P | KC,147,26,26,12,0,10,6,0,0,0,108,47,127,3.49,1.18,380
Strike Four,Brady Singer P | CIN ,168,29,29,12,0,9,11,0,0,0,150,50,160,3.75,1.25,383
Duane Kuiper Belt Sucks,David Peterson P | NYM ,148,26,26,12,0,10,5,0,0,0,133,58,141,3.16,1.34,384
Bilgola-Balgowlah Bluedragons Modern Baseball Club,Tanner Bibee P | CLE ,167,30,30,12,0,10,8,0,0,0,170,53,160,4.20,1.28,385
Bus 3,Robbie Ray P | SF,126,25,25,9,0,9,7,0,0,0,142,42,114,3.79,1.24,388
By Any Skenes,Sean Manaea P | NYM ,140,25,25,12,0,9,6,0,0,0,141,51,124,3.79,1.25,400
Omak Wrong Players,Tyler Holton P | DET ,77,60,0,0,0,4,1,6,1,17,67,15,49,2.45,0.83,405
W ,Tyler Anderson P | LAA ,173,30,30,12,0,10,11,0,0,0,140,67,155,3.80,1.28,408
permanent recess,Justin Martinez P | ARI ,61,64,0,0,0,2,2,32,7,3,86,36,57,3.54,1.52,411
The Midnight Sillies,Brandon Pfaadt P | ARI ,161,28,28,10,0,9,9,0,0,0,160,42,159,4.25,1.25,418
permanent recess,MacKenzie Gore P | WAS ,146,27,27,10,0,9,9,0,0,0,155,53,143,3.76,1.34,426
Sweep The Leg Johnny,Gavin Williams P | CLE ,136,27,27,6,0,9,9,0,0,0,137,51,118,3.97,1.24,430
W ,JP Sears P | ATH,148,25,25,10,0,9,9,0,0,0,118,41,137,3.77,1.20,432
W ,Luis Ortiz P | CLE ,149,26,26,11,0,9,6,0,0,0,118,48,137,3.56,1.24,433
Bus 3,Justin Slaten P | BOS,85,74,0,0,0,6,1,1,0,25,95,15,75,2.96,1.06,447
Witt’s End,Jason Foley P | DET ,50,67,0,0,0,2,2,31,5,2,41,15,48,3.24,1.26,450
W ,Cody Bradford P | TEX ,102,18,18,10,0,8,5,0,0,0,92,24,92,3.27,1.14,453
Droitwich Murdercocks,Alexis Diaz P | CIN ,59,67,0,0,0,2,2,29,3,3,68,34,44,3.81,1.32,454
W ,Ben Lively P | CLE ,143,26,26,8,0,11,10,0,0,0,116,47,135,4.03,1.27,456
Cackleberry Czars,Kenley Jansen P | LAA,66,70,0,0,0,1,2,24,3,3,78,25,52,3.55,1.17,457
W ,Jose Soriano P | LAA,142,26,26,13,0,8,8,0,0,0,131,57,126,3.55,1.29,460
Marjorie Taylor Greene's Only Fans Page,Mitchell Parker P | WAS ,156,29,29,12,0,7,9,0,0,0,134,51,144,3.58,1.25,463
Witt’s End,Luke Weaver P | NYY,97,78,0,0,0,6,2,8,2,28,106,29,84,4.17,1.16,472
permanent recess,Brayan Bello P | BOS ,144,26,26,12,0,10,10,0,0,0,131,46,142,4.12,1.31,480
W ,Dedniel Nunez P | NYM ,76,65,0,0,0,3,1,1,0,25,119,20,59,2.96,1.04,481
W ,Tyler Mahle P | TEX ,133,26,26,7,0,7,7,0,0,0,128,36,125,3.86,1.21,482
Droitwich Murdercocks,Jason Adam P | SD ,69,73,0,0,0,3,1,1,0,32,74,20,37,2.09,0.83,483
Witt’s End,Luis Severino P | ATH ,159,27,27,13,1,8,7,0,0,0,134,55,149,3.79,1.28,485
W ,Tomoyuki Sugano P | BAL,148,28,28,11,0,9,8,0,0,0,143,47,150,4.01,1.33,489
W ,Jack Kochanowicz P | LAA,150,26,26,16,0,8,9,0,0,0,102,39,138,3.78,1.18,495
Johnny and the Rockers,Clarke Schmidt P | NYY ,133,25,25,4,0,7,7,0,0,0,133,41,122,3.99,1.23,499
Brooklyn Cocaine Hippos,Cade Smith P | CLE,63,72,0,0,0,3,1,1,0,26,96,15,45,2.29,0.95,500
Bus 3,Clay Holmes P | NYM ,159,30,30,12,0,9,9,0,0,0,183,63,160,4.42,1.40,503
W ,Osvaldo Bido P | ATH ,127,26,26,10,0,7,9,0,0,0,121,41,103,4.25,1.13,504
W ,Cal Quantrill P | MIA ,139,25,25,12,0,7,9,0,0,0,100,43,121,3.56,1.18,509
W ,Andrew Heaney P | PIT,133,26,26,7,0,6,8,0,0,0,130,45,125,3.45,1.28,510
Strike Four,Luis Gil P | NYY ,88,17,17,6,0,7,5,0,0,0,94,34,66,3.48,1.14,511
W ,Tony Gonsolin P | LAD ,111,21,21,5,0,10,4,0,0,0,94,35,98,4.22,1.20,513
Sweep The Leg Johnny,David Bednar P | PIT ,53,55,0,0,0,2,2,28,6,3,57,23,46,4.25,1.30,514
Sweep The Leg Johnny,Nick Martinez P | CIN,143,26,26,10,1,8,7,0,0,0,121,38,133,4.22,1.20,515
Marjorie Taylor Greene's Only Fans Page,Jake Irvin P | WAS ,155,27,27,14,0,8,9,0,0,0,126,48,144,4.06,1.24,518
Duane Kuiper Belt Sucks,Kris Bubic P | KC ,141,26,26,10,0,6,8,0,0,0,160,44,142,3.96,1.32,522
Johnny and the Rockers,Nick Lodolo P | CIN ,150,27,27,10,0,9,9,0,0,0,162,56,147,4.50,1.35,524
Omak Wrong Players,Blake Treinen P | LAD,54,58,0,0,0,3,3,5,1,23,70,13,40,1.83,0.98,527
Witt’s End,Kyle Finnegan P | WAS,69,72,0,0,0,2,3,26,5,3,68,27,69,3.91,1.39,532
W ,Marcus Stroman P | NYY ,142,26,26,12,0,10,8,0,0,0,113,49,141,3.99,1.34,539
W ,Griffin Canning P | NYM ,147,26,26,8,0,8,8,0,0,0,126,50,139,4.04,1.29,541
Duane Kuiper Belt Sucks,Seth Halvorsen P | COL,80,77,0,0,0,5,2,1,0,16,98,23,73,3.04,1.20,543
W ,Luis Garcia P | HOU ,97,19,19,7,0,7,5,0,0,0,102,33,87,3.71,1.24,550
W ,A.J. Minter P | NYM,67,81,0,0,0,6,4,4,1,24,81,24,57,3.36,1.21,551
Cackleberry Czars,Ben Joyce P | LAA,71,77,0,0,0,4,1,10,2,24,74,36,59,2.66,1.34,554
W ,Cole Sands P | MIN,65,60,0,0,0,7,2,1,0,6,81,16,58,3.74,1.14,558
W ,Javier Assad P | CHC ,128,24,24,6,0,7,4,0,0,0,110,42,125,3.59,1.30,560
W ,Edward Cabrera P | MIA ,115,23,23,6,0,6,8,0,0,0,126,48,97,3.99,1.26,561
Marjorie Taylor Greene's Only Fans Page,Luis Garcia P | LAD ,7,8,0,0,0,0,0,37,7,2,7,3,8,5.14,1.57,562
Johnny and the Rockers,Jackson Jobe P | DET ,140,26,26,10,0,7,8,0,0,0,120,41,137,3.99,1.27,563
W ,Trevor Williams P | WAS,131,25,25,3,0,7,7,0,0,0,107,39,129,3.71,1.28,569
W ,Simeon Woods Richardson P | MIN ,123,25,25,7,0,4,5,0,0,0,109,39,106,3.58,1.18,577
W ,Matt Strahm P | PHI ,51,54,0,0,0,4,1,1,0,16,63,10,35,2.65,0.88,582
W ,Paul Sewald P | CLE,66,73,0,0,0,3,1,8,2,7,77,20,53,3.68,1.11,585
W ,Jordan Hicks P | SF ,130,26,26,4,0,7,7,0,0,0,123,47,129,3.88,1.35,586
W ,Bailey Falter P | PIT ,129,25,25,8,0,8,8,0,0,0,90,37,126,3.91,1.26,589
W ,Shane Bieber P | CLE ,81,13,13,9,1,5,3,0,0,0,78,21,71,3.22,1.14,590
W ,Bryan Abreu P | HOU,67,70,0,0,0,2,1,1,0,33,88,27,45,2.55,1.07,592
W ,Manuel Rodriguez P | TB,50,61,0,0,0,3,4,8,2,18,45,15,38,2.16,1.06,595
permanent recess,Drew Rasmussen P | TB ,60,25,13,3,0,4,3,0,0,1,64,13,47,2.55,1.00,597
W ,Miles Mikolas P | STL,161,28,28,14,0,8,10,0,0,0,113,31,168,4.47,1.24,602
W ,Bryan Hudson P | MIL,54,40,0,0,0,2,1,1,0,13,51,15,26,2.00,0.76,603
W ,Daysbel Hernandez P | ATL ,52,53,0,0,0,5,2,1,0,5,76,31,33,2.60,1.23,605
W ,Randy Vasquez P | SD ,127,25,25,7,0,6,7,0,0,0,91,40,121,3.47,1.27,606
By Any Skenes,Max Meyer P | MIA ,160,30,30,10,0,9,11,0,0,0,139,55,161,4.61,1.35,607
Bus 3,Jeremiah Estrada P | SD ,63,76,0,0,0,4,2,1,0,21,99,28,50,3.29,1.24,608
W ,Andrew Abbott P | CIN ,132,23,23,10,0,9,9,0,0,0,116,50,130,4.36,1.36,611
Omak Wrong Players,Ryan Weathers P | MIA ,121,22,22,9,0,6,9,0,0,0,104,35,115,4.02,1.24,614
The Midnight Sillies,Jesus Tinoco P | MIA ,73,67,0,0,0,2,1,7,1,14,87,25,56,3.82,1.11,615
W ,Jonathan Cannon P | CHW,171,30,30,11,0,7,12,0,0,0,130,56,161,4.42,1.27,617
W ,Davis Martin P | CHW,133,25,25,8,0,3,9,0,0,0,126,46,119,3.72,1.24,618
Droitwich Murdercocks,Ryne Stanek P | NYM,68,82,0,0,0,7,2,8,2,20,84,31,62,5.03,1.37,620
By Any Skenes,Griffin Jax P | MIN,47,24,12,4,0,4,4,0,0,2,59,11,34,2.49,0.96,623
W ,Collin Snider P | SEA,60,66,0,0,0,5,2,1,0,14,58,21,53,2.40,1.23,627
W ,Chris Paddack P | MIN ,140,26,26,7,0,7,5,0,0,0,128,35,153,4.37,1.34,631
W ,Sean Burke P | CHW ,142,26,26,10,0,6,9,0,0,0,141,60,137,4.18,1.39,636
W ,Ryan Zeferjahn P | LAA,81,62,0,0,0,1,1,1,0,8,89,31,54,3.22,1.05,637
W ,Tyler Ferguson P | ATH,72,69,0,0,0,4,5,1,0,17,96,37,49,4.00,1.19,639
Omak Wrong Players,Dustin May P | LAD,63,24,14,6,0,6,3,0,0,1,54,20,50,3.43,1.11,640
W ,Casey Mize P | DET ,136,26,26,8,0,3,8,0,0,0,112,31,140,3.57,1.26,641
W ,Hector Neris P | ATL ,55,61,0,0,0,6,3,1,0,18,58,25,42,3.27,1.22,643
W ,Drew Thorpe P | CHW ,111,21,21,10,0,6,7,0,0,0,88,42,94,4.13,1.23,647
Droitwich Murdercocks,Liam Hendriks P | BOS ,79,79,0,0,0,5,2,8,2,11,71,26,73,4.56,1.25,648
W ,Brant Hurter P | DET,56,24,12,4,0,5,4,0,0,0,46,13,46,2.89,1.05,649
permanent recess,Orion Kerkering P | PHI,52,58,0,0,0,3,2,1,0,13,61,15,43,2.25,1.12,651
W ,Yuki Matsui P | SD,66,77,0,0,0,3,1,6,1,11,75,29,51,3.82,1.21,653
W ,Dylan Lee P | ATL ,60,64,0,0,0,2,2,1,0,12,74,18,52,2.40,1.17,658
W ,Mike Soroka P | WAS,139,27,27,4,0,4,9,0,0,0,134,48,128,4.40,1.27,659
Witt’s End,Calvin Faucher P | MIA,24,24,0,0,0,1,1,25,6,1,30,13,26,4.50,1.62,660
Droitwich Murdercocks,Michael Kopech P | LAD ,58,64,0,0,0,5,2,7,1,13,67,35,43,4.19,1.34,661
W ,Derek Law P | WAS,76,75,0,0,0,6,3,1,0,14,72,27,79,3.20,1.39,663
W ,Joel Payamps P | MIL ,46,53,0,0,0,2,4,7,1,20,46,14,32,2.94,1.00,664
The Midnight Sillies,Kevin Ginkel P | ARI ,53,58,0,0,0,4,2,4,1,16,67,16,53,3.23,1.30,666
W ,Carmen Mlodzinski P | PIT ,65,64,0,0,0,5,5,1,0,12,61,27,54,3.19,1.25,667
W ,Jon Gray P | TEX ,91,17,17,7,0,5,5,0,0,0,79,28,86,3.76,1.25,670
Sweep The Leg Johnny,Yimi Garcia P | TOR ,59,73,0,0,0,1,2,7,1,25,78,17,49,3.97,1.12,672
W ,Tayler Scott P | HOU,60,63,0,0,0,4,2,1,0,8,63,32,45,2.70,1.28,673
By Any Skenes,Jose Alvarado P | PHI,55,60,0,0,0,2,2,9,2,16,60,25,42,3.60,1.22,674
W ,Steven Matz P | STL ,133,26,26,4,0,5,8,0,0,0,111,43,138,3.86,1.36,675
Walk-In Closets,Lucas Erceg P | KC,65,68,0,0,0,2,4,8,2,24,83,27,58,4.01,1.31,677
W ,Mason Montgomery P | TB,60,64,0,0,0,2,1,1,0,16,78,25,46,3.00,1.18,681
W ,Tony Santillan P | CIN,49,54,0,0,0,3,2,1,0,8,83,20,41,3.49,1.24,683
W ,Pierce Johnson P | ATL,59,70,0,0,0,4,5,4,1,16,75,27,53,3.81,1.36,687
W ,Austin Gomber P | COL ,146,26,26,12,0,6,9,0,0,0,98,36,152,4.25,1.29,689
W ,Mitch Spence P | ATH ,129,24,24,4,0,6,8,0,0,0,106,38,135,4.33,1.34,696
W ,Luis Peralta P | COL,47,75,0,0,0,1,1,1,0,10,78,28,39,1.15,1.43,699
W ,Angel Perdomo P | LAA ,47,60,0,0,0,3,3,1,0,12,89,22,40,3.83,1.32,700
Duane Kuiper Belt Sucks,Tyler Kinley P | COL,65,70,0,0,0,1,3,23,3,3,88,33,66,6.09,1.52,704
W ,Bryan King P | HOU,54,73,0,0,0,2,1,1,0,5,76,23,48,2.67,1.31,711
Sweep The Leg Johnny,Jeffrey Springs P | ATH,137,26,26,9,0,6,12,0,0,0,142,54,138,4.86,1.40,713
W ,Danny Coulombe P | MIN,45,69,0,0,0,2,1,1,0,27,62,11,38,3.00,1.09,714
W ,Tyler Rogers P | SF,64,69,0,0,0,1,3,4,1,32,48,9,60,2.95,1.08,716
W ,Jose Quintana P | MIL,53,20,12,5,0,5,4,0,0,0,40,16,45,3.40,1.15,718
The Midnight Sillies,Will Vest P | DET,56,68,0,0,0,3,2,1,0,17,63,16,53,3.21,1.23,719
W ,Tanner Banks P | PHI,65,51,0,0,0,5,1,1,0,7,65,20,63,4.15,1.28,721
W ,Marc Church P | TEX,73,73,0,0,0,4,3,1,0,13,69,24,67,3.94,1.25,722
W ,Reed Garrett P | NYM ,79,74,0,0,0,5,3,1,0,20,117,41,77,4.79,1.49,723
W ,Matt Brash P | SEA ,41,53,0,0,0,4,2,0,0,18,63,17,38,3.07,1.34,724
Sweep The Leg Johnny,A.J. Puk P | ARI ,55,61,0,0,0,3,3,1,0,13,79,21,49,3.93,1.27,726
permanent recess,Kumar Rocker P | TEX ,74,25,17,5,0,5,5,0,0,1,73,26,72,4.01,1.32,727
W ,Tommy Kahnle P | DET,61,75,0,0,0,1,2,1,0,27,69,32,44,2.51,1.25,730
W ,Dennis Santana P | PIT,72,71,0,0,0,3,1,4,1,15,76,25,64,4.50,1.24,731
W ,Tristan Beck P | SF ,76,42,0,0,0,2,3,1,0,8,61,19,71,3.20,1.18,732
W ,Andrew Walters P | CLE ,40,56,0,0,0,2,1,1,0,4,37,22,18,2.02,1.00,733
W ,Kyle Hendricks P | LAA ,138,26,26,8,0,5,11,0,0,0,96,40,134,4.50,1.26,734
W ,Evan Phillips P | LAD ,37,42,0,0,0,2,1,4,1,10,41,11,28,2.92,1.05,735
W ,Kevin Kelly P | TB,49,51,0,0,0,2,1,1,0,13,45,8,42,2.94,1.02,737
W ,Penn Murfee P | CHW,43,58,0,0,0,2,5,0,0,4,64,40,20,1.67,1.40,740
W ,Jorge Lopez P | WAS ,73,82,0,0,0,4,3,7,1,16,72,29,77,4.32,1.45,741
W ,Hayden Wesneski P | HOU ,55,22,11,4,0,4,3,0,0,0,52,17,47,3.76,1.16,742
W ,Alex Vesia P | LAD ,40,51,0,0,0,2,3,1,0,11,56,21,28,2.48,1.23,743
By Any Skenes,Seranthony Dominguez P | BAL,63,79,0,0,0,3,3,4,1,15,74,26,60,4.14,1.37,744
W ,Daniel Lynch P | KC ,51,24,11,3,0,4,4,0,0,0,40,16,39,3.71,1.08,745
W ,Ryan Yarbrough P | TOR ,53,24,11,4,0,4,5,0,0,0,36,14,43,3.57,1.08,748
W ,Emilio Pagan P | CIN,61,66,0,0,0,3,3,1,0,11,69,20,56,3.98,1.25,749
W ,Kaleb Ort P | HOU ,48,52,0,0,0,3,3,1,0,6,52,12,41,3.94,1.10,751
W ,Jose Leclerc P | ATH,69,77,0,0,0,2,4,6,1,15,105,40,64,4.57,1.51,752
W ,Joe Ross P | PHI,51,24,11,3,0,5,4,0,0,0,42,19,46,3.53,1.27,754
W ,Dane Dunning P | TEX ,58,23,12,3,0,6,5,0,0,0,49,21,54,4.34,1.29,755
W ,Garrett Cleavinger P | TB,49,64,0,0,0,4,3,1,0,14,59,26,41,3.67,1.37,759
W ,Aaron Bummer P | ATL ,63,77,0,0,0,6,2,1,0,9,86,29,68,4.86,1.54,760
W ,German Marquez P | COL,138,26,26,9,0,6,11,0,0,0,124,44,144,5.02,1.36,762
Droitwich Murdercocks,Justin Anderson P | CHW,55,70,0,0,0,1,2,21,4,7,74,39,59,5.24,1.78,763
W ,Tylor Megill P | NYM ,68,26,15,3,0,6,5,0,0,1,69,29,68,4.37,1.43,764
W ,Ian Anderson P | ATL,51,25,13,4,0,5,4,0,0,1,47,18,46,4.06,1.25,766
W ,JoJo Romero P | STL,66,73,0,0,0,4,3,0,0,36,72,21,67,4.09,1.33,767
W ,Colin Poche P | WAS ,47,59,0,0,0,3,3,3,1,26,50,19,41,3.64,1.28,768
W ,Logan Taylor Allen P | CLE ,77,24,17,5,0,6,5,0,0,0,65,28,78,4.33,1.38,769
W ,Taylor Rogers P | CIN ,42,55,0,0,0,2,3,7,1,8,55,20,42,3.43,1.48,770
W ,Albert Suarez P | BAL ,49,24,12,3,0,5,4,0,0,1,38,15,46,3.67,1.24,772
W ,Shawn Armstrong P | TEX,69,66,0,0,0,3,1,2,0,9,69,22,70,3.91,1.33,775
W ,Justin Topa P | MIN ,42,49,0,0,0,2,1,1,0,15,38,10,36,2.57,1.10,776
W ,Jake Cousins P | NYY ,48,58,0,0,0,3,2,1,0,11,72,33,35,3.75,1.42,777
Brooklyn Cocaine Hippos,Tim Herrin P | CLE,44,56,0,0,0,2,1,1,0,12,51,21,34,2.66,1.25,778
W ,Nate Pearson P | CHC,59,56,0,0,0,4,1,1,0,9,65,19,56,4.58,1.27,780
W ,Brock Stewart P | MIN ,62,74,0,0,0,1,1,1,0,29,87,30,54,3.48,1.35,781
W ,Cade Povich P | BAL ,65,25,15,3,0,5,6,0,0,1,56,24,60,4.29,1.29,783
W ,Jorge Alcala P | MIN ,54,51,0,0,0,2,3,1,0,16,55,21,39,3.83,1.11,784
Witt’s End,Kutter Crawford P | BOS ,49,20,11,4,0,4,4,0,0,1,48,14,41,4.41,1.12,785
W ,Jacob Webb P | TEX,66,81,0,0,0,2,5,1,0,19,76,37,52,3.55,1.35,786
W ,Ryan Feltner P | COL,148,27,27,11,0,3,8,0,0,0,122,50,150,4.32,1.35,788
W ,Adam Ottavino P | BOS,69,84,0,0,0,2,3,4,1,21,90,33,64,4.43,1.41,789
W ,Kyle Hart P | SD ,53,25,13,5,0,4,4,0,0,1,48,18,47,3.91,1.23,790
permanent recess,Robert Garcia P | TEX,59,73,0,0,0,3,3,1,0,15,80,19,59,4.58,1.32,791
W ,Jared Koenig P | MIL,38,20,10,2,0,3,2,0,0,1,38,14,33,2.37,1.24,792
W ,Hunter Harvey P | KC,63,68,0,0,0,1,4,4,1,38,73,19,60,4.14,1.25,793
W ,Anthony Banda P | LAD,43,24,12,4,0,4,3,0,0,1,50,20,41,3.14,1.42,794
W ,Brenan Hanifee P | DET ,53,42,0,0,0,1,2,1,0,18,45,12,53,2.21,1.23,795
W ,Fernando Cruz P | NYY,62,70,0,0,0,2,2,1,0,21,106,32,52,5.08,1.35,796
W ,Antonio Senzatela P | COL,134,26,26,8,0,5,9,0,0,0,112,43,139,4.77,1.36,797
W ,Jake Junis P | CLE,42,20,8,2,0,2,2,0,0,0,36,7,35,3.00,1.00,798
W ,Ryan Brasier P | CHC,43,24,12,3,0,3,4,0,0,1,37,12,34,3.56,1.07,800
W ,Colin Rea P | CHC ,48,20,9,2,0,4,3,0,0,0,37,12,43,3.94,1.15,801
W ,Will Warren P | NYY ,75,24,16,5,0,4,5,0,0,0,77,25,71,4.80,1.28,802
W ,Colin Holderman P | PIT,63,73,0,0,0,2,3,1,0,33,71,29,58,3.43,1.38,803
W ,Wandy Peralta P | SD,53,76,0,0,0,3,2,4,1,20,43,24,45,3.91,1.30,805
W ,Clayton Kershaw P | LAD ,33,17,8,3,0,4,3,0,0,0,30,10,29,3.27,1.18,806
W ,Matt Waldron P | SD ,50,23,12,4,0,4,4,0,0,1,40,12,45,4.32,1.14,810
W ,Troy Taylor P | SEA ,40,46,0,0,0,1,1,1,0,14,47,13,28,3.38,1.02,811
W ,Erik Miller P | SF,50,64,0,0,0,2,3,1,0,15,67,29,38,3.78,1.34,812
W ,Landen Roupp P | SF ,47,23,11,3,0,4,3,0,0,0,43,24,40,3.45,1.36,814
W ,Logan Henderson P | MIL ,45,18,10,4,0,4,3,0,0,0,42,15,42,4.00,1.27,816
W ,Gregory Santos P | SEA,55,57,0,0,0,1,1,4,1,9,53,13,57,3.60,1.27,817
Bus 3,Davidjohn Herz P | WAS ,49,23,12,1,0,3,5,0,0,1,60,20,43,4.22,1.29,818
W ,Andrew Kittredge P | BAL ,36,46,0,0,0,1,2,5,1,22,37,11,34,3.00,1.25,819
W ,John Brebbia P | DET,57,69,0,0,0,2,2,4,1,17,72,19,53,5.21,1.26,820
W ,Connor Gillispie P | MIA ,64,23,14,5,0,4,5,0,0,0,64,25,62,4.36,1.36,821
W ,Martin Perez P | CHW,140,26,26,10,0,5,8,0,0,0,106,60,142,4.31,1.44,822
W ,Mason Englert P | TB,83,50,0,0,0,6,5,1,0,8,58,21,88,5.10,1.31,823
W ,J.T. Brubaker P | NYY ,45,22,11,4,0,4,3,0,0,1,42,16,41,4.20,1.27,824
W ,Keider Montero P | DET ,51,24,12,3,1,4,6,0,0,1,37,14,47,4.24,1.20,826
W ,Joey Cantillo P | CLE ,46,24,12,3,0,4,5,0,0,1,48,19,40,4.50,1.28,827
W ,Thomas Harrington P | PIT ,49,22,12,4,0,4,4,0,0,1,48,18,47,4.22,1.33,828
W ,Alec Marsh P | KC ,54,24,11,2,0,4,6,0,0,0,53,18,51,4.67,1.28,829
W ,James McArthur P | KC ,55,57,0,0,0,4,3,4,1,6,50,12,64,4.91,1.38,830
W ,Ian Hamilton P | NYY ,62,57,0,0,0,1,2,1,0,16,77,27,59,3.63,1.39,831
The Midnight Sillies,Beau Brieske P | DET ,51,24,12,1,0,2,4,0,0,1,51,22,42,3.53,1.25,833
W ,Luke Jackson P | TEX,48,52,0,0,0,4,2,1,0,5,57,23,45,4.69,1.42,834
W ,Emerson Hancock P | SEA ,49,23,12,4,0,4,5,0,0,1,29,13,45,4.04,1.18,835
W ,Tyler Zuber P | NYM ,59,38,0,0,0,3,2,1,0,10,60,23,57,4.27,1.36,836
W ,James Karinchak P | CHW,51,65,0,0,0,2,6,5,1,19,80,43,38,4.76,1.59,837
W ,Alek Jacob P | SD,31,21,0,0,0,1,0,0,0,3,34,8,21,2.90,0.94,838
W ,Phil Maton P | NYM,53,63,0,0,0,2,2,1,0,14,59,23,46,4.08,1.30,839
W ,Michael McGreevy P | STL ,47,23,11,4,0,3,4,0,0,1,45,15,44,4.02,1.26,840
W ,Julian Merryweather P | CHC,61,65,0,0,0,2,2,4,1,14,70,38,55,3.98,1.52,842
By Any Skenes,Mike Clevinger P | CHW ,23,23,0,0,0,1,1,12,2,1,21,9,25,4.70,1.48,843
W ,Ryne Nelson P | ARI ,49,24,11,5,0,5,3,0,0,1,39,13,53,4.59,1.35,844
W ,Tyler Alexander P | MIL,49,20,10,2,0,3,3,0,0,0,39,9,45,4.59,1.10,845
W ,Abner Uribe P | MIL,44,51,0,0,0,2,2,7,1,8,49,33,35,4.29,1.55,846
W ,Rhett Lowder P | CIN ,38,21,9,3,0,3,3,0,0,1,35,15,35,3.32,1.32,847
W ,Jhony Brito P | SD,41,23,0,0,0,4,1,0,0,4,29,11,40,4.17,1.24,848
W ,Joe Boyle P | TB,49,24,12,3,0,5,5,0,0,1,51,33,36,5.14,1.41,849
Bilgola-Balgowlah Bluedragons Modern Baseball Club,Yennier Cano P | BAL,49,64,0,0,0,1,1,1,0,30,58,18,51,3.12,1.41,850
W ,Jose Ruiz P | PHI,44,46,0,0,0,4,1,1,0,4,42,16,47,4.29,1.43,851
W ,Richard Fitts P | BOS ,55,24,13,4,0,3,4,0,0,1,49,20,54,3.93,1.35,852
W ,Ryan Thompson P | ARI,53,58,0,0,0,2,3,1,0,23,45,14,54,3.74,1.28,853
W ,Elvis Peguero P | MIL,37,42,0,0,0,3,2,1,0,12,34,18,35,3.16,1.43,854
W ,Kyle Harrison P | SF ,48,24,12,4,0,3,4,0,0,1,44,15,45,4.31,1.25,855
W ,Alex Cobb P | DET ,40,20,10,4,1,3,4,0,0,1,31,10,40,3.60,1.25,856
W ,Yoendrys Gomez P | NYY,40,20,7,3,0,3,2,0,0,0,38,16,36,3.83,1.30,857
W ,A.J. Smith-Shawver P | ATL ,50,22,12,3,0,3,4,0,0,0,45,18,45,4.32,1.26,858
W ,Carson Spiers P | CIN ,64,24,13,3,0,6,6,0,0,0,57,20,73,5.20,1.45,859
W ,Sean Hjelle P | SF,65,48,0,0,0,2,3,1,0,7,64,14,71,4.43,1.31,860
W ,Lance McCullers P | HOU ,36,18,9,3,0,3,3,0,0,1,33,12,32,4.00,1.22,861
W ,Randy Rodriguez P | SF,58,45,0,0,0,2,3,1,0,7,62,21,55,4.50,1.31,862
W ,Alex Faedo P | TB ,45,20,10,2,0,2,2,0,0,1,41,19,36,3.80,1.22,863
W ,Andrew Chafin P | DET,45,62,0,0,0,2,2,4,1,14,61,27,45,4.20,1.60,864
W ,Alex Lange P | DET ,25,31,0,0,0,2,2,5,1,3,30,19,18,3.96,1.48,865
W ,Hoby Milner P | TEX,44,58,0,0,0,2,1,1,0,8,48,11,45,4.29,1.27,866
W ,Wade Miley P | CIN ,34,18,9,3,0,3,3,0,0,0,21,12,28,3.44,1.18,867
W ,Ryan Borucki P | PIT,42,24,12,4,0,3,4,0,0,1,46,9,41,5.14,1.19,868
W ,Sean Newcomb P | BOS ,53,24,12,4,0,5,4,0,0,0,50,33,44,4.92,1.45,869
W ,Eric Lauer P | TOR,46,24,11,3,0,5,5,0,0,1,43,19,46,5.09,1.41,870
W ,Kenta Maeda P | DET ,59,24,12,2,0,3,4,0,0,0,52,15,56,5.03,1.20,871
W ,Greg Weissert P | BOS,53,58,0,0,0,3,1,1,0,6,58,20,64,3.74,1.58,872
W ,Keaton Winn P | SF ,37,20,7,3,0,4,3,0,0,0,30,10,31,5.59,1.11,873
W ,Eduard Bazardo P | SEA,26,22,0,0,0,2,1,0,0,3,27,7,18,4.15,0.96,874
W ,Michel Otanez P | ATH ,55,68,0,0,0,1,1,1,0,12,114,41,56,4.42,1.76,875
W ,Paul Blackburn P | NYM,49,25,12,5,0,4,5,0,0,1,42,16,51,4.59,1.37,876
Brooklyn Cocaine Hippos,Hunter Gaddis P | CLE,25,26,0,0,0,1,1,0,0,12,22,6,17,2.52,0.92,877
W ,Anthony Bender P | MIA ,50,66,0,0,0,3,1,1,0,18,66,20,55,4.86,1.50,878
W ,Mark Leiter P | NYY ,42,53,0,0,0,2,1,1,0,17,66,20,42,4.71,1.48,879
W ,Gregory Soto P | BAL,50,69,0,0,0,3,2,2,0,17,63,25,51,4.86,1.52,881
W ,Jordan Montgomery P | ARI ,48,24,11,5,0,5,4,0,0,1,38,15,55,4.69,1.46,882
W ,Kyle Freeland P | COL ,150,27,27,14,0,5,12,0,0,0,102,40,171,4.74,1.41,883
W ,Bryan Hoeing P | SD ,38,19,8,1,0,2,3,0,0,0,29,11,34,3.55,1.18,884
W ,Nick Sandlin P | TOR ,38,52,0,0,0,2,1,1,0,8,52,20,33,4.50,1.39,885
W ,Tyler Wells P | BAL ,24,12,6,2,0,2,2,0,0,0,22,6,18,3.75,1.00,886
W ,Cameron Booser P | CHW,61,67,0,0,0,2,4,1,0,10,73,27,68,3.98,1.56,887
Walk-In Closets,Eury Perez P | MIA ,20,10,5,2,0,2,2,0,0,0,25,7,16,3.15,1.15,888
W ,Michael Mercado P | PHI,38,21,8,3,0,4,3,0,0,0,34,15,34,5.21,1.29,889
W ,Quinn Priester P | BOS ,51,20,10,2,0,5,4,0,0,0,36,17,54,4.94,1.39,890
Walk-In Closets,Andrew Painter P | PHI ,28,18,5,2,0,3,2,0,0,0,26,10,25,4.18,1.25,891
W ,Joey Estes P | ATH ,54,24,13,4,0,4,5,0,0,1,42,12,57,5.17,1.28,892
W ,Taijuan Walker P | PHI ,46,24,11,3,0,5,3,0,0,1,32,18,45,5.09,1.37,893
W ,Shinnosuke Ogasawara P | WAS ,40,21,9,3,0,3,4,0,0,1,40,15,39,4.50,1.35,894
W ,Ben Brown P | CHC ,24,13,0,0,0,2,2,0,0,3,29,10,19,3.75,1.21,895
W ,Anthony Veneziano P | MIA,52,56,0,0,0,3,1,1,0,6,61,18,68,3.98,1.65,896
W ,Johan Oviedo P | PIT ,31,16,8,4,0,3,3,0,0,0,27,14,27,4.06,1.32,897
W ,Jose Quijada P | LAA,53,67,0,0,0,2,3,1,0,28,68,45,39,4.08,1.58,898
W ,Ben Casparius P | LAD,23,13,0,0,0,2,1,0,0,4,23,9,19,3.13,1.22,899
W ,Brock Burke P | LAA,53,57,0,0,0,4,1,1,0,7,63,18,61,5.60,1.49,900
W ,Seth Martinez P | MIA ,65,59,0,0,0,3,3,1,0,7,57,27,69,4.29,1.48,901
W ,Reid Detmers P | LAA ,48,25,12,3,0,3,5,0,0,1,59,19,47,5.44,1.38,902
W ,Adrian Houser P | TEX,64,23,12,2,0,4,5,0,0,1,45,23,64,4.78,1.36,903
W ,Angel Zerpa P | KC,54,54,0,0,0,3,1,1,0,11,55,20,63,4.33,1.54,904
W ,Brady Basso P | ATH ,43,21,10,3,0,3,4,0,0,1,43,15,45,4.61,1.40,905
W ,Frankie Montas P | NYM ,37,18,9,3,0,3,3,0,0,1,36,16,34,4.62,1.35,906
W ,Carlos Carrasco P | NYY ,57,24,14,3,0,4,4,0,0,1,45,18,58,5.21,1.33,907
W ,Shane Smith P | CHW ,48,23,11,4,0,3,5,0,0,1,50,19,50,4.69,1.44,908
W ,Jonathan Loaisiga P | NYY ,22,23,0,0,0,1,1,3,1,5,11,3,25,2.05,1.27,909
W ,Bryse Wilson P | CHW,59,23,13,4,0,2,5,0,0,0,52,20,60,4.27,1.36,910
W ,Joe Mantiply P | ARI ,41,59,0,0,0,3,1,1,0,12,45,15,44,5.05,1.44,911
Sweep The Leg Johnny,Jack Leiter P | TEX ,59,21,12,3,0,3,5,0,0,0,53,20,57,5.19,1.31,912
W ,Cade Horton P | CHC ,29,18,5,2,0,2,2,0,0,0,26,10,25,4.04,1.21,913
W ,Angel Chivilli P | COL,71,73,0,0,0,4,4,1,0,19,78,27,82,5.32,1.54,914
W ,Enyel De Los Santos P | ATL ,47,55,0,0,0,2,1,1,0,10,49,19,45,4.79,1.36,915
W ,Sam Bachman P | LAA,41,21,9,3,0,3,4,0,0,1,38,22,42,3.73,1.56,916
W ,Carson Fulmer P | PIT,52,24,12,4,0,2,5,0,0,0,49,24,49,4.15,1.40,917
Droitwich Murdercocks,Victor Vodnik P | COL,75,69,0,0,0,5,2,6,1,8,87,45,91,5.40,1.81,918
W ,Ryan Fernandez P | STL,58,63,0,0,0,1,5,1,0,13,71,32,58,4.04,1.55,919
W ,Graham Ashcraft P | CIN ,47,24,12,4,0,4,4,0,0,1,35,16,50,4.98,1.40,920
W ,Nabil Crismatt P | PHI,23,16,0,0,0,3,2,0,0,2,20,6,24,4.70,1.30,921
W ,Emmet Sheehan P | LAD ,24,12,6,2,0,2,1,0,0,0,24,9,19,4.50,1.17,922
W ,Chris Stratton P | KC,61,60,0,0,0,3,1,1,0,7,56,29,57,5.16,1.41,923
W ,Spencer Bivens P | SF,28,19,0,0,0,1,1,0,0,3,21,6,26,3.21,1.14,924
W ,Nick Mears P | MIL ,51,52,0,0,0,1,3,1,0,13,66,22,48,5.12,1.37,925
W ,Ryan Burr P | TOR ,39,51,0,0,0,0,1,1,0,5,62,16,38,4.62,1.38,926
W ,Louie Varland P | MIN ,51,24,12,3,0,3,5,0,0,0,51,13,54,5.65,1.31,927
W ,Sam Moll P | CIN,31,46,0,0,0,1,1,1,0,9,40,16,28,4.06,1.42,928
W ,Kyle Leahy P | STL ,62,53,0,0,0,2,2,0,0,6,49,18,60,4.94,1.26,929
W ,Erik Sabrowski P | CLE ,16,15,0,0,0,0,0,0,0,2,23,6,11,1.69,1.06,930
W ,Tayler Saucedo P | SEA,36,54,0,0,0,2,1,1,0,7,39,19,37,4.00,1.56,931
W ,Chase Dollander P | COL ,49,24,12,4,0,3,5,0,0,1,56,21,54,4.96,1.53,932
W ,Kendall Graveman P | ARI ,22,24,0,0,0,1,2,2,0,6,23,13,18,3.27,1.41,933
W ,DL Hall P | MIL ,28,13,7,2,0,3,2,0,0,0,29,12,29,4.82,1.46,934
W ,Kyle Bradish P | BAL ,16,8,4,2,0,1,1,0,0,0,17,5,12,2.81,1.06,935
W ,Sam Long P | KC,43,49,0,0,0,2,2,1,0,10,44,22,42,4.39,1.49,936
W ,Garrett Whitlock P | BOS,38,25,0,0,0,1,2,0,0,7,37,10,39,4.03,1.29,937
W ,Caleb Thielbar P | CHC,31,46,0,0,0,2,2,1,0,11,38,14,31,4.94,1.45,938
W ,John Schreiber P | KC,36,43,0,0,0,1,1,1,0,17,38,18,34,3.75,1.44,939
W ,Stephen Kolek P | SD ,44,23,11,4,0,4,3,0,0,0,37,11,55,5.11,1.50,940
W ,George Soriano P | MIA,60,39,0,0,0,2,2,0,0,6,67,27,55,5.40,1.37,941
W ,Matthew Liberatore P | STL,53,26,14,2,0,3,6,0,0,1,50,20,56,5.09,1.43,942
W ,Zack Thompson P | STL ,41,21,8,2,0,3,5,0,0,0,48,15,44,5.71,1.44,943
W ,Tanner Rainey P | PIT,5,5,0,0,0,0,0,7,1,0,4,3,4,3.60,1.40,944
W ,Zack Kelly P | BOS,23,24,0,0,0,2,1,0,0,4,27,13,20,4.30,1.43,945
W ,Fraser Ellard P | CHW,41,57,0,0,0,3,3,0,0,4,66,29,43,5.27,1.76,946
W ,Danny Young P | NYM ,20,25,0,0,0,2,1,0,0,4,30,11,18,4.95,1.45,947
W ,Roansy Contreras P | BAL,51,24,12,3,0,3,4,0,0,0,42,23,49,4.94,1.41,948
W ,Brandon Eisert P | CHW,51,28,0,0,0,2,2,0,0,8,49,22,51,4.59,1.43,949
W ,Jose Ferrer P | WAS,68,90,0,0,0,2,1,1,0,16,61,19,77,4.90,1.41,950
W ,Brent Suter P | CIN,27,22,0,0,0,1,0,0,0,3,22,7,27,3.33,1.26,951
W ,Matt Festa P | TEX,23,21,0,0,0,2,1,0,0,2,25,11,18,5.09,1.26,952
W ,Yariel Rodriguez P | TOR ,34,20,7,1,0,1,3,0,0,0,33,15,28,4.24,1.26,953
W ,Cristian Javier P | HOU ,19,10,5,2,0,2,1,0,0,0,17,8,16,4.26,1.26,954
W ,Ty Madden P | DET ,26,16,4,1,0,2,2,0,0,0,22,10,25,4.15,1.35,955
W ,Justin Lawrence P | PIT,45,46,0,0,0,3,2,4,1,6,43,24,49,5.40,1.62,956
W ,Caleb Ferguson P | PIT,43,56,0,0,0,2,2,1,0,13,59,21,50,4.81,1.65,957
W ,Shawn Dubin P | HOU ,52,39,0,0,0,1,1,1,0,5,54,27,51,4.15,1.50,958
W ,Jimmy Herget P | COL,57,51,0,0,0,1,4,3,1,7,70,17,71,5.05,1.54,959
W ,John King P | STL,53,60,0,0,0,2,1,1,0,13,39,16,66,3.74,1.55,960
W ,Bryce Jarvis P | ARI,57,41,0,0,0,1,2,1,0,6,38,32,51,3.47,1.46,961
W ,Aaron Civale P | MIL,20,4,4,1,0,1,1,0,0,0,19,6,18,3.60,1.20,962
W ,Brennan Bernardino P | BOS,43,62,0,0,0,2,1,1,0,13,59,21,52,4.81,1.70,963
W ,Kyle Nicolas P | PIT,54,54,0,0,0,2,1,1,0,9,58,33,54,4.50,1.61,964
W ,Brendon Little P | TOR,44,54,0,0,0,1,1,1,0,8,38,20,43,4.09,1.43,965
W ,Scott Alexander P | COL,53,72,0,0,0,3,3,1,0,15,53,23,66,4.58,1.68,966
W ,Tyson Miller P | CHC,9,9,0,0,0,1,0,0,0,2,8,2,6,3.00,0.89,967
W ,Jaden Hill P | COL ,72,64,0,0,0,2,1,0,0,10,67,30,70,5.25,1.39,968
W ,Connor Thomas P | MIL,18,18,0,0,0,1,1,0,0,3,17,6,16,4.00,1.22,969
W ,J.P. France P | HOU ,16,8,4,2,0,2,1,0,0,0,12,6,16,4.50,1.38,970
W ,Tim Hill P | NYY,58,67,0,0,0,3,1,1,0,7,30,18,72,4.04,1.55,971
W ,Hogan Harris P | ATH,22,12,0,0,0,2,2,0,0,2,20,11,22,4.50,1.50,972
W ,Sawyer Gipson-Long P | DET ,12,8,2,1,0,1,1,0,0,0,12,4,10,3.75,1.17,973
W ,Jose Suarez P | LAA,57,25,12,2,0,4,4,0,0,0,62,28,61,6.00,1.56,974
W ,Bryan Baker P | BAL,22,25,0,0,0,1,1,0,0,5,25,10,18,4.91,1.27,975
W ,Triston McKenzie P | CLE ,47,24,12,2,0,2,6,0,0,1,44,30,40,4.79,1.49,976
W ,Kyle Wright P | KC ,40,20,10,2,0,2,4,0,0,1,40,17,41,5.17,1.45,977
W ,Declan Cronin P | MIA,69,64,0,0,0,2,3,1,0,9,82,29,81,5.22,1.59,978
W ,Cooper Criswell P | BOS,35,16,4,0,0,1,2,0,0,0,26,11,36,4.11,1.34,979
W ,Ron Marinaccio P | SD,10,9,0,0,0,1,0,0,0,1,11,5,7,3.60,1.20,980
W ,Rafael Montero P | HOU,15,16,0,0,0,1,0,2,0,3,13,7,14,4.80,1.40,981
W ,Scott Blewett P | MIN,8,5,0,0,0,1,1,0,0,1,7,3,7,2.25,1.25,982
W ,Noah Murdock P | ATH ,24,24,0,0,0,1,1,0,0,4,25,9,24,4.50,1.38,983
W ,John Means P | CLE ,8,4,2,1,0,1,1,0,0,0,6,2,6,3.38,1.00,984
W ,JT Chargois P | TEX,9,11,0,0,0,1,0,0,0,1,8,4,7,3.00,1.22,985
W ,Garrett McDaniels P | LAA,23,23,0,0,0,1,1,0,0,4,23,9,23,4.30,1.39,986
W ,Mike Vasil P | TB,11,11,0,0,0,1,0,0,0,2,10,4,9,4.09,1.18,987
W ,Ronny Henriquez P | MIA,24,20,0,0,0,1,0,0,0,3,21,7,28,3.75,1.46,988
W ,Ross Stripling P | KC,58,24,11,2,0,3,6,0,0,0,37,12,67,5.43,1.36,989
W ,Michael Tonkin P | MIN ,11,8,0,0,0,1,0,0,0,1,11,4,10,4.09,1.27,990
W ,Slade Cecconi P | CLE ,38,18,7,1,0,1,3,0,0,0,29,7,38,5.45,1.18,991
W ,Joey Wentz P | PIT,50,24,12,1,0,2,5,0,0,0,53,23,52,5.40,1.50,992
W ,Lake Bachar P | MIA,47,67,0,0,0,1,4,1,0,21,62,22,57,4.79,1.68,993
W ,Sean Reynolds P | SD ,9,8,0,0,0,0,0,0,0,1,12,3,8,2.00,1.22,994
W ,Justin Wilson P | BOS,38,55,0,0,0,1,1,1,0,11,49,11,46,5.68,1.50,995
W ,Scott Effross P | NYY ,18,23,0,0,0,1,0,0,0,3,17,8,17,4.50,1.39,996
W ,Brent Headrick P | NYY,10,6,0,0,0,1,0,0,0,1,13,4,9,5.40,1.30,997
W ,Lyon Richardson P | CIN ,35,21,8,2,0,2,3,0,0,0,34,17,34,5.66,1.46,998
W ,Luis Contreras P | HOU,20,19,0,0,0,1,0,0,0,3,19,7,19,5.40,1.30,999
W ,Lou Trivino P | SF,10,10,0,0,0,0,0,2,0,2,10,4,9,4.50,1.30,1000
W ,Hunter Bigge P | TB ,8,9,0,0,0,0,0,0,0,1,11,2,8,2.25,1.25,1001
W ,Joe Jimenez P | ATL ,7,8,0,0,0,0,0,0,0,3,8,2,5,2.57,1.00,1002
W ,Matt Bowman P | BAL,11,10,0,0,0,1,0,0,0,1,9,5,10,4.91,1.36,1003
W ,Alek Manoah P | TOR ,15,8,4,1,0,1,2,0,0,0,14,8,14,4.80,1.47,1004
W ,Josiah Gray P | WAS ,8,4,2,1,0,1,1,0,0,0,7,4,8,4.50,1.50,1005
W ,Cionel Perez P | BAL,41,59,0,0,0,1,1,1,0,18,40,23,43,4.61,1.61,1006
W ,Janson Junk P | MIA ,49,21,10,3,0,3,4,0,0,0,48,17,60,5.88,1.57,1007
W ,Patrick Sandoval P | BOS ,17,8,4,1,0,1,2,0,0,0,16,8,18,4.76,1.53,1008
W ,Zach Agnos P | COL,10,10,0,0,0,1,0,0,0,2,12,4,12,5.40,1.60,1009
W ,Connor Seabold P | TB,43,21,8,2,0,2,3,0,0,0,30,11,45,6.07,1.30,1010
W ,Brad Lord P | WAS ,11,11,0,0,0,0,0,0,0,2,11,4,10,4.09,1.27,1011
W ,Ken Waldichuk P | ATH ,29,12,6,1,0,1,2,0,0,0,29,14,30,5.28,1.52,1012
W ,Clayton Beeter P | NYY ,9,9,0,0,0,0,0,0,0,1,10,3,9,4.00,1.33,1013
W ,Zach Brzykcy P | WAS ,50,57,0,0,0,2,1,0,0,6,46,18,50,6.48,1.36,1014
W ,Peter Strzelecki P | PIT,9,9,0,0,0,0,1,0,0,3,9,3,9,4.00,1.33,1015
W ,Huascar Brazoban P | NYM,12,10,0,0,0,0,0,0,0,2,14,7,10,4.50,1.42,1016
W ,Robert Stephenson P | LAA ,4,5,0,0,0,0,0,0,0,1,7,2,3,4.50,1.25,1017
W ,Forrest Whitley P | HOU ,8,10,0,0,0,0,0,0,0,1,9,4,8,3.38,1.50,1018
W ,Chris Roycroft P | STL ,23,22,0,0,0,1,1,0,0,2,27,14,25,5.09,1.70,1019
W ,Jackson Rutledge P | WAS,10,6,0,0,0,0,0,0,0,2,10,3,10,4.50,1.30,1020
W ,Elvin Rodriguez P | MIL,5,3,0,0,0,0,0,0,0,1,5,2,4,3.60,1.20,1021
W ,Easton Lucas P | TOR,8,6,0,0,0,1,0,0,0,1,7,4,8,6.75,1.50,1022
W ,Justin Sterner P | ATH,11,6,0,0,0,0,0,0,0,2,12,4,12,4.09,1.45,1023
W ,Dauri Moreta P | PIT ,1,1,0,0,0,0,0,0,0,0,1,0,0,0.00,0.00,1024
W ,Trevor Stephan P | CLE ,6,7,0,0,0,0,0,0,0,3,6,2,5,4.50,1.17,1025
W ,Brusdar Graterol P | LAD ,2,2,0,0,0,0,0,0,0,1,1,1,1,0.00,1.00,1026
W ,Tommy Nance P | TOR,7,7,0,0,0,0,0,0,0,1,6,3,6,3.86,1.29,1027
W ,Chris Devenski P | NYM,9,8,0,0,0,0,0,0,0,1,9,3,8,5.00,1.22,1028
W ,Yerry De Los Santos P | NYY,8,8,0,0,0,0,0,0,0,1,6,5,6,3.38,1.38,1029
W ,Carlos Hernandez P | KC,24,25,0,0,0,0,1,0,0,5,26,13,22,4.88,1.46,1030
W ,Edgardo Henriquez P | LAD ,9,6,0,0,0,0,0,0,0,1,9,4,9,4.00,1.44,1031
W ,Brandon Bielak P | ARI,11,6,0,0,0,1,0,0,0,1,8,5,14,4.91,1.73,1032
W ,Caleb Boushley P | TEX,7,4,0,0,0,0,0,0,0,1,7,3,7,3.86,1.43,1033
W ,Andrew Nardi P | MIA ,4,6,0,0,0,0,0,0,0,2,7,2,4,4.50,1.50,1034
W ,David Buchanan P | TEX,4,2,0,0,0,0,0,0,0,1,3,1,3,4.50,1.00,1035
W ,Bradley Blalock P | COL,39,21,9,2,0,2,4,0,0,1,40,20,45,5.54,1.67,1036
W ,Ryan Johnson P | LAA,10,10,0,0,0,0,0,0,0,2,10,4,10,4.50,1.40,1037
W ,Josh Simpson P | MIA ,10,10,0,0,0,0,0,0,0,2,10,4,10,4.50,1.40,1037
W ,Kyle Hurt P | LAD ,5,3,0,0,0,0,0,0,0,1,5,2,5,3.60,1.40,1039
W ,Michael Kelly P | ATH ,5,5,0,0,0,0,0,0,0,1,5,2,5,3.60,1.40,1039
W ,Eiberson Castellano P | MIN ,8,8,0,0,0,0,0,0,0,2,8,3,8,4.50,1.38,1041
W ,Hunter Stratton P | PIT,3,3,0,0,0,0,0,0,0,0,3,1,3,3.00,1.33,1042
W ,Nathan Lavender P | TB ,3,3,0,0,0,0,0,0,0,1,3,1,3,3.00,1.33,1042
W ,Drew Smith P | NYM ,1,1,0,0,0,0,0,0,0,0,1,0,1,0.00,1.00,1044
W ,Juan Nunez P | SD,6,6,0,0,0,0,0,0,0,1,6,2,6,4.50,1.33,1045
W ,Chris Murphy P | BOS ,6,3,0,0,0,0,0,0,0,1,6,2,6,4.50,1.33,1045
W ,Diego Castillo P | COL,31,26,0,0,0,1,0,3,1,3,24,29,29,4.36,1.87,1047
By Any Skenes,Walker Buehler P | BOS,124,26,26,4,0,3,10,0,0,0,106,44,144,5.37,1.52,1048
W ,Robert Gasser P | MIL ,3,2,0,0,0,0,0,0,0,0,2,1,3,3.00,1.33,1049
W ,Gus Varland P | CHW,64,66,0,0,0,3,2,1,0,6,77,33,89,5.06,1.91,1050
W ,Steven Okert P | HOU,6,7,0,0,0,0,0,0,0,1,7,3,6,4.50,1.50,1051
W ,Josh Sborz P | TEX ,2,2,0,0,0,0,0,0,0,1,3,1,2,4.50,1.50,1052
W ,Angel Bastardo P | TOR ,0,0,0,0,0,0,0,0,0,0,0,0,0,0.00,0.00,1053
W ,Carlos Vargas P | SEA,6,7,0,0,0,0,0,0,0,1,6,3,6,4.50,1.50,1054
W ,Eric Orze P | TB ,8,13,0,0,0,0,0,0,0,1,7,3,7,5.62,1.25,1055
W ,Luis Medina P | ATH ,4,2,1,0,0,0,0,0,0,0,4,2,4,4.50,1.50,1056
W ,Jacob Barnes P | TOR,4,5,0,0,0,0,0,0,0,0,4,1,5,4.50,1.50,1056
W ,Richard Lovelady P | TOR ,4,5,0,0,0,0,0,0,0,1,4,2,4,4.50,1.50,1056
W ,Gabe Speier P | SEA,6,10,0,0,0,0,0,0,0,2,9,3,6,6.00,1.50,1059
W ,Zach Pop P | TOR ,6,9,0,0,0,0,0,0,0,2,5,2,5,6.00,1.17,1060
W ,Jesse Scholtens P | CHW ,28,12,6,2,0,1,3,0,0,0,21,10,33,5.14,1.54,1061
W ,Ian Gibaut P | CIN,8,9,0,0,0,0,0,0,0,3,8,4,9,4.50,1.62,1062
W ,Rob Zastryzny P | NYY,3,5,0,0,0,0,0,0,0,0,3,2,4,3.00,2.00,1063
W ,T.J. McFarland P | ATH,35,68,0,0,0,1,3,1,0,16,36,14,45,5.40,1.69,1064
W ,Yerry Rodriguez P | PIT ,3,2,0,0,0,0,0,0,0,0,2,1,3,6.00,1.33,1065
W ,Mason Thompson P | WAS ,5,5,0,0,0,0,0,0,0,1,5,2,6,5.40,1.60,1066
W ,Eduardo Salazar P | WAS,25,23,0,0,0,1,2,0,0,3,24,13,34,4.32,1.88,1067
W ,Genesis Cabrera P | NYM,5,7,0,0,0,0,0,0,0,1,6,3,6,5.40,1.80,1068
W ,Tyler Matzek P | NYY ,5,7,0,0,0,0,0,0,0,1,5,1,6,7.20,1.40,1069
W ,Dan Altavilla P | CHW,23,38,0,0,0,1,1,0,0,3,30,11,24,7.43,1.52,1070
W ,Orlando Ribalta P | WAS,6,10,0,0,0,0,0,0,0,1,6,2,8,6.00,1.67,1071
W ,Zach Penrod P | BOS ,8,8,0,0,0,0,0,0,0,3,9,7,9,4.50,2.00,1072
W ,Casey Legumina P | SEA,9,8,0,0,0,0,0,0,0,1,7,3,11,6.00,1.56,1073
W ,John Curtiss P | ARI,48,42,0,0,0,1,1,1,0,5,38,15,53,6.19,1.42,1074
W ,Tyler Gilbert P | CHW,29,21,0,0,0,0,4,0,0,3,26,9,39,4.66,1.66,1075
W ,Tim Mayza P | PIT,14,23,0,0,0,0,1,0,0,5,14,6,19,5.14,1.79,1076
W ,Jordan Leasure P | CHW,50,55,0,0,0,1,1,0,0,18,48,28,50,6.12,1.56,1077
W ,Jacob Bird P | COL,63,58,0,0,0,2,3,0,0,10,67,35,82,5.43,1.86,1078
W ,David Festa P | MIN ,0,0,0,0,0,0,0,0,0,0,0,0,0,0.00,0.00,9999
W ,Adam Stone P | NYY,0,0,0,0,0,0,0,0,0,0,0,0,0,0.00,0.00,9999
W ,Blair Calvo P | DET ,0,0,0,0,0,0,0,0,0,0,0,0,0,0.00,0.00,9999
W ,Adam Scott P | CLE,0,0,0,0,0,0,0,0,0,0,0,0,0,0.00,0.00,9999
W ,Jack Snyder P | TB,0,0,0,0,0,0,0,0,0,0,0,0,0,0.00,0.00,9999
permanent recess,Camilo Doval P | SF,0,0,0,0,0,0,0,0,0,0,0,0,0,0.00,0.00,9999
W ,Jesus Pirela P | TEX,0,0,0,0,0,0,0,0,0,0,0,0,0,0.00,0.00,9999
W ,Sean Mullen P | TB,0,0,0,0,0,0,0,0,0,0,0,0,0,0.00,0.00,9999
W ,Daniel Eagen P | ARI,0,0,0,0,0,0,0,0,0,0,0,0,0,0.00,0.00,9999
W ,Robinson Martinez P | BAL,0,0,0,0,0,0,0,0,0,0,0,0,0,0.00,0.00,9999
W ,Michael Nix P | ATL,0,0,0,0,0,0,0,0,0,0,0,0,0,0.00,0.00,9999
W ,Alejandro Lugo P | SD,0,0,0,0,0,0,0,0,0,0,0,0,0,0.00,0.00,9999
W ,Argenis Blanco P | ATH,0,0,0,0,0,0,0,0,0,0,0,0,0,0.00,0.00,9999
W ,Rafael Kelly P | ATH,0,0,0,0,0,0,0,0,0,0,0,0,0,0.00,0.00,9999
W ,Logan Gragg P | STL,0,0,0,0,0,0,0,0,0,0,0,0,0,0.00,0.00,9999
W ,Dylan Bundy P | NYM,0,0,0,0,0,0,0,0,0,0,0,0,0,0.00,0.00,9999
W ,Jose Albertos P | CHC,0,0,0,0,0,0,0,0,0,0,0,0,0,0.00,0.00,9999
W ,Jordy Vargas P | COL,0,0,0,0,0,0,0,0,0,0,0,0,0,0.00,0.00,9999
W ,Yaramil Hiraldo P | BAL,0,0,0,0,0,0,0,0,0,0,0,0,0,0.00,0.00,9999
W ,Robert Wegielnik P | CLE,0,0,0,0,0,0,0,0,0,0,0,0,0,0.00,0.00,9999
W ,Dan Hammer P | TB,0,0,0,0,0,0,0,0,0,0,0,0,0,0.00,0.00,9999
W ,Jon Harris P | TOR,0,0,0,0,0,0,0,0,0,0,0,0,0,0.00,0.00,9999
W ,Manuel Cachutt P | CIN,0,0,0,0,0,0,0,0,0,0,0,0,0,0.00,0.00,9999
W ,Joseph Yabbour P | CHW,0,0,0,0,0,0,0,0,0,0,0,0,0,0.00,0.00,9999
W ,Eddy Demurias P | CIN,0,0,0,0,0,0,0,0,0,0,0,0,0,0.00,0.00,9999
W ,Jonah Wesely P | LAA,0,0,0,0,0,0,0,0,0,0,0,0,0,0.00,0.00,9999
W ,Ty Johnson P | TB,0,0,0,0,0,0,0,0,0,0,0,0,0,0.00,0.00,9999
W ,Jack Little P | LAD,0,0,0,0,0,0,0,0,0,0,0,0,0,0.00,0.00,9999
W ,Hunter Breault P | ATH,0,0,0,0,0,0,0,0,0,0,0,0,0,0.00,0.00,9999
W ,Jeff Kinley P | MIA,0,0,0,0,0,0,0,0,0,0,0,0,0,0.00,0.00,9999
W ,Austin Ross P | CIN,0,0,0,0,0,0,0,0,0,0,0,0,0,0.00,0.00,9999
W ,Alonzo Richardson P | CLE,0,0,0,0,0,0,0,0,0,0,0,0,0,0.00,0.00,9999
W ,Oddanier Mosqueda P | STL,0,0,0,0,0,0,0,0,0,0,0,0,0,0.00,0.00,9999
W ,Kelvin Caceres P | LAA,0,0,0,0,0,0,0,0,0,0,0,0,0,0.00,0.00,9999
W ,Alex Santos P | HOU,0,0,0,0,0,0,0,0,0,0,0,0,0,0.00,0.00,9999
W ,Trent Baker P | STL,0,0,0,0,0,0,0,0,0,0,0,0,0,0.00,0.00,9999
W ,Corey Littrell P | STL,0,0,0,0,0,0,0,0,0,0,0,0,0,0.00,0.00,9999
W ,Nick Hernandez P | HOU ,0,0,0,0,0,0,0,0,0,0,0,0,0,0.00,0.00,9999
W ,Tyler Thornton P | CLE,0,0,0,0,0,0,0,0,0,0,0,0,0,0.00,0.00,9999
W ,Jorge Reyes P | SD,0,0,0,0,0,0,0,0,0,0,0,0,0,0.00,0.00,9999
W ,Eric Pardinho P | TOR,0,0,0,0,0,0,0,0,0,0,0,0,0,0.00,0.00,9999
W ,James Kaprielian P | TOR,0,0,0,0,0,0,0,0,0,0,0,0,0,0.00,0.00,9999
W ,Pedro Rodriguez P | SF,0,0,0,0,0,0,0,0,0,0,0,0,0,0.00,0.00,9999
W ,Javier Atencio P | NYM,0,0,0,0,0,0,0,0,0,0,0,0,0,0.00,0.00,9999
W ,Francisco Jimenez P | BAL,0,0,0,0,0,0,0,0,0,0,0,0,0,0.00,0.00,9999
W ,Nick Raquet P | WAS,0,0,0,0,0,0,0,0,0,0,0,0,0,0.00,0.00,9999
W ,James Buckelew P | MIA,0,0,0,0,0,0,0,0,0,0,0,0,0,0.00,0.00,9999
W ,Colin Kleven P | CHW,0,0,0,0,0,0,0,0,0,0,0,0,0,0.00,0.00,9999
W ,Barrett Loseke P | NYY,0,0,0,0,0,0,0,0,0,0,0,0,0,0.00,0.00,9999
W ,Johan Yan P | TEX,0,0,0,0,0,0,0,0,0,0,0,0,0,0.00,0.00,9999
W ,Brandon Komar P | CIN,0,0,0,0,0,0,0,0,0,0,0,0,0,0.00,0.00,9999
W ,Jacob Waguespack P | TB ,0,0,0,0,0,0,0,0,0,0,0,0,0,0.00,0.00,9999
W ,Jake Sanchez P | SD,0,0,0,0,0,0,0,0,0,0,0,0,0,0.00,0.00,9999
W ,Ryan Williams P | CHC,0,0,0,0,0,0,0,0,0,0,0,0,0,0.00,0.00,9999
W ,Michael Prosecky P | COL,0,0,0,0,0,0,0,0,0,0,0,0,0,0.00,0.00,9999
W ,JR Ritchie P | ATL,0,0,0,0,0,0,0,0,0,0,0,0,0,0.00,0.00,9999
W ,Andrew Gross P | TB,0,0,0,0,0,0,0,0,0,0,0,0,0,0.00,0.00,9999
W ,Jacob Latz P | TEX,0,0,0,0,0,0,0,0,0,0,0,0,0,0.00,0.00,9999
W ,Giovanny Gallegos P | LAD,0,0,0,0,0,0,0,0,0,0,0,0,0,0.00,0.00,9999
W ,Alex Pham P | BAL,0,0,0,0,0,0,0,0,0,0,0,0,0,0.00,0.00,9999
W ,Luis Gonzalez P | MIL,0,0,0,0,0,0,0,0,0,0,0,0,0,0.00,0.00,9999
W ,Zach Davies P | WAS,0,0,0,0,0,0,0,0,0,0,0,0,0,0.00,0.00,9999
W ,Khal Stephen P | TOR,0,0,0,0,0,0,0,0,0,0,0,0,0,0.00,0.00,9999
W ,Jon Perrin P | MIL,0,0,0,0,0,0,0,0,0,0,0,0,0,0.00,0.00,9999
W ,Hector Perez P | TB,0,0,0,0,0,0,0,0,0,0,0,0,0,0.00,0.00,9999
W ,Raul Alcantara P | BAL,0,0,0,0,0,0,0,0,0,0,0,0,0,0.00,0.00,9999
W ,Shelby Miller P | ARI,0,0,0,0,0,0,0,0,0,0,0,0,0,0.00,0.00,9999
W ,Jay Driver P | CLE,0,0,0,0,0,0,0,0,0,0,0,0,0,0.00,0.00,9999
W ,Brody McCullough P | CHC ,0,0,0,0,0,0,0,0,0,0,0,0,0,0.00,0.00,9999
W ,Sterling Sharp P | BOS,0,0,0,0,0,0,0,0,0,0,0,0,0,0.00,0.00,9999
W ,Ivan Maldonado P | NYM,0,0,0,0,0,0,0,0,0,0,0,0,0,0.00,0.00,9999
W ,Kyle Backhus P | ARI,0,0,0,0,0,0,0,0,0,0,0,0,0,0.00,0.00,9999
W ,Joan Baez P | WAS,0,0,0,0,0,0,0,0,0,0,0,0,0,0.00,0.00,9999
W ,Koyo Aoyagi P | PHI,0,0,0,0,0,0,0,0,0,0,0,0,0,0.00,0.00,9999
W ,Dylan Coleman P | BAL,0,0,0,0,0,0,0,0,0,0,0,0,0,0.00,0.00,9999
W ,Robert Kwiatkowski P | CHC,0,0,0,0,0,0,0,0,0,0,0,0,0,0.00,0.00,9999
W ,Ricardo Yan P | ARI ,0,0,0,0,0,0,0,0,0,0,0,0,0,0.00,0.00,9999
W ,Freddy Pacheco P | DET ,0,0,0,0,0,0,0,0,0,0,0,0,0,0.00,0.00,9999
W ,Jeffeson Medina P | TEX,0,0,0,0,0,0,0,0,0,0,0,0,0,0.00,0.00,9999
W ,Jean-Carlos Mejia P | MIL,0,0,0,0,0,0,0,0,0,0,0,0,0,0.00,0.00,9999
W ,Angel Cuenca P | STL,0,0,0,0,0,0,0,0,0,0,0,0,0,0.00,0.00,9999
W ,Eduardo Vera P | WAS,0,0,0,0,0,0,0,0,0,0,0,0,0,0.00,0.00,9999
W ,Julio Robaina P | HOU,0,0,0,0,0,0,0,0,0,0,0,0,0,0.00,0.00,9999
W ,Chavez Fernander P | DET,0,0,0,0,0,0,0,0,0,0,0,0,0,0.00,0.00,9999
W ,Wil Browning P | TOR,0,0,0,0,0,0,0,0,0,0,0,0,0,0.00,0.00,9999
W ,Michael Cuevas P | WAS,0,0,0,0,0,0,0,0,0,0,0,0,0,0.00,0.00,9999
W ,Jake Paulson P | CLE,0,0,0,0,0,0,0,0,0,0,0,0,0,0.00,0.00,9999
W ,Bryan Dobzanski P | STL,0,0,0,0,0,0,0,0,0,0,0,0,0,0.00,0.00,9999
W ,Burch Smith P | PIT,0,0,0,0,0,0,0,0,0,0,0,0,0,0.00,0.00,9999
W ,Aldo Ramirez P | WAS,0,0,0,0,0,0,0,0,0,0,0,0,0,0.00,0.00,9999
W ,Kevin McAvoy P | BOS,0,0,0,0,0,0,0,0,0,0,0,0,0,0.00,0.00,9999
W ,Daniel Gonzalez P | BOS,0,0,0,0,0,0,0,0,0,0,0,0,0,0.00,0.00,9999
W ,Mark Sappington P | TB,0,0,0,0,0,0,0,0,0,0,0,0,0,0.00,0.00,9999
W ,Jake Bloss P | TOR ,0,0,0,0,0,0,0,0,0,0,0,0,0,0.00,0.00,9999
W ,Devin Conn P | HOU,0,0,0,0,0,0,0,0,0,0,0,0,0,0.00,0.00,9999
W ,Harrison Kreiling P | SEA,0,0,0,0,0,0,0,0,0,0,0,0,0,0.00,0.00,9999
W ,Sean Gleason P | BAL,0,0,0,0,0,0,0,0,0,0,0,0,0,0.00,0.00,9999
W ,Matt Anderson P | SEA,0,0,0,0,0,0,0,0,0,0,0,0,0,0.00,0.00,9999
W ,Joe Record P | TB,0,0,0,0,0,0,0,0,0,0,0,0,0,0.00,0.00,9999
W ,Jacob Condra-Bogan P | WAS,0,0,0,0,0,0,0,0,0,0,0,0,0,0.00,0.00,9999
W ,Dax Fulton P | MIA,0,0,0,0,0,0,0,0,0,0,0,0,0,0.00,0.00,9999
W ,Austin Schulfer P | PHI,0,0,0,0,0,0,0,0,0,0,0,0,0,0.00,0.00,9999
W ,Conor Fisk P | TOR,0,0,0,0,0,0,0,0,0,0,0,0,0,0.00,0.00,9999
W ,Josh Ekness P | MIA,0,0,0,0,0,0,0,0,0,0,0,0,0,0.00,0.00,9999
W ,Grant Black P | STL,0,0,0,0,0,0,0,0,0,0,0,0,0,0.00,0.00,9999
W ,Trey Wingenter P | CHC,0,0,0,0,0,0,0,0,0,0,0,0,0,0.00,0.00,9999
W ,Max Rajcic P | STL,0,0,0,0,0,0,0,0,0,0,0,0,0,0.00,0.00,9999
W ,Cameron Junker P | PIT,0,0,0,0,0,0,0,0,0,0,0,0,0,0.00,0.00,9999
W ,Connor Brogdon P | LAA,0,0,0,0,0,0,0,0,0,0,0,0,0,0.00,0.00,9999
W ,Zack Showalter P | STL,0,0,0,0,0,0,0,0,0,0,0,0,0,0.00,0.00,9999
W ,Alex Winkelman P | HOU,0,0,0,0,0,0,0,0,0,0,0,0,0,0.00,0.00,9999
W ,Geoff Hartlieb P | NYY,0,0,0,0,0,0,0,0,0,0,0,0,0,0.00,0.00,9999
W ,Jack Hostetler P | MIL,0,0,0,0,0,0,0,0,0,0,0,0,0,0.00,0.00,9999
W ,Luis Heredia P | PIT,0,0,0,0,0,0,0,0,0,0,0,0,0,0.00,0.00,9999
W ,Rhett Kouba P | HOU,0,0,0,0,0,0,0,0,0,0,0,0,0,0.00,0.00,9999
W ,Chandler Welch P | MIL,0,0,0,0,0,0,0,0,0,0,0,0,0,0.00,0.00,9999
W ,Brad Case P | PIT,0,0,0,0,0,0,0,0,0,0,0,0,0,0.00,0.00,9999
W ,Andrew Mitchell P | TEX,0,0,0,0,0,0,0,0,0,0,0,0,0,0.00,0.00,9999
W ,Gabe Bierman P | MIA,0,0,0,0,0,0,0,0,0,0,0,0,0,0.00,0.00,9999
W ,Rob Kaminsky P | STL,0,0,0,0,0,0,0,0,0,0,0,0,0,0.00,0.00,9999
W ,Troy Watson P | DET,0,0,0,0,0,0,0,0,0,0,0,0,0,0.00,0.00,9999
W ,Marco Duarte P | BOS,0,0,0,0,0,0,0,0,0,0,0,0,0,0.00,0.00,9999
W ,Logan Evans P | SEA,0,0,0,0,0,0,0,0,0,0,0,0,0,0.00,0.00,9999
W ,Joe Cavallaro P | NYM,0,0,0,0,0,0,0,0,0,0,0,0,0,0.00,0.00,9999
W ,Brett Hanewich P | LAA,0,0,0,0,0,0,0,0,0,0,0,0,0,0.00,0.00,9999
W ,Chris Cortez P | LAA,0,0,0,0,0,0,0,0,0,0,0,0,0,0.00,0.00,9999
W ,Daniel McGrath P | BOS,0,0,0,0,0,0,0,0,0,0,0,0,0,0.00,0.00,9999
W ,Anthony Molina P | COL,0,0,0,0,0,0,0,0,0,0,0,0,0,0.00,0.00,9999
W ,Matt Ball P | CIN,0,0,0,0,0,0,0,0,0,0,0,0,0,0.00,0.00,9999
W ,Frank Lopez P | TEX,0,0,0,0,0,0,0,0,0,0,0,0,0,0.00,0.00,9999
W ,Miguel Nunez P | PHI,0,0,0,0,0,0,0,0,0,0,0,0,0,0.00,0.00,9999
W ,Christopher Troye P | BOS,0,0,0,0,0,0,0,0,0,0,0,0,0,0.00,0.00,9999
W ,Austin Franklin P | TB,0,0,0,0,0,0,0,0,0,0,0,0,0,0.00,0.00,9999
W ,Daniel Gibson P | ARI,0,0,0,0,0,0,0,0,0,0,0,0,0,0.00,0.00,9999
W ,Nick Avila P | BAL,0,0,0,0,0,0,0,0,0,0,0,0,0,0.00,0.00,9999
W ,Brock Selvidge P | NYY ,0,0,0,0,0,0,0,0,0,0,0,0,0,0.00,0.00,9999
W ,Zane Russell P | ARI,0,0,0,0,0,0,0,0,0,0,0,0,0,0.00,0.00,9999
W ,Wei-Chieh Huang P | PIT,0,0,0,0,0,0,0,0,0,0,0,0,0,0.00,0.00,9999
W ,Christian Chamberlain P | KC ,0,0,0,0,0,0,0,0,0,0,0,0,0,0.00,0.00,9999
W ,Wilkin Ramos P | PIT,0,0,0,0,0,0,0,0,0,0,0,0,0,0.00,0.00,9999
W ,Kyle Johnston P | TOR,0,0,0,0,0,0,0,0,0,0,0,0,0,0.00,0.00,9999
W ,Noah Schultz P | CHW,0,0,0,0,0,0,0,0,0,0,0,0,0,0.00,0.00,9999
W ,D.J. Baxendale P | MIN,0,0,0,0,0,0,0,0,0,0,0,0,0,0.00,0.00,9999
W ,Alexander Cornielle P | MIL,0,0,0,0,0,0,0,0,0,0,0,0,0,0.00,0.00,9999
W ,Chris Clark P | LAA,0,0,0,0,0,0,0,0,0,0,0,0,0,0.00,0.00,9999
W ,Hyun-il Choi P | LAD,0,0,0,0,0,0,0,0,0,0,0,0,0,0.00,0.00,9999
W ,Mitchell Stumpo P | ARI,0,0,0,0,0,0,0,0,0,0,0,0,0,0.00,0.00,9999
W ,Enrique Segura P | PHI,0,0,0,0,0,0,0,0,0,0,0,0,0,0.00,0.00,9999
W ,Thad Ward P | BAL,0,0,0,0,0,0,0,0,0,0,0,0,0,0.00,0.00,9999
W ,Listher Sosa P | ARI,0,0,0,0,0,0,0,0,0,0,0,0,0,0.00,0.00,9999
W ,Evan Sisk P | KC ,0,0,0,0,0,0,0,0,0,0,0,0,0,0.00,0.00,9999
W ,Humberto Castellanos P | ARI,0,0,0,0,0,0,0,0,0,0,0,0,0,0.00,0.00,9999
W ,Chase Petty P | CIN,0,0,0,0,0,0,0,0,0,0,0,0,0,0.00,0.00,9999
W ,Edwin Nunez P | STL,0,0,0,0,0,0,0,0,0,0,0,0,0,0.00,0.00,9999
W ,Bailey Dees P | NYY,0,0,0,0,0,0,0,0,0,0,0,0,0,0.00,0.00,9999
W ,Brandon Hughes P | CHC,0,0,0,0,0,0,0,0,0,0,0,0,0,0.00,0.00,9999
W ,Ofelky Peralta P | BAL,0,0,0,0,0,0,0,0,0,0,0,0,0,0.00,0.00,9999
W ,Ricky Tiedemann P | TOR ,0,0,0,0,0,0,0,0,0,0,0,0,0,0.00,0.00,9999
W ,Matthias Dietz P | BAL,0,0,0,0,0,0,0,0,0,0,0,0,0,0.00,0.00,9999
W ,Jacob Brentz P | TB ,0,0,0,0,0,0,0,0,0,0,0,0,0,0.00,0.00,9999
W ,Alec Kenilvort P | MIL,0,0,0,0,0,0,0,0,0,0,0,0,0,0.00,0.00,9999
W ,Mason Denaburg P | WAS,0,0,0,0,0,0,0,0,0,0,0,0,0,0.00,0.00,9999
W ,Dylan Dodd P | ATL,0,0,0,0,0,0,0,0,0,0,0,0,0,0.00,0.00,9999
W ,Preston Johnson P | BAL,0,0,0,0,0,0,0,0,0,0,0,0,0,0.00,0.00,9999
W ,Jake Thompson P | BOS,0,0,0,0,0,0,0,0,0,0,0,0,0,0.00,0.00,9999
W ,Gonzalo Sanudo P | HOU,0,0,0,0,0,0,0,0,0,0,0,0,0,0.00,0.00,9999
W ,Jackson Kowar P | SEA ,0,0,0,0,0,0,0,0,0,0,0,0,0,0.00,0.00,9999
W ,Coleman Crow P | MIL ,0,0,0,0,0,0,0,0,0,0,0,0,0,0.00,0.00,9999
W ,Vicarte Domingo P | SD,0,0,0,0,0,0,0,0,0,0,0,0,0,0.00,0.00,9999
W ,Jose Rodriguez P | LAD,0,0,0,0,0,0,0,0,0,0,0,0,0,0.00,0.00,9999
W ,Matt Tomshaw P | CHW,0,0,0,0,0,0,0,0,0,0,0,0,0,0.00,0.00,9999
W ,Sean Linan P | LAD,0,0,0,0,0,0,0,0,0,0,0,0,0,0.00,0.00,9999
W ,Ike Buxton P | MIA,0,0,0,0,0,0,0,0,0,0,0,0,0,0.00,0.00,9999
W ,Blake Rogers P | ARI,0,0,0,0,0,0,0,0,0,0,0,0,0,0.00,0.00,9999
W ,Derek Clark P | LAA,0,0,0,0,0,0,0,0,0,0,0,0,0,0.00,0.00,9999
W ,Julio Eusebio P | PIT,0,0,0,0,0,0,0,0,0,0,0,0,0,0.00,0.00,9999
W ,Alec Baker P | ARI,0,0,0,0,0,0,0,0,0,0,0,0,0,0.00,0.00,9999
W ,Tyler Waldron P | STL,0,0,0,0,0,0,0,0,0,0,0,0,0,0.00,0.00,9999
W ,Kyle Luckham P | WAS,0,0,0,0,0,0,0,0,0,0,0,0,0,0.00,0.00,9999
W ,Zach Neal P | ATH,0,0,0,0,0,0,0,0,0,0,0,0,0,0.00,0.00,9999
W ,Austin Davis P | SD,0,0,0,0,0,0,0,0,0,0,0,0,0,0.00,0.00,9999
W ,Anthony McIver P | MIN,0,0,0,0,0,0,0,0,0,0,0,0,0,0.00,0.00,9999
W ,Craig Brooks P | CHC,0,0,0,0,0,0,0,0,0,0,0,0,0,0.00,0.00,9999
W ,David Berg P | CHC,0,0,0,0,0,0,0,0,0,0,0,0,0,0.00,0.00,9999
W ,Jacob Watters P | ATH,0,0,0,0,0,0,0,0,0,0,0,0,0,0.00,0.00,9999
W ,Andrew Church P | NYM,0,0,0,0,0,0,0,0,0,0,0,0,0,0.00,0.00,9999
W ,Pedro Fernandez P | MIL,0,0,0,0,0,0,0,0,0,0,0,0,0,0.00,0.00,9999
W ,Max Bain P | CHC,0,0,0,0,0,0,0,0,0,0,0,0,0,0.00,0.00,9999
W ,Tommy Parsons P | STL,0,0,0,0,0,0,0,0,0,0,0,0,0,0.00,0.00,9999
W ,Yordy Cabrera P | LAD,0,0,0,0,0,0,0,0,0,0,0,0,0,0.00,0.00,9999
W ,Brendan Beck P | NYY ,0,0,0,0,0,0,0,0,0,0,0,0,0,0.00,0.00,9999
W ,Hector Mendoza P | STL,0,0,0,0,0,0,0,0,0,0,0,0,0,0.00,0.00,9999
W ,Zac Ryan P | LAA,0,0,0,0,0,0,0,0,0,0,0,0,0,0.00,0.00,9999
W ,Nick Ernst P | NYY,0,0,0,0,0,0,0,0,0,0,0,0,0,0.00,0.00,9999
W ,Magnus Ellerts P | CLE,0,0,0,0,0,0,0,0,0,0,0,0,0,0.00,0.00,9999
W ,David Gerber P | SEA,0,0,0,0,0,0,0,0,0,0,0,0,0,0.00,0.00,9999
W ,Erik Rivera P | LAA,0,0,0,0,0,0,0,0,0,0,0,0,0,0.00,0.00,9999
W ,Jimmy Endersby P | HOU,0,0,0,0,0,0,0,0,0,0,0,0,0,0.00,0.00,9999
W ,Jesse Bergin P | MIA,0,0,0,0,0,0,0,0,0,0,0,0,0,0.00,0.00,9999
W ,Bailey Horn P | STL ,0,0,0,0,0,0,0,0,0,0,0,0,0,0.00,0.00,9999
W ,Connor Walsh P | CHW,0,0,0,0,0,0,0,0,0,0,0,0,0,0.00,0.00,9999
W ,Garrett Ramsey P | BOS,0,0,0,0,0,0,0,0,0,0,0,0,0,0.00,0.00,9999
W ,Matt Mullenbach P | MIN,0,0,0,0,0,0,0,0,0,0,0,0,0,0.00,0.00,9999
W ,Will Mabrey P | ARI,0,0,0,0,0,0,0,0,0,0,0,0,0,0.00,0.00,9999
W ,Mack Lemieux P | ARI,0,0,0,0,0,0,0,0,0,0,0,0,0,0.00,0.00,9999
W ,Frankie Mozzicato P | KC,0,0,0,0,0,0,0,0,0,0,0,0,0,0.00,0.00,9999
W ,Johnathan Lavallee P | TOR,0,0,0,0,0,0,0,0,0,0,0,0,0,0.00,0.00,9999
W ,Rafael Cova P | SF,0,0,0,0,0,0,0,0,0,0,0,0,0,0.00,0.00,9999
W ,Noah Song P | BOS ,0,0,0,0,0,0,0,0,0,0,0,0,0,0.00,0.00,9999
W ,Levi Sterling P | PIT,0,0,0,0,0,0,0,0,0,0,0,0,0,0.00,0.00,9999
W ,Zach Nuding P | NYY,0,0,0,0,0,0,0,0,0,0,0,0,0,0.00,0.00,9999
W ,Danis Correa P | ATH,0,0,0,0,0,0,0,0,0,0,0,0,0,0.00,0.00,9999
W ,Randy Wynne P | CIN,0,0,0,0,0,0,0,0,0,0,0,0,0,0.00,0.00,9999
W ,Ian Kahaloa P | CIN,0,0,0,0,0,0,0,0,0,0,0,0,0,0.00,0.00,9999
W ,Wendolyn Bautista P | SF,0,0,0,0,0,0,0,0,0,0,0,0,0,0.00,0.00,9999
W ,Estarlin Arias P | STL,0,0,0,0,0,0,0,0,0,0,0,0,0,0.00,0.00,9999
W ,Tyson Hardin P | MIL,0,0,0,0,0,0,0,0,0,0,0,0,0,0.00,0.00,9999
W ,Will Sanders P | CHC,0,0,0,0,0,0,0,0,0,0,0,0,0,0.00,0.00,9999
W ,Zach Petrick P | STL,0,0,0,0,0,0,0,0,0,0,0,0,0,0.00,0.00,9999
W ,Danny Duffy P | TEX,0,0,0,0,0,0,0,0,0,0,0,0,0,0.00,0.00,9999
W ,Nicolas Cruz P | LAD,0,0,0,0,0,0,0,0,0,0,0,0,0,0.00,0.00,9999
W ,Sean Isaac P | LAA,0,0,0,0,0,0,0,0,0,0,0,0,0,0.00,0.00,9999
W ,Reagan Todd P | COL,0,0,0,0,0,0,0,0,0,0,0,0,0,0.00,0.00,9999
W ,David Hurlbut P | TEX,0,0,0,0,0,0,0,0,0,0,0,0,0,0.00,0.00,9999
W ,Geoffrey Gilbert P | NYY,0,0,0,0,0,0,0,0,0,0,0,0,0,0.00,0.00,9999
W ,Angel German P | PIT,0,0,0,0,0,0,0,0,0,0,0,0,0,0.00,0.00,9999
W ,Nolan Kingham P | ATL,0,0,0,0,0,0,0,0,0,0,0,0,0,0.00,0.00,9999
W ,Joe Whitman P | SF,0,0,0,0,0,0,0,0,0,0,0,0,0,0.00,0.00,9999
W ,Ryan Bergert P | SD,0,0,0,0,0,0,0,0,0,0,0,0,0,0.00,0.00,9999
W ,Dillon Tate P | TOR ,0,0,0,0,0,0,0,0,0,0,0,0,0,0.00,0.00,9999
W ,Erik Swanson P | TOR ,0,0,0,0,0,0,0,0,0,0,0,0,0,0.00,0.00,9999
W ,Ben Hecht P | CHC,0,0,0,0,0,0,0,0,0,0,0,0,0,0.00,0.00,9999
W ,Michael Horrell P | HOU,0,0,0,0,0,0,0,0,0,0,0,0,0,0.00,0.00,9999
W ,Zach King P | MIA,0,0,0,0,0,0,0,0,0,0,0,0,0,0.00,0.00,9999
W ,Jordan Minch P | CHC,0,0,0,0,0,0,0,0,0,0,0,0,0,0.00,0.00,9999
W ,Casey Anderson P | ARI,0,0,0,0,0,0,0,0,0,0,0,0,0,0.00,0.00,9999
W ,Christian Binford P | KC,0,0,0,0,0,0,0,0,0,0,0,0,0,0.00,0.00,9999
W ,Trevor Bettencourt P | LAD,0,0,0,0,0,0,0,0,0,0,0,0,0,0.00,0.00,9999
W ,Marlon Arias P | ARI,0,0,0,0,0,0,0,0,0,0,0,0,0,0.00,0.00,9999
W ,Robert Broom P | CLE,0,0,0,0,0,0,0,0,0,0,0,0,0,0.00,0.00,9999
W ,Shane McCarthy P | CLE,0,0,0,0,0,0,0,0,0,0,0,0,0,0.00,0.00,9999
W ,Johnny Ray P | CHW,0,0,0,0,0,0,0,0,0,0,0,0,0,0.00,0.00,9999
W ,Bryan Brickhouse P | SF,0,0,0,0,0,0,0,0,0,0,0,0,0,0.00,0.00,9999
W ,Noah Cameron P | KC,0,0,0,0,0,0,0,0,0,0,0,0,0,0.00,0.00,9999
W ,Carlos Alvarado P | SF,0,0,0,0,0,0,0,0,0,0,0,0,0,0.00,0.00,9999
W ,Max Lazar P | PHI,0,0,0,0,0,0,0,0,0,0,0,0,0,0.00,0.00,9999
W ,Henry Lalane P | NYY,0,0,0,0,0,0,0,0,0,0,0,0,0,0.00,0.00,9999
W ,Owen Kellington P | PIT,0,0,0,0,0,0,0,0,0,0,0,0,0,0.00,0.00,9999
W ,Mark Serrano P | ARI,0,0,0,0,0,0,0,0,0,0,0,0,0,0.00,0.00,9999
W ,Ryan Sandberg P | MIL,0,0,0,0,0,0,0,0,0,0,0,0,0,0.00,0.00,9999
W ,Aaron Loup P | LAA,0,0,0,0,0,0,0,0,0,0,0,0,0,0.00,0.00,9999
W ,Peter Heubeck P | LAD,0,0,0,0,0,0,0,0,0,0,0,0,0,0.00,0.00,9999
W ,Aaron Rund P | MIL,0,0,0,0,0,0,0,0,0,0,0,0,0,0.00,0.00,9999
W ,Guillermo Zuniga P | PHI,0,0,0,0,0,0,0,0,0,0,0,0,0,0.00,0.00,9999
W ,Tyler Phillips P | PHI,0,0,0,0,0,0,0,0,0,0,0,0,0,0.00,0.00,9999
W ,Gage Ziehl P | NYY,0,0,0,0,0,0,0,0,0,0,0,0,0,0.00,0.00,9999
W ,Brock Dykxhoorn P | HOU,0,0,0,0,0,0,0,0,0,0,0,0,0,0.00,0.00,9999
W ,Yovanny Cruz P | BOS,0,0,0,0,0,0,0,0,0,0,0,0,0,0.00,0.00,9999
W ,Ben Hernandez P | KC,0,0,0,0,0,0,0,0,0,0,0,0,0,0.00,0.00,9999
W ,Jose Cruz P | SF,0,0,0,0,0,0,0,0,0,0,0,0,0,0.00,0.00,9999
W ,Justin Brantley P | CLE,0,0,0,0,0,0,0,0,0,0,0,0,0,0.00,0.00,9999
W ,Robert Zarate P | CLE,0,0,0,0,0,0,0,0,0,0,0,0,0,0.00,0.00,9999
W ,Jesse Hahn P | SEA,0,0,0,0,0,0,0,0,0,0,0,0,0,0.00,0.00,9999
W ,Connor Phillips P | CIN,0,0,0,0,0,0,0,0,0,0,0,0,0,0.00,0.00,9999
W ,Owen Wild P | TB,0,0,0,0,0,0,0,0,0,0,0,0,0,0.00,0.00,9999
W ,Lucas Knowles P | WAS ,0,0,0,0,0,0,0,0,0,0,0,0,0,0.00,0.00,9999
W ,Keith Couch P | BOS,0,0,0,0,0,0,0,0,0,0,0,0,0,0.00,0.00,9999
W ,Dionys Rodriguez P | STL,0,0,0,0,0,0,0,0,0,0,0,0,0,0.00,0.00,9999
W ,Brandon Lawson P | MIN,0,0,0,0,0,0,0,0,0,0,0,0,0,0.00,0.00,9999
W ,Ken Giles P | ATL,0,0,0,0,0,0,0,0,0,0,0,0,0,0.00,0.00,9999
W ,Jorge Benitez P | LAD,0,0,0,0,0,0,0,0,0,0,0,0,0,0.00,0.00,9999
W ,Ty Cummings P | SEA,0,0,0,0,0,0,0,0,0,0,0,0,0,0.00,0.00,9999
W ,Manuel Castro P | SD,0,0,0,0,0,0,0,0,0,0,0,0,0,0.00,0.00,9999
W ,Tyler Stuart P | WAS,0,0,0,0,0,0,0,0,0,0,0,0,0,0.00,0.00,9999
W ,Stephen Kohlscheen P | MIL,0,0,0,0,0,0,0,0,0,0,0,0,0,0.00,0.00,9999
Omak Wrong Players,Craig Kimbrel P | BAL ,0,0,0,0,0,0,0,0,0,0,0,0,0,0.00,0.00,9999
W ,Brad Roney P | ARI,0,0,0,0,0,0,0,0,0,0,0,0,0,0.00,0.00,9999
W ,Javy Guerra P | TB,0,0,0,0,0,0,0,0,0,0,0,0,0,0.00,0.00,9999
W ,Ryan Moseley P | LAD,0,0,0,0,0,0,0,0,0,0,0,0,0,0.00,0.00,9999
W ,Manuel Rondon P | CHC,0,0,0,0,0,0,0,0,0,0,0,0,0,0.00,0.00,9999
W ,Henry Henry P | SD,0,0,0,0,0,0,0,0,0,0,0,0,0,0.00,0.00,9999
W ,Jose Nin P | CHW,0,0,0,0,0,0,0,0,0,0,0,0,0,0.00,0.00,9999
W ,Jose Alberto Molina P | LAA,0,0,0,0,0,0,0,0,0,0,0,0,0,0.00,0.00,9999
W ,Chase Johnson P | SD,0,0,0,0,0,0,0,0,0,0,0,0,0,0.00,0.00,9999
W ,Cooper Adams P | BOS,0,0,0,0,0,0,0,0,0,0,0,0,0,0.00,0.00,9999
W ,Colton Gordon P | HOU,0,0,0,0,0,0,0,0,0,0,0,0,0,0.00,0.00,9999
W ,Zach Bryant P | BOS,0,0,0,0,0,0,0,0,0,0,0,0,0,0.00,0.00,9999
W ,Drake Fellows P | PIT,0,0,0,0,0,0,0,0,0,0,0,0,0,0.00,0.00,9999
W ,Adam Wolf P | DET,0,0,0,0,0,0,0,0,0,0,0,0,0,0.00,0.00,9999
W ,Brad Wilson P | TOR,0,0,0,0,0,0,0,0,0,0,0,0,0,0.00,0.00,9999
W ,Josh Harlow P | CLE,0,0,0,0,0,0,0,0,0,0,0,0,0,0.00,0.00,9999
W ,Lincoln Henzman P | MIA,0,0,0,0,0,0,0,0,0,0,0,0,0,0.00,0.00,9999
W ,Tyson Perez P | HOU,0,0,0,0,0,0,0,0,0,0,0,0,0,0.00,0.00,9999
W ,Dallas Keuchel P | MIL,0,0,0,0,0,0,0,0,0,0,0,0,0,0.00,0.00,9999
W ,Michael Baumann P | MIA,0,0,0,0,0,0,0,0,0,0,0,0,0,0.00,0.00,9999
W ,Joe Musgrove P | SD ,0,0,0,0,0,0,0,0,0,0,0,0,0,0.00,0.00,9999
W ,Carter Loewen P | SD,0,0,0,0,0,0,0,0,0,0,0,0,0,0.00,0.00,9999
W ,Kevin Grendell P | LAA,0,0,0,0,0,0,0,0,0,0,0,0,0,0.00,0.00,9999
W ,Seth Corry P | SF,0,0,0,0,0,0,0,0,0,0,0,0,0,0.00,0.00,9999
W ,Jose De Leon P | MIN,0,0,0,0,0,0,0,0,0,0,0,0,0,0.00,0.00,9999
W ,Yaqui Rivera P | BAL,0,0,0,0,0,0,0,0,0,0,0,0,0,0.00,0.00,9999
W ,Payton Tolle P | BOS,0,0,0,0,0,0,0,0,0,0,0,0,0,0.00,0.00,9999
W ,David Parkinson P | PHI,0,0,0,0,0,0,0,0,0,0,0,0,0,0.00,0.00,9999
W ,Daniel Bies P | NYY,0,0,0,0,0,0,0,0,0,0,0,0,0,0.00,0.00,9999
W ,Anderson Bido P | HOU,0,0,0,0,0,0,0,0,0,0,0,0,0,0.00,0.00,9999
W ,Landon Knack P | LAD ,0,0,0,0,0,0,0,0,0,0,0,0,0,0.00,0.00,9999
W ,Yorlin Calderon P | SEA,0,0,0,0,0,0,0,0,0,0,0,0,0,0.00,0.00,9999
W ,James Naile P | STL,0,0,0,0,0,0,0,0,0,0,0,0,0,0.00,0.00,9999
W ,Joseph Montalvo P | DET,0,0,0,0,0,0,0,0,0,0,0,0,0,0.00,0.00,9999
W ,Drew Parrish P | CIN,0,0,0,0,0,0,0,0,0,0,0,0,0,0.00,0.00,9999
W ,Braxton Garrett P | MIA ,0,0,0,0,0,0,0,0,0,0,0,0,0,0.00,0.00,9999
W ,Randy Dobnak P | MIN,0,0,0,0,0,0,0,0,0,0,0,0,0,0.00,0.00,9999
W ,Logan Hofmann P | PIT,0,0,0,0,0,0,0,0,0,0,0,0,0,0.00,0.00,9999
W ,Devereaux Harrison P | TOR,0,0,0,0,0,0,0,0,0,0,0,0,0,0.00,0.00,9999
W ,Miguel Mejia P | CHC,0,0,0,0,0,0,0,0,0,0,0,0,0,0.00,0.00,9999
W ,Trevor McDonald P | SF,0,0,0,0,0,0,0,0,0,0,0,0,0,0.00,0.00,9999
W ,John Russell P | SF,0,0,0,0,0,0,0,0,0,0,0,0,0,0.00,0.00,9999
W ,Justin Evans P | MIA,0,0,0,0,0,0,0,0,0,0,0,0,0,0.00,0.00,9999
W ,Johan Belisario P | MIL,0,0,0,0,0,0,0,0,0,0,0,0,0,0.00,0.00,9999
W ,Antonio Jimenez P | SF,0,0,0,0,0,0,0,0,0,0,0,0,0,0.00,0.00,9999
W ,Andrew Alvarez P | WAS,0,0,0,0,0,0,0,0,0,0,0,0,0,0.00,0.00,9999
W ,Santiago Florez P | PIT,0,0,0,0,0,0,0,0,0,0,0,0,0,0.00,0.00,9999
W ,Luis Castillo P | SEA,0,0,0,0,0,0,0,0,0,0,0,0,0,0.00,0.00,9999
W ,Tanner Kohlhepp P | DET,0,0,0,0,0,0,0,0,0,0,0,0,0,0.00,0.00,9999
W ,Robinson Ortiz P | LAD,0,0,0,0,0,0,0,0,0,0,0,0,0,0.00,0.00,9999
W ,Stiward Aquino P | LAA,0,0,0,0,0,0,0,0,0,0,0,0,0,0.00,0.00,9999
W ,CJ Van Eyk P | TOR,0,0,0,0,0,0,0,0,0,0,0,0,0,0.00,0.00,9999
W ,Ryan Watson P | SF,0,0,0,0,0,0,0,0,0,0,0,0,0,0.00,0.00,9999
W ,Gavin Hollowell P | CHC,0,0,0,0,0,0,0,0,0,0,0,0,0,0.00,0.00,9999
W ,Josh Graham P | ATL,0,0,0,0,0,0,0,0,0,0,0,0,0,0.00,0.00,9999
W ,Christian Charle P | MIA,0,0,0,0,0,0,0,0,0,0,0,0,0,0.00,0.00,9999
W ,Najer Victor P | LAA,0,0,0,0,0,0,0,0,0,0,0,0,0,0.00,0.00,9999
W ,Juan Pinto P | SEA,0,0,0,0,0,0,0,0,0,0,0,0,0,0.00,0.00,9999
W ,Steven Wilson P | CHW,0,0,0,0,0,0,0,0,0,0,0,0,0,0.00,0.00,9999
W ,Tanner Tully P | NYY,0,0,0,0,0,0,0,0,0,0,0,0,0,0.00,0.00,9999
W ,Jonathan Martinez P | CHC,0,0,0,0,0,0,0,0,0,0,0,0,0,0.00,0.00,9999
W ,Paul Campbell P | MIA,0,0,0,0,0,0,0,0,0,0,0,0,0,0.00,0.00,9999
W ,Joel Hurtado P | LAA,0,0,0,0,0,0,0,0,0,0,0,0,0,0.00,0.00,9999
W ,Davis Sharpe P | CLE,0,0,0,0,0,0,0,0,0,0,0,0,0,0.00,0.00,9999
W ,Domingo Tapia P | SD,0,0,0,0,0,0,0,0,0,0,0,0,0,0.00,0.00,9999
W ,Liam Norris P | ARI ,0,0,0,0,0,0,0,0,0,0,0,0,0,0.00,0.00,9999
W ,Brent Honeywell P | LAD,0,0,0,0,0,0,0,0,0,0,0,0,0,0.00,0.00,9999
W ,Matt Cooper P | CHW,0,0,0,0,0,0,0,0,0,0,0,0,0,0.00,0.00,9999
W ,Shaun Anderson P | LAA,0,0,0,0,0,0,0,0,0,0,0,0,0,0.00,0.00,9999
W ,Griffin Roberts P | STL,0,0,0,0,0,0,0,0,0,0,0,0,0,0.00,0.00,9999
W ,Josimar Cousin P | CHW,0,0,0,0,0,0,0,0,0,0,0,0,0,0.00,0.00,9999
W ,Joe Barlow P | TEX,0,0,0,0,0,0,0,0,0,0,0,0,0,0.00,0.00,9999
W ,Justin Dunn P | CHW ,0,0,0,0,0,0,0,0,0,0,0,0,0,0.00,0.00,9999
W ,Garrett Davila P | KC,0,0,0,0,0,0,0,0,0,0,0,0,0,0.00,0.00,9999
W ,Tyler Brown P | HOU,0,0,0,0,0,0,0,0,0,0,0,0,0,0.00,0.00,9999
W ,Travis Adams P | MIN,0,0,0,0,0,0,0,0,0,0,0,0,0,0.00,0.00,9999
W ,Jared Kelley P | CHW,0,0,0,0,0,0,0,0,0,0,0,0,0,0.00,0.00,9999
W ,Yency Almonte P | CHC ,0,0,0,0,0,0,0,0,0,0,0,0,0,0.00,0.00,9999
W ,Yoanys Quiala P | SF,0,0,0,0,0,0,0,0,0,0,0,0,0,0.00,0.00,9999
W ,James Dykstra P | TEX,0,0,0,0,0,0,0,0,0,0,0,0,0,0.00,0.00,9999
W ,Ricky Knapp P | NYM,0,0,0,0,0,0,0,0,0,0,0,0,0,0.00,0.00,9999
W ,Mauricio Llovera P | SEA,0,0,0,0,0,0,0,0,0,0,0,0,0,0.00,0.00,9999
W ,Will Klein P | SEA ,0,0,0,0,0,0,0,0,0,0,0,0,0,0.00,0.00,9999
W ,Dusty Isaacs P | TOR,0,0,0,0,0,0,0,0,0,0,0,0,0,0.00,0.00,9999
W ,Calvin Ziegler P | NYM ,0,0,0,0,0,0,0,0,0,0,0,0,0,0.00,0.00,9999
W ,Austin Wood P | LAA,0,0,0,0,0,0,0,0,0,0,0,0,0,0.00,0.00,9999
W ,Sam Knowlton P | ARI,0,0,0,0,0,0,0,0,0,0,0,0,0,0.00,0.00,9999
W ,Jose Quezada P | SD,0,0,0,0,0,0,0,0,0,0,0,0,0,0.00,0.00,9999
W ,Marcus Mack P | TEX,0,0,0,0,0,0,0,0,0,0,0,0,0,0.00,0.00,9999
W ,Nathan Burns P | LAA,0,0,0,0,0,0,0,0,0,0,0,0,0,0.00,0.00,9999
W ,Dietrich Enns P | DET,0,0,0,0,0,0,0,0,0,0,0,0,0,0.00,0.00,9999
W ,Hayden Harris P | ATL,0,0,0,0,0,0,0,0,0,0,0,0,0,0.00,0.00,9999
W ,Luke Albright P | ARI,0,0,0,0,0,0,0,0,0,0,0,0,0,0.00,0.00,9999
W ,Aaron Pinto P | CLE,0,0,0,0,0,0,0,0,0,0,0,0,0,0.00,0.00,9999
W ,David Morgan P | SD,0,0,0,0,0,0,0,0,0,0,0,0,0,0.00,0.00,9999
W ,Cedric De Grandpre P | ATL,0,0,0,0,0,0,0,0,0,0,0,0,0,0.00,0.00,9999
W ,Adrian Chaidez P | HOU,0,0,0,0,0,0,0,0,0,0,0,0,0,0.00,0.00,9999
W ,Nick Routt P | CIN,0,0,0,0,0,0,0,0,0,0,0,0,0,0.00,0.00,9999
W ,Lupe Chavez P | HOU,0,0,0,0,0,0,0,0,0,0,0,0,0,0.00,0.00,9999
W ,Braxton Roxby P | CIN,0,0,0,0,0,0,0,0,0,0,0,0,0,0.00,0.00,9999
W ,Brandon Leibrandt P | NYY ,0,0,0,0,0,0,0,0,0,0,0,0,0,0.00,0.00,9999
W ,Darin Gorski P | NYM,0,0,0,0,0,0,0,0,0,0,0,0,0,0.00,0.00,9999
W ,Cy Nielson P | PIT,0,0,0,0,0,0,0,0,0,0,0,0,0,0.00,0.00,9999
W ,Elvis Escobar P | PIT,0,0,0,0,0,0,0,0,0,0,0,0,0,0.00,0.00,9999
W ,Malcom Culver P | LAD,0,0,0,0,0,0,0,0,0,0,0,0,0,0.00,0.00,9999
W ,Carson Whisenhunt P | SF ,0,0,0,0,0,0,0,0,0,0,0,0,0,0.00,0.00,9999
W ,Mitch Brown P | CLE,0,0,0,0,0,0,0,0,0,0,0,0,0,0.00,0.00,9999
W ,Josh Knoth P | MIL ,0,0,0,0,0,0,0,0,0,0,0,0,0,0.00,0.00,9999
W ,Colby Suggs P | MIA,0,0,0,0,0,0,0,0,0,0,0,0,0,0.00,0.00,9999
W ,Joan Martinez P | BOS,0,0,0,0,0,0,0,0,0,0,0,0,0,0.00,0.00,9999
W ,Sabier Marte P | NYY,0,0,0,0,0,0,0,0,0,0,0,0,0,0.00,0.00,9999
W ,Thomas Farr P | CIN,0,0,0,0,0,0,0,0,0,0,0,0,0,0.00,0.00,9999
W ,Douglas Orellana P | NYM,0,0,0,0,0,0,0,0,0,0,0,0,0,0.00,0.00,9999
W ,Huascar Ynoa P | MIN ,0,0,0,0,0,0,0,0,0,0,0,0,0,0.00,0.00,9999
W ,Dylan Spain P | ATL,0,0,0,0,0,0,0,0,0,0,0,0,0,0.00,0.00,9999
W ,Shawn Semple P | NYY,0,0,0,0,0,0,0,0,0,0,0,0,0,0.00,0.00,9999
W ,Ivran Romero P | MIN,0,0,0,0,0,0,0,0,0,0,0,0,0,0.00,0.00,9999
W ,Austin Pettibone P | TEX,0,0,0,0,0,0,0,0,0,0,0,0,0,0.00,0.00,9999
W ,Jason Bahr P | TEX,0,0,0,0,0,0,0,0,0,0,0,0,0,0.00,0.00,9999
W ,John Stilson P | PIT,0,0,0,0,0,0,0,0,0,0,0,0,0,0.00,0.00,9999
W ,Zach Thornton P | NYM,0,0,0,0,0,0,0,0,0,0,0,0,0,0.00,0.00,9999
W ,Aldry Acosta P | LAD,0,0,0,0,0,0,0,0,0,0,0,0,0,0.00,0.00,9999
W ,Gerson Moreno P | ATH,0,0,0,0,0,0,0,0,0,0,0,0,0,0.00,0.00,9999
W ,Alex Mauricio P | NYY,0,0,0,0,0,0,0,0,0,0,0,0,0,0.00,0.00,9999
W ,Julio Rodriguez P | HOU,0,0,0,0,0,0,0,0,0,0,0,0,0,0.00,0.00,9999
W ,Thomas Ponticelli P | COL,0,0,0,0,0,0,0,0,0,0,0,0,0,0.00,0.00,9999
W ,Mike Nikorak P | COL,0,0,0,0,0,0,0,0,0,0,0,0,0,0.00,0.00,9999
W ,Adrian Bohorquez P | MIN,0,0,0,0,0,0,0,0,0,0,0,0,0,0.00,0.00,9999
W ,Cody Poteet P | CHC,0,0,0,0,0,0,0,0,0,0,0,0,0,0.00,0.00,9999
W ,Michael Freeman P | HOU,0,0,0,0,0,0,0,0,0,0,0,0,0,0.00,0.00,9999
W ,Sammy Peralta P | CHW,0,0,0,0,0,0,0,0,0,0,0,0,0,0.00,0.00,9999
W ,Jedixson Paez P | BOS,0,0,0,0,0,0,0,0,0,0,0,0,0,0.00,0.00,9999
W ,Patrick Reilly P | BAL,0,0,0,0,0,0,0,0,0,0,0,0,0,0.00,0.00,9999
W ,Albertus Barber P | PHI,0,0,0,0,0,0,0,0,0,0,0,0,0,0.00,0.00,9999
W ,Rodney Boone P | CLE,0,0,0,0,0,0,0,0,0,0,0,0,0,0.00,0.00,9999
W ,Luis Serna P | NYY ,0,0,0,0,0,0,0,0,0,0,0,0,0,0.00,0.00,9999
W ,Collin McHugh P | ATL,0,0,0,0,0,0,0,0,0,0,0,0,0,0.00,0.00,9999
W ,Michael Dimock P | ARI,0,0,0,0,0,0,0,0,0,0,0,0,0,0.00,0.00,9999
W ,Kolby Allard P | CLE,0,0,0,0,0,0,0,0,0,0,0,0,0,0.00,0.00,9999
W ,Fernando Perez P | DET,0,0,0,0,0,0,0,0,0,0,0,0,0,0.00,0.00,9999
W ,Jack Wenninger P | NYM,0,0,0,0,0,0,0,0,0,0,0,0,0,0.00,0.00,9999
W ,Jared Shuster P | CHW ,0,0,0,0,0,0,0,0,0,0,0,0,0,0.00,0.00,9999
W ,Juan Mendez P | MIN,0,0,0,0,0,0,0,0,0,0,0,0,0,0.00,0.00,9999
W ,David Holman P | COL,0,0,0,0,0,0,0,0,0,0,0,0,0,0.00,0.00,9999
W ,Wikelman Gonzalez P | CHW,0,0,0,0,0,0,0,0,0,0,0,0,0,0.00,0.00,9999
W ,Matt Merrill P | DET,0,0,0,0,0,0,0,0,0,0,0,0,0,0.00,0.00,9999
W ,Bret Helton P | PIT,0,0,0,0,0,0,0,0,0,0,0,0,0,0.00,0.00,9999
W ,Adrian Acosta P | LAA,0,0,0,0,0,0,0,0,0,0,0,0,0,0.00,0.00,9999
W ,Francisco Mendoza P | TEX,0,0,0,0,0,0,0,0,0,0,0,0,0,0.00,0.00,9999
W ,Justin Wilson P | NYY,0,0,0,0,0,0,0,0,0,0,0,0,0,0.00,0.00,9999
W ,Patrick Johnson P | MIA,0,0,0,0,0,0,0,0,0,0,0,0,0,0.00,0.00,9999
W ,Chad Smith P | NYM,0,0,0,0,0,0,0,0,0,0,0,0,0,0.00,0.00,9999
W ,Cole Waites P | SF,0,0,0,0,0,0,0,0,0,0,0,0,0,0.00,0.00,9999
W ,Chase Lee P | DET,0,0,0,0,0,0,0,0,0,0,0,0,0,0.00,0.00,9999
W ,Jake Johansen P | WAS,0,0,0,0,0,0,0,0,0,0,0,0,0,0.00,0.00,9999
W ,Sam Lewis P | ARI,0,0,0,0,0,0,0,0,0,0,0,0,0,0.00,0.00,9999
W ,Andrew Robinson P | LAD,0,0,0,0,0,0,0,0,0,0,0,0,0,0.00,0.00,9999
W ,John Lujan P | NYM,0,0,0,0,0,0,0,0,0,0,0,0,0,0.00,0.00,9999
W ,Alec Gamboa P | LAD,0,0,0,0,0,0,0,0,0,0,0,0,0,0.00,0.00,9999
W ,Joe Filomeno P | TEX,0,0,0,0,0,0,0,0,0,0,0,0,0,0.00,0.00,9999
W ,Sam Bragg P | ATH,0,0,0,0,0,0,0,0,0,0,0,0,0,0.00,0.00,9999
W ,Carson Palmquist P | COL,0,0,0,0,0,0,0,0,0,0,0,0,0,0.00,0.00,9999
W ,Khristian Curtis P | PIT,0,0,0,0,0,0,0,0,0,0,0,0,0,0.00,0.00,9999
W ,Yoelvin Silven P | CHW,0,0,0,0,0,0,0,0,0,0,0,0,0,0.00,0.00,9999
W ,Alexander Cornielle P | MIL,0,0,0,0,0,0,0,0,0,0,0,0,0,0.00,0.00,9999
W ,Ty Adcock P | NYM,0,0,0,0,0,0,0,0,0,0,0,0,0,0.00,0.00,9999
W ,Bryan Rodriguez P | SD,0,0,0,0,0,0,0,0,0,0,0,0,0,0.00,0.00,9999
W ,Jonathan Brand P | BOS,0,0,0,0,0,0,0,0,0,0,0,0,0,0.00,0.00,9999
W ,Noe Toribio P | PIT,0,0,0,0,0,0,0,0,0,0,0,0,0,0.00,0.00,9999
W ,Aaron Davenport P | CLE,0,0,0,0,0,0,0,0,0,0,0,0,0,0.00,0.00,9999
W ,Tyler Pike P | SEA,0,0,0,0,0,0,0,0,0,0,0,0,0,0.00,0.00,9999
W ,Sandy Gaston P | TB,0,0,0,0,0,0,0,0,0,0,0,0,0,0.00,0.00,9999
W ,Kevin Matthews P | TEX,0,0,0,0,0,0,0,0,0,0,0,0,0,0.00,0.00,9999
W ,Sean Brady P | CLE,0,0,0,0,0,0,0,0,0,0,0,0,0,0.00,0.00,9999
W ,Ty Boyles P | CLE,0,0,0,0,0,0,0,0,0,0,0,0,0,0.00,0.00,9999
W ,Tai Tiedemann P | TEX,0,0,0,0,0,0,0,0,0,0,0,0,0,0.00,0.00,9999
W ,Marco Carrillo P | CHC,0,0,0,0,0,0,0,0,0,0,0,0,0,0.00,0.00,9999
W ,Phil Fox P | CHW,0,0,0,0,0,0,0,0,0,0,0,0,0,0.00,0.00,9999
W ,Blake Burkhalter P | ATL,0,0,0,0,0,0,0,0,0,0,0,0,0,0.00,0.00,9999
W ,Nathan Webb P | BAL,0,0,0,0,0,0,0,0,0,0,0,0,0,0.00,0.00,9999
W ,Adam Macko P | TOR ,0,0,0,0,0,0,0,0,0,0,0,0,0,0.00,0.00,9999
W ,Cody Morris P | NYY,0,0,0,0,0,0,0,0,0,0,0,0,0,0.00,0.00,9999
W ,Alessandro Ercolani P | PIT,0,0,0,0,0,0,0,0,0,0,0,0,0,0.00,0.00,9999
W ,Ben Klimesh P | CIN,0,0,0,0,0,0,0,0,0,0,0,0,0,0.00,0.00,9999
W ,Kai Wynyard P | TEX,0,0,0,0,0,0,0,0,0,0,0,0,0,0.00,0.00,9999
W ,Baron Stuart P | NYY,0,0,0,0,0,0,0,0,0,0,0,0,0,0.00,0.00,9999
W ,Lucas Luetge P | BOS,0,0,0,0,0,0,0,0,0,0,0,0,0,0.00,0.00,9999
W ,Robert Ahlstrom P | TEX,0,0,0,0,0,0,0,0,0,0,0,0,0,0.00,0.00,9999
W ,Ryan Nutof P | CIN,0,0,0,0,0,0,0,0,0,0,0,0,0,0.00,0.00,9999
W ,Ryan Jennings P | TOR,0,0,0,0,0,0,0,0,0,0,0,0,0,0.00,0.00,9999
W ,Jean Pinto P | BAL ,0,0,0,0,0,0,0,0,0,0,0,0,0,0.00,0.00,9999
W ,Tyler Spurlin P | MIL,0,0,0,0,0,0,0,0,0,0,0,0,0,0.00,0.00,9999
W ,Nicholas Economos P | PIT,0,0,0,0,0,0,0,0,0,0,0,0,0,0.00,0.00,9999
W ,Michael Grove P | LAD ,0,0,0,0,0,0,0,0,0,0,0,0,0,0.00,0.00,9999
W ,Ben Kudrna P | KC,0,0,0,0,0,0,0,0,0,0,0,0,0,0.00,0.00,9999
W ,Marquis Grissom P | WAS,0,0,0,0,0,0,0,0,0,0,0,0,0,0.00,0.00,9999
W ,Cade Kuehler P | ATL ,0,0,0,0,0,0,0,0,0,0,0,0,0,0.00,0.00,9999
W ,Eric Cerantola P | KC,0,0,0,0,0,0,0,0,0,0,0,0,0,0.00,0.00,9999
W ,Kaleb Bowman P | MIL,0,0,0,0,0,0,0,0,0,0,0,0,0,0.00,0.00,9999
W ,Daison Acosta P | WAS,0,0,0,0,0,0,0,0,0,0,0,0,0,0.00,0.00,9999
W ,Edwin Quirarte P | SF,0,0,0,0,0,0,0,0,0,0,0,0,0,0.00,0.00,9999
W ,Shane Panzini P | KC,0,0,0,0,0,0,0,0,0,0,0,0,0,0.00,0.00,9999
W ,Ryan Hawks P | SEA,0,0,0,0,0,0,0,0,0,0,0,0,0,0.00,0.00,9999
W ,Justin Garza P | LAA,0,0,0,0,0,0,0,0,0,0,0,0,0,0.00,0.00,9999
W ,Robbie Hitt P | MIL,0,0,0,0,0,0,0,0,0,0,0,0,0,0.00,0.00,9999
W ,Thomas Schultz P | WAS,0,0,0,0,0,0,0,0,0,0,0,0,0,0.00,0.00,9999
W ,Matt Ruppenthal P | HOU,0,0,0,0,0,0,0,0,0,0,0,0,0,0.00,0.00,9999
W ,Stevie Branche P | CIN,0,0,0,0,0,0,0,0,0,0,0,0,0,0.00,0.00,9999
W ,Darin Gillies P | BOS,0,0,0,0,0,0,0,0,0,0,0,0,0,0.00,0.00,9999
W ,Luke Murphy P | LAA,0,0,0,0,0,0,0,0,0,0,0,0,0,0.00,0.00,9999
W ,Andrew Saalfrank P | ARI ,0,0,0,0,0,0,0,0,0,0,0,0,0,0.00,0.00,9999
W ,Jose Flores P | SF,0,0,0,0,0,0,0,0,0,0,0,0,0,0.00,0.00,9999
W ,Juan Benitez P | MIA,0,0,0,0,0,0,0,0,0,0,0,0,0,0.00,0.00,9999
W ,Logan Workman P | TB,0,0,0,0,0,0,0,0,0,0,0,0,0,0.00,0.00,9999
W ,Art Warren P | NYY,0,0,0,0,0,0,0,0,0,0,0,0,0,0.00,0.00,9999
W ,Jared Solomon P | CIN,0,0,0,0,0,0,0,0,0,0,0,0,0,0.00,0.00,9999
W ,Zack Weiss P | STL,0,0,0,0,0,0,0,0,0,0,0,0,0,0.00,0.00,9999
W ,Evan Lee P | WAS,0,0,0,0,0,0,0,0,0,0,0,0,0,0.00,0.00,9999
W ,Trevor Richards P | CHC,0,0,0,0,0,0,0,0,0,0,0,0,0,0.00,0.00,9999
W ,Stetson Allie P | TB,0,0,0,0,0,0,0,0,0,0,0,0,0,0.00,0.00,9999
W ,Andrew Brown P | PHI,0,0,0,0,0,0,0,0,0,0,0,0,0,0.00,0.00,9999
W ,Avery Weems P | TEX,0,0,0,0,0,0,0,0,0,0,0,0,0,0.00,0.00,9999
W ,Sam Street P | PIT,0,0,0,0,0,0,0,0,0,0,0,0,0,0.00,0.00,9999
W ,Cristian Hernandez P | NYY,0,0,0,0,0,0,0,0,0,0,0,0,0,0.00,0.00,9999
W ,Chase Solesky P | WAS,0,0,0,0,0,0,0,0,0,0,0,0,0,0.00,0.00,9999
W ,Chris Clarke P | CHC,0,0,0,0,0,0,0,0,0,0,0,0,0,0.00,0.00,9999
W ,Kohl Franklin P | CHC,0,0,0,0,0,0,0,0,0,0,0,0,0,0.00,0.00,9999
W ,Stephen Gonsalves P | LAD,0,0,0,0,0,0,0,0,0,0,0,0,0,0.00,0.00,9999
W ,Wilfredo Pereira P | STL,0,0,0,0,0,0,0,0,0,0,0,0,0,0.00,0.00,9999
W ,Troy Melton P | DET ,0,0,0,0,0,0,0,0,0,0,0,0,0,0.00,0.00,9999
W ,Jake Bennett P | WAS ,0,0,0,0,0,0,0,0,0,0,0,0,0,0.00,0.00,9999
W ,Andrew Case P | TOR,0,0,0,0,0,0,0,0,0,0,0,0,0,0.00,0.00,9999
W ,Brady Feigl P | MIN,0,0,0,0,0,0,0,0,0,0,0,0,0,0.00,0.00,9999
W ,Erik Manoah P | WAS,0,0,0,0,0,0,0,0,0,0,0,0,0,0.00,0.00,9999
W ,Javier Medina P | COL,0,0,0,0,0,0,0,0,0,0,0,0,0,0.00,0.00,9999
W ,Michael Matuella P | TEX,0,0,0,0,0,0,0,0,0,0,0,0,0,0.00,0.00,9999
W ,Ben Madison P | SF,0,0,0,0,0,0,0,0,0,0,0,0,0,0.00,0.00,9999
W ,David Peterson P | ATL,0,0,0,0,0,0,0,0,0,0,0,0,0,0.00,0.00,9999
W ,Juan Burgos P | SEA,0,0,0,0,0,0,0,0,0,0,0,0,0,0.00,0.00,9999
W ,Grant Taylor P | CHW,0,0,0,0,0,0,0,0,0,0,0,0,0,0.00,0.00,9999
W ,Ethan Bagwell P | ATL,0,0,0,0,0,0,0,0,0,0,0,0,0,0.00,0.00,9999
W ,Aiden May P | MIA,0,0,0,0,0,0,0,0,0,0,0,0,0,0.00,0.00,9999
W ,Yorvin Pantoja P | ARI,0,0,0,0,0,0,0,0,0,0,0,0,0,0.00,0.00,9999
W ,Jason Blanchard P | SD,0,0,0,0,0,0,0,0,0,0,0,0,0,0.00,0.00,9999
W ,Kevin Kopps P | SD,0,0,0,0,0,0,0,0,0,0,0,0,0,0.00,0.00,9999
W ,Didier Fuentes P | ATL,0,0,0,0,0,0,0,0,0,0,0,0,0,0.00,0.00,9999
W ,Triston Polley P | TEX,0,0,0,0,0,0,0,0,0,0,0,0,0,0.00,0.00,9999
W ,Zach Daniels P | ATL,0,0,0,0,0,0,0,0,0,0,0,0,0,0.00,0.00,9999
W ,Andre Granillo P | STL,0,0,0,0,0,0,0,0,0,0,0,0,0,0.00,0.00,9999
W ,Kevin Gowdy P | TOR,0,0,0,0,0,0,0,0,0,0,0,0,0,0.00,0.00,9999
W ,Austin DeCarr P | NYY,0,0,0,0,0,0,0,0,0,0,0,0,0,0.00,0.00,9999
W ,Gavin Stone P | LAD ,0,0,0,0,0,0,0,0,0,0,0,0,0,0.00,0.00,9999
W ,Yender Caramo P | KC,0,0,0,0,0,0,0,0,0,0,0,0,0,0.00,0.00,9999
W ,Aaron Brooks P | ATH,0,0,0,0,0,0,0,0,0,0,0,0,0,0.00,0.00,9999
W ,Bernie Martinez P | SEA,0,0,0,0,0,0,0,0,0,0,0,0,0,0.00,0.00,9999
W ,Hunter Smith P | BOS,0,0,0,0,0,0,0,0,0,0,0,0,0,0.00,0.00,9999
W ,Ben Heller P | CHC,0,0,0,0,0,0,0,0,0,0,0,0,0,0.00,0.00,9999
W ,Jimmy Lambert P | CHW,0,0,0,0,0,0,0,0,0,0,0,0,0,0.00,0.00,9999
W ,Joe LaSorsa P | CIN ,0,0,0,0,0,0,0,0,0,0,0,0,0,0.00,0.00,9999
W ,Drue Hackenberg P | ATL,0,0,0,0,0,0,0,0,0,0,0,0,0,0.00,0.00,9999
W ,Ronald Shaban P | STL,0,0,0,0,0,0,0,0,0,0,0,0,0,0.00,0.00,9999
W ,Robert Tyler P | COL,0,0,0,0,0,0,0,0,0,0,0,0,0,0.00,0.00,9999
W ,Alan Strong P | TB,0,0,0,0,0,0,0,0,0,0,0,0,0,0.00,0.00,9999
W ,Trystan Vrieling P | NYY,0,0,0,0,0,0,0,0,0,0,0,0,0,0.00,0.00,9999
W ,Jake Madden P | COL,0,0,0,0,0,0,0,0,0,0,0,0,0,0.00,0.00,9999
W ,Kyle Hunter P | SEA,0,0,0,0,0,0,0,0,0,0,0,0,0,0.00,0.00,9999
W ,Miguel Castro P | HOU,0,0,0,0,0,0,0,0,0,0,0,0,0,0.00,0.00,9999
W ,Jordan Wicks P | CHC ,0,0,0,0,0,0,0,0,0,0,0,0,0,0.00,0.00,9999
W ,Nick Vespi P | PHI,0,0,0,0,0,0,0,0,0,0,0,0,0,0.00,0.00,9999
W ,Joe Jacques P | LAD,0,0,0,0,0,0,0,0,0,0,0,0,0,0.00,0.00,9999
W ,Garrett Baumann P | ATL,0,0,0,0,0,0,0,0,0,0,0,0,0,0.00,0.00,9999
W ,Ryan Kussmaul P | CHW,0,0,0,0,0,0,0,0,0,0,0,0,0,0.00,0.00,9999
W ,Thomas McIlraith P | NYM,0,0,0,0,0,0,0,0,0,0,0,0,0,0.00,0.00,9999
W ,Luke Little P | CHC ,0,0,0,0,0,0,0,0,0,0,0,0,0,0.00,0.00,9999
W ,Hunter Owen P | KC,0,0,0,0,0,0,0,0,0,0,0,0,0,0.00,0.00,9999
W ,Austin Adams P | BOS ,0,0,0,0,0,0,0,0,0,0,0,0,0,0.00,0.00,9999
W ,J.C. Flowers P | PIT,0,0,0,0,0,0,0,0,0,0,0,0,0,0.00,0.00,9999
W ,Andrew Sopko P | LAD,0,0,0,0,0,0,0,0,0,0,0,0,0,0.00,0.00,9999
W ,Owen White P | CHW,0,0,0,0,0,0,0,0,0,0,0,0,0,0.00,0.00,9999
W ,Brooks Crawford P | CIN,0,0,0,0,0,0,0,0,0,0,0,0,0,0.00,0.00,9999
W ,Austin Kitchen P | SEA,0,0,0,0,0,0,0,0,0,0,0,0,0,0.00,0.00,9999
W ,Ben Holmes P | CHW,0,0,0,0,0,0,0,0,0,0,0,0,0,0.00,0.00,9999
W ,Yacksel Rios P | NYM,0,0,0,0,0,0,0,0,0,0,0,0,0,0.00,0.00,9999
W ,Stephen Nogosek P | WAS,0,0,0,0,0,0,0,0,0,0,0,0,0,0.00,0.00,9999
W ,Ulices Campos P | DET,0,0,0,0,0,0,0,0,0,0,0,0,0,0.00,0.00,9999
W ,Andres Nunez P | KC,0,0,0,0,0,0,0,0,0,0,0,0,0,0.00,0.00,9999
W ,Charlie Beilenson P | SEA,0,0,0,0,0,0,0,0,0,0,0,0,0,0.00,0.00,9999
W ,Quintin Torres-Costa P | MIL,0,0,0,0,0,0,0,0,0,0,0,0,0,0.00,0.00,9999
W ,Stephen Jones P | SD,0,0,0,0,0,0,0,0,0,0,0,0,0,0.00,0.00,9999
W ,Adam Miller P | ARI,0,0,0,0,0,0,0,0,0,0,0,0,0,0.00,0.00,9999
W ,Bruce Zimmermann P | MIL,0,0,0,0,0,0,0,0,0,0,0,0,0,0.00,0.00,9999
W ,Grayson Thurman P | TOR,0,0,0,0,0,0,0,0,0,0,0,0,0,0.00,0.00,9999
W ,Ryan Loutos P | STL ,0,0,0,0,0,0,0,0,0,0,0,0,0,0.00,0.00,9999
W ,Ryan Cusick P | ATH,0,0,0,0,0,0,0,0,0,0,0,0,0,0.00,0.00,9999
W ,Jose Urquidy P | DET ,0,0,0,0,0,0,0,0,0,0,0,0,0,0.00,0.00,9999
W ,Carter Rustad P | BAL,0,0,0,0,0,0,0,0,0,0,0,0,0,0.00,0.00,9999
W ,Helcris Olivarez P | SF,0,0,0,0,0,0,0,0,0,0,0,0,0,0.00,0.00,9999
W ,Cole Henry P | WAS,0,0,0,0,0,0,0,0,0,0,0,0,0,0.00,0.00,9999
W ,Adam Bray P | LAD,0,0,0,0,0,0,0,0,0,0,0,0,0,0.00,0.00,9999
W ,Jack Perkins P | PHI,0,0,0,0,0,0,0,0,0,0,0,0,0,0.00,0.00,9999
W ,Logan VanWey P | HOU,0,0,0,0,0,0,0,0,0,0,0,0,0,0.00,0.00,9999
W ,Packy Naughton P | STL ,0,0,0,0,0,0,0,0,0,0,0,0,0,0.00,0.00,9999
W ,Isaac Mattson P | PIT,0,0,0,0,0,0,0,0,0,0,0,0,0,0.00,0.00,9999
W ,Justin King P | MIA,0,0,0,0,0,0,0,0,0,0,0,0,0,0.00,0.00,9999
W ,Teddy McGraw P | SEA ,0,0,0,0,0,0,0,0,0,0,0,0,0,0.00,0.00,9999
W ,Luis De Leon P | BAL,0,0,0,0,0,0,0,0,0,0,0,0,0,0.00,0.00,9999
W ,Zack Erwin P | TB,0,0,0,0,0,0,0,0,0,0,0,0,0,0.00,0.00,9999
W ,Cade Cavalli P | WAS ,0,0,0,0,0,0,0,0,0,0,0,0,0,0.00,0.00,9999
W ,Nick Additon P | BAL,0,0,0,0,0,0,0,0,0,0,0,0,0,0.00,0.00,9999
W ,Richelson Pena P | TEX,0,0,0,0,0,0,0,0,0,0,0,0,0,0.00,0.00,9999
W ,Juan Mercedes P | SF,0,0,0,0,0,0,0,0,0,0,0,0,0,0.00,0.00,9999
W ,Ryan Middendorf P | MIL,0,0,0,0,0,0,0,0,0,0,0,0,0,0.00,0.00,9999
W ,Jose Montilla P | ATL,0,0,0,0,0,0,0,0,0,0,0,0,0,0.00,0.00,9999
W ,Caleb Dirks P | ATL,0,0,0,0,0,0,0,0,0,0,0,0,0,0.00,0.00,9999
W ,Derek Diamond P | PIT,0,0,0,0,0,0,0,0,0,0,0,0,0,0.00,0.00,9999
W ,Nick Kuzia P | DET,0,0,0,0,0,0,0,0,0,0,0,0,0,0.00,0.00,9999
W ,Adonys Cardona P | TOR,0,0,0,0,0,0,0,0,0,0,0,0,0,0.00,0.00,9999
W ,Justin Wrobleski P | LAD ,0,0,0,0,0,0,0,0,0,0,0,0,0,0.00,0.00,9999
W ,Carson Sands P | CHC,0,0,0,0,0,0,0,0,0,0,0,0,0,0.00,0.00,9999
W ,Erick Pinales P | DET,0,0,0,0,0,0,0,0,0,0,0,0,0,0.00,0.00,9999
W ,Xavier Martinez P | CLE,0,0,0,0,0,0,0,0,0,0,0,0,0,0.00,0.00,9999
W ,Michael Morales P | SEA,0,0,0,0,0,0,0,0,0,0,0,0,0,0.00,0.00,9999
W ,Connor Foley P | ARI,0,0,0,0,0,0,0,0,0,0,0,0,0,0.00,0.00,9999
W ,Forrest Snow P | LAA,0,0,0,0,0,0,0,0,0,0,0,0,0,0.00,0.00,9999
W ,Mitchell Kilkenny P | COL,0,0,0,0,0,0,0,0,0,0,0,0,0,0.00,0.00,9999
W ,Cody Stull P | ATH,0,0,0,0,0,0,0,0,0,0,0,0,0,0.00,0.00,9999
W ,Kieran Lovegrove P | SF,0,0,0,0,0,0,0,0,0,0,0,0,0,0.00,0.00,9999
W ,John Holobetz P | MIL,0,0,0,0,0,0,0,0,0,0,0,0,0,0.00,0.00,9999
W ,Tahnaj Thomas P | PIT,0,0,0,0,0,0,0,0,0,0,0,0,0,0.00,0.00,9999
W ,Keylan Killgore P | KC,0,0,0,0,0,0,0,0,0,0,0,0,0,0.00,0.00,9999
W ,Dasan Hill P | MIN,0,0,0,0,0,0,0,0,0,0,0,0,0,0.00,0.00,9999
W ,Sauryn Lao P | SEA,0,0,0,0,0,0,0,0,0,0,0,0,0,0.00,0.00,9999
W ,Christian Montes De Oca P | ARI,0,0,0,0,0,0,0,0,0,0,0,0,0,0.00,0.00,9999
W ,Robbie Baker P | MIL,0,0,0,0,0,0,0,0,0,0,0,0,0,0.00,0.00,9999
W ,Steven Klimek P | MIN,0,0,0,0,0,0,0,0,0,0,0,0,0,0.00,0.00,9999
W ,Cody Bolton P | SEA,0,0,0,0,0,0,0,0,0,0,0,0,0,0.00,0.00,9999
W ,Trey Gibson P | BAL,0,0,0,0,0,0,0,0,0,0,0,0,0,0.00,0.00,9999
W ,Reid Humphreys P | COL,0,0,0,0,0,0,0,0,0,0,0,0,0,0.00,0.00,9999
W ,A.J. Alexy P | MIN,0,0,0,0,0,0,0,0,0,0,0,0,0,0.00,0.00,9999
W ,Brett Wichrowski P | MIL,0,0,0,0,0,0,0,0,0,0,0,0,0,0.00,0.00,9999
W ,Edgar Osuna P | KC,0,0,0,0,0,0,0,0,0,0,0,0,0,0.00,0.00,9999
W ,Blake Dickerson P | SD,0,0,0,0,0,0,0,0,0,0,0,0,0,0.00,0.00,9999
W ,Konnor Pilkington P | WAS,0,0,0,0,0,0,0,0,0,0,0,0,0,0.00,0.00,9999
W ,Nolan Hoffman P | TEX,0,0,0,0,0,0,0,0,0,0,0,0,0,0.00,0.00,9999
W ,Andro Cutura P | MIN,0,0,0,0,0,0,0,0,0,0,0,0,0,0.00,0.00,9999
W ,Prelander Berroa P | CHW ,0,0,0,0,0,0,0,0,0,0,0,0,0,0.00,0.00,9999
W ,Tristan Archer P | MIL,0,0,0,0,0,0,0,0,0,0,0,0,0,0.00,0.00,9999
W ,Tyson Guerrero P | KC,0,0,0,0,0,0,0,0,0,0,0,0,0,0.00,0.00,9999
W ,Carter Spivey P | CLE,0,0,0,0,0,0,0,0,0,0,0,0,0,0.00,0.00,9999
W ,Braydon Fisher P | TOR,0,0,0,0,0,0,0,0,0,0,0,0,0,0.00,0.00,9999
W ,Zach Jacobs P | CLE,0,0,0,0,0,0,0,0,0,0,0,0,0,0.00,0.00,9999
W ,Wyatt Strahan P | MIN,0,0,0,0,0,0,0,0,0,0,0,0,0,0.00,0.00,9999
W ,Franklin German P | BOS,0,0,0,0,0,0,0,0,0,0,0,0,0,0.00,0.00,9999
W ,Michael Gomez P | STL ,0,0,0,0,0,0,0,0,0,0,0,0,0,0.00,0.00,9999
W ,Matt Svanson P | STL,0,0,0,0,0,0,0,0,0,0,0,0,0,0.00,0.00,9999
W ,Jackson McClelland P | TOR,0,0,0,0,0,0,0,0,0,0,0,0,0,0.00,0.00,9999
W ,Easton McGee P | MIL,0,0,0,0,0,0,0,0,0,0,0,0,0,0.00,0.00,9999
W ,Matt Gage P | DET,0,0,0,0,0,0,0,0,0,0,0,0,0,0.00,0.00,9999
W ,Adam Hill P | NYM,0,0,0,0,0,0,0,0,0,0,0,0,0,0.00,0.00,9999
W ,Kenyon Yovan P | LAA,0,0,0,0,0,0,0,0,0,0,0,0,0,0.00,0.00,9999
W ,Sean McLaughlin P | ATL,0,0,0,0,0,0,0,0,0,0,0,0,0,0.00,0.00,9999
W ,Tyler Guilfoil P | HOU,0,0,0,0,0,0,0,0,0,0,0,0,0,0.00,0.00,9999
W ,Alex Hoppe P | BOS,0,0,0,0,0,0,0,0,0,0,0,0,0,0.00,0.00,9999
W ,Nick Howard P | CIN,0,0,0,0,0,0,0,0,0,0,0,0,0,0.00,0.00,9999
W ,Peter Tago P | SF,0,0,0,0,0,0,0,0,0,0,0,0,0,0.00,0.00,9999
W ,Jose Olivares P | MIN,0,0,0,0,0,0,0,0,0,0,0,0,0,0.00,0.00,9999
W ,Tyler Thomas P | LAA,0,0,0,0,0,0,0,0,0,0,0,0,0,0.00,0.00,9999
W ,Fred Schlichtholz P | SD,0,0,0,0,0,0,0,0,0,0,0,0,0,0.00,0.00,9999
W ,Drew Carlton P | SD,0,0,0,0,0,0,0,0,0,0,0,0,0,0.00,0.00,9999
W ,Cole Winn P | TEX,0,0,0,0,0,0,0,0,0,0,0,0,0,0.00,0.00,9999
W ,Keyner Benitez P | MIA,0,0,0,0,0,0,0,0,0,0,0,0,0,0.00,0.00,9999
W ,Cameron Leonard P | TB,0,0,0,0,0,0,0,0,0,0,0,0,0,0.00,0.00,9999
W ,Jon Olczak P | ATL,0,0,0,0,0,0,0,0,0,0,0,0,0,0.00,0.00,9999
W ,Jake Diekman P | ATL ,0,0,0,0,0,0,0,0,0,0,0,0,0,0.00,0.00,9999
W ,Justin Thomas P | WAS,0,0,0,0,0,0,0,0,0,0,0,0,0,0.00,0.00,9999
W ,Carson Rudd P | CIN,0,0,0,0,0,0,0,0,0,0,0,0,0,0.00,0.00,9999
W ,Kade Morris P | ATH,0,0,0,0,0,0,0,0,0,0,0,0,0,0.00,0.00,9999
W ,Joseph Zanghi P | NYM,0,0,0,0,0,0,0,0,0,0,0,0,0,0.00,0.00,9999
W ,Pat Monteverde P | MIA,0,0,0,0,0,0,0,0,0,0,0,0,0,0.00,0.00,9999
W ,Adrian Martinez P | ATH,0,0,0,0,0,0,0,0,0,0,0,0,0,0.00,0.00,9999
W ,William Kempner P | MIA,0,0,0,0,0,0,0,0,0,0,0,0,0,0.00,0.00,9999
W ,Maddux Bruns P | LAD,0,0,0,0,0,0,0,0,0,0,0,0,0,0.00,0.00,9999
W ,Leonardo Pestana P | NYY,0,0,0,0,0,0,0,0,0,0,0,0,0,0.00,0.00,9999
W ,Zack Leban P | MIA,0,0,0,0,0,0,0,0,0,0,0,0,0,0.00,0.00,9999
W ,Yordin Chalas P | ARI,0,0,0,0,0,0,0,0,0,0,0,0,0,0.00,0.00,9999
W ,Colten Brewer P | NYY,0,0,0,0,0,0,0,0,0,0,0,0,0,0.00,0.00,9999
W ,Jack Mahoney P | COL,0,0,0,0,0,0,0,0,0,0,0,0,0,0.00,0.00,9999
W ,Kyle Robinson P | ATH,0,0,0,0,0,0,0,0,0,0,0,0,0,0.00,0.00,9999
W ,Michael Knorr P | HOU,0,0,0,0,0,0,0,0,0,0,0,0,0,0.00,0.00,9999
W ,Nolan Clenney P | CHC,0,0,0,0,0,0,0,0,0,0,0,0,0,0.00,0.00,9999
W ,Jonathan Stiever P | CHW,0,0,0,0,0,0,0,0,0,0,0,0,0,0.00,0.00,9999
W ,Harrison Cohen P | NYY,0,0,0,0,0,0,0,0,0,0,0,0,0,0.00,0.00,9999
W ,Brad Wieck P | CHC,0,0,0,0,0,0,0,0,0,0,0,0,0,0.00,0.00,9999
W ,Cody Winiarski P | CHW,0,0,0,0,0,0,0,0,0,0,0,0,0,0.00,0.00,9999
W ,Paul Voelker P | DET,0,0,0,0,0,0,0,0,0,0,0,0,0,0.00,0.00,9999
W ,Willy Collado P | HOU,0,0,0,0,0,0,0,0,0,0,0,0,0,0.00,0.00,9999
W ,Blaine Knight P | BAL,0,0,0,0,0,0,0,0,0,0,0,0,0,0.00,0.00,9999
W ,Barret Loux P | CHC,0,0,0,0,0,0,0,0,0,0,0,0,0,0.00,0.00,9999
W ,Jonny Cuevas P | TB,0,0,0,0,0,0,0,0,0,0,0,0,0,0.00,0.00,9999
W ,Jace Vines P | KC,0,0,0,0,0,0,0,0,0,0,0,0,0,0.00,0.00,9999
W ,Ryan Lillie P | CIN,0,0,0,0,0,0,0,0,0,0,0,0,0,0.00,0.00,9999
W ,Zach Logue P | LAD,0,0,0,0,0,0,0,0,0,0,0,0,0,0.00,0.00,9999
W ,Kris Hall P | ATH,0,0,0,0,0,0,0,0,0,0,0,0,0,0.00,0.00,9999
W ,Andrew Morris P | MIN,0,0,0,0,0,0,0,0,0,0,0,0,0,0.00,0.00,9999
W ,Parker Curry P | LAD,0,0,0,0,0,0,0,0,0,0,0,0,0,0.00,0.00,9999
W ,Luke Craig P | ARI,0,0,0,0,0,0,0,0,0,0,0,0,0,0.00,0.00,9999
W ,Frank Duncan P | COL,0,0,0,0,0,0,0,0,0,0,0,0,0,0.00,0.00,9999
W ,Santiago Suarez P | TB,0,0,0,0,0,0,0,0,0,0,0,0,0,0.00,0.00,9999
W ,Yeury Gervacio P | CLE,0,0,0,0,0,0,0,0,0,0,0,0,0,0.00,0.00,9999
W ,Seth Johnson P | PHI,0,0,0,0,0,0,0,0,0,0,0,0,0,0.00,0.00,9999
W ,Skylar Szynski P | ATH,0,0,0,0,0,0,0,0,0,0,0,0,0,0.00,0.00,9999
W ,Scott Griggs P | COL,0,0,0,0,0,0,0,0,0,0,0,0,0,0.00,0.00,9999
W ,Albert Minnis P | HOU,0,0,0,0,0,0,0,0,0,0,0,0,0,0.00,0.00,9999
W ,Julian Aguiar P | CIN ,0,0,0,0,0,0,0,0,0,0,0,0,0,0.00,0.00,9999
W ,Tekoah Roby P | STL,0,0,0,0,0,0,0,0,0,0,0,0,0,0.00,0.00,9999
W ,Hyun-Seok Jang P | LAD,0,0,0,0,0,0,0,0,0,0,0,0,0,0.00,0.00,9999
W ,Franklin Sanchez P | MIA ,0,0,0,0,0,0,0,0,0,0,0,0,0,0.00,0.00,9999
W ,Rolddy Munoz P | ATL,0,0,0,0,0,0,0,0,0,0,0,0,0,0.00,0.00,9999
W ,Hyun-Jin Ryu P | TOR,0,0,0,0,0,0,0,0,0,0,0,0,0,0.00,0.00,9999
W ,Riley O'Brien P | STL ,0,0,0,0,0,0,0,0,0,0,0,0,0,0.00,0.00,9999
W ,Enoli Paredes P | ATL,0,0,0,0,0,0,0,0,0,0,0,0,0,0.00,0.00,9999
W ,Aldrin Batista P | CHW,0,0,0,0,0,0,0,0,0,0,0,0,0,0.00,0.00,9999
W ,Taylor Lehman P | PHI,0,0,0,0,0,0,0,0,0,0,0,0,0,0.00,0.00,9999
W ,Nick Brink P | MIA,0,0,0,0,0,0,0,0,0,0,0,0,0,0.00,0.00,9999
W ,Jarod Wright P | CHC,0,0,0,0,0,0,0,0,0,0,0,0,0,0.00,0.00,9999
W ,Samuel Strickland P | ATL,0,0,0,0,0,0,0,0,0,0,0,0,0,0.00,0.00,9999
W ,Donovan Benoit P | CIN,0,0,0,0,0,0,0,0,0,0,0,0,0,0.00,0.00,9999
W ,Luis Quinones P | TOR,0,0,0,0,0,0,0,0,0,0,0,0,0,0.00,0.00,9999
W ,Po-Yu Chen P | PIT,0,0,0,0,0,0,0,0,0,0,0,0,0,0.00,0.00,9999
W ,Dedgar Jimenez P | BOS,0,0,0,0,0,0,0,0,0,0,0,0,0,0.00,0.00,9999
W ,Gabe Mosser P | PHI,0,0,0,0,0,0,0,0,0,0,0,0,0,0.00,0.00,9999
W ,Jonathan Santucci P | NYM,0,0,0,0,0,0,0,0,0,0,0,0,0,0.00,0.00,9999
W ,Micah Ottenbreit P | PHI,0,0,0,0,0,0,0,0,0,0,0,0,0,0.00,0.00,9999
W ,Osiris German P | MIN,0,0,0,0,0,0,0,0,0,0,0,0,0,0.00,0.00,9999
W ,Zach Linginfelter P | LAA,0,0,0,0,0,0,0,0,0,0,0,0,0,0.00,0.00,9999
W ,Cole Paplham P | SD,0,0,0,0,0,0,0,0,0,0,0,0,0,0.00,0.00,9999
W ,Carlos Portuondo P | CIN,0,0,0,0,0,0,0,0,0,0,0,0,0,0.00,0.00,9999
W ,Kolton Ingram P | SF,0,0,0,0,0,0,0,0,0,0,0,0,0,0.00,0.00,9999
W ,Tommy Shirley P | HOU,0,0,0,0,0,0,0,0,0,0,0,0,0,0.00,0.00,9999
W ,Jordany Ventura P | NYY,0,0,0,0,0,0,0,0,0,0,0,0,0,0.00,0.00,9999
W ,Aaron Perry P | BOS,0,0,0,0,0,0,0,0,0,0,0,0,0,0.00,0.00,9999
W ,Brooks Kriske P | CHC,0,0,0,0,0,0,0,0,0,0,0,0,0,0.00,0.00,9999
W ,Mike Kaelin P | LAA,0,0,0,0,0,0,0,0,0,0,0,0,0,0.00,0.00,9999
W ,Michael Jensen P | CHC,0,0,0,0,0,0,0,0,0,0,0,0,0,0.00,0.00,9999
W ,David Leal P | ATH,0,0,0,0,0,0,0,0,0,0,0,0,0,0.00,0.00,9999
W ,Austin Warner P | CHW,0,0,0,0,0,0,0,0,0,0,0,0,0,0.00,0.00,9999
W ,Cory Lewis P | MIN,0,0,0,0,0,0,0,0,0,0,0,0,0,0.00,0.00,9999
W ,Nick Garcia P | PIT,0,0,0,0,0,0,0,0,0,0,0,0,0,0.00,0.00,9999
W ,Ralston Cash P | LAD,0,0,0,0,0,0,0,0,0,0,0,0,0,0.00,0.00,9999
W ,Davis Daniel P | ATL,0,0,0,0,0,0,0,0,0,0,0,0,0,0.00,0.00,9999
W ,Dylan Covey P | ATL,0,0,0,0,0,0,0,0,0,0,0,0,0,0.00,0.00,9999
W ,Andrew Bellatti P | PHI,0,0,0,0,0,0,0,0,0,0,0,0,0,0.00,0.00,9999
W ,Cole Stapler P | ARI,0,0,0,0,0,0,0,0,0,0,0,0,0,0.00,0.00,9999
W ,Todd Peterson P | WAS,0,0,0,0,0,0,0,0,0,0,0,0,0,0.00,0.00,9999
W ,Edgar Barclay P | NYY,0,0,0,0,0,0,0,0,0,0,0,0,0,0.00,0.00,9999
W ,Matt Custred P | LAA,0,0,0,0,0,0,0,0,0,0,0,0,0,0.00,0.00,9999
W ,Eric Karch P | LAA,0,0,0,0,0,0,0,0,0,0,0,0,0,0.00,0.00,9999
W ,Adrian Florencio P | PIT,0,0,0,0,0,0,0,0,0,0,0,0,0,0.00,0.00,9999
W ,Clayton Cook P | TEX,0,0,0,0,0,0,0,0,0,0,0,0,0,0.00,0.00,9999
W ,Matt Walker P | DET,0,0,0,0,0,0,0,0,0,0,0,0,0,0.00,0.00,9999
W ,Andres Machado P | WAS,0,0,0,0,0,0,0,0,0,0,0,0,0,0.00,0.00,9999
W ,Andrew Vasquez P | DET,0,0,0,0,0,0,0,0,0,0,0,0,0,0.00,0.00,9999
W ,Nolan McLean P | NYM,0,0,0,0,0,0,0,0,0,0,0,0,0,0.00,0.00,9999
W ,Raymond Kerr P | ATL,0,0,0,0,0,0,0,0,0,0,0,0,0,0.00,0.00,9999
W ,Cale Coshow P | NYY,0,0,0,0,0,0,0,0,0,0,0,0,0,0.00,0.00,9999
W ,William Ouellette P | TOR,0,0,0,0,0,0,0,0,0,0,0,0,0,0.00,0.00,9999
W ,Tyler Bugner P | COL,0,0,0,0,0,0,0,0,0,0,0,0,0,0.00,0.00,9999
W ,Harold Chirino P | SD,0,0,0,0,0,0,0,0,0,0,0,0,0,0.00,0.00,9999
W ,Bryan Pope P | STL,0,0,0,0,0,0,0,0,0,0,0,0,0,0.00,0.00,9999
W ,Juan Gonzalez P | STL,0,0,0,0,0,0,0,0,0,0,0,0,0,0.00,0.00,9999
W ,Jake Rice P | ARI,0,0,0,0,0,0,0,0,0,0,0,0,0,0.00,0.00,9999
W ,Brad Allen P | TOR,0,0,0,0,0,0,0,0,0,0,0,0,0,0.00,0.00,9999
W ,Nick Davila P | SEA ,0,0,0,0,0,0,0,0,0,0,0,0,0,0.00,0.00,9999
W ,Brody Rodning P | HOU,0,0,0,0,0,0,0,0,0,0,0,0,0,0.00,0.00,9999
W ,Lucas Long P | BAL,0,0,0,0,0,0,0,0,0,0,0,0,0,0.00,0.00,9999
W ,Walbert Urena P | LAA,0,0,0,0,0,0,0,0,0,0,0,0,0,0.00,0.00,9999
W ,Josh Winckowski P | BOS ,0,0,0,0,0,0,0,0,0,0,0,0,0,0.00,0.00,9999
W ,Kyle Muller P | ATH,0,0,0,0,0,0,0,0,0,0,0,0,0,0.00,0.00,9999
W ,Zack Hess P | DET,0,0,0,0,0,0,0,0,0,0,0,0,0,0.00,0.00,9999
W ,Zach Lovvorn P | KC,0,0,0,0,0,0,0,0,0,0,0,0,0,0.00,0.00,9999
W ,Yujanyer Herrera P | COL ,0,0,0,0,0,0,0,0,0,0,0,0,0,0.00,0.00,9999
W ,Zane Morehouse P | CLE,0,0,0,0,0,0,0,0,0,0,0,0,0,0.00,0.00,9999
W ,Richard Guasch P | WAS,0,0,0,0,0,0,0,0,0,0,0,0,0,0.00,0.00,9999
W ,Trevor Gott P | SEA,0,0,0,0,0,0,0,0,0,0,0,0,0,0.00,0.00,9999
W ,William English P | LAA,0,0,0,0,0,0,0,0,0,0,0,0,0,0.00,0.00,9999
W ,Kody Kerski P | SEA,0,0,0,0,0,0,0,0,0,0,0,0,0,0.00,0.00,9999
W ,Carlos Garcia P | TB,0,0,0,0,0,0,0,0,0,0,0,0,0,0.00,0.00,9999
W ,Blake Money P | BAL,0,0,0,0,0,0,0,0,0,0,0,0,0,0.00,0.00,9999
W ,Daniel Palencia P | CHC ,0,0,0,0,0,0,0,0,0,0,0,0,0,0.00,0.00,9999
W ,Shawn Haviland P | BOS,0,0,0,0,0,0,0,0,0,0,0,0,0,0.00,0.00,9999
W ,Kevin Herget P | NYM,0,0,0,0,0,0,0,0,0,0,0,0,0,0.00,0.00,9999
W ,Jonathan Bowlan P | KC ,0,0,0,0,0,0,0,0,0,0,0,0,0,0.00,0.00,9999
W ,Matt Milroy P | MIA,0,0,0,0,0,0,0,0,0,0,0,0,0,0.00,0.00,9999
W ,Brian Holiday P | STL,0,0,0,0,0,0,0,0,0,0,0,0,0,0.00,0.00,9999
W ,Ben Harris P | LAD,0,0,0,0,0,0,0,0,0,0,0,0,0,0.00,0.00,9999
W ,Jacob Meador P | LAD,0,0,0,0,0,0,0,0,0,0,0,0,0,0.00,0.00,9999
W ,Ricky Salinas P | CIN,0,0,0,0,0,0,0,0,0,0,0,0,0,0.00,0.00,9999
W ,Jack Carey P | PIT,0,0,0,0,0,0,0,0,0,0,0,0,0,0.00,0.00,9999
W ,Nash Walters P | LAA,0,0,0,0,0,0,0,0,0,0,0,0,0,0.00,0.00,9999
W ,Matthew Thompson P | CHW,0,0,0,0,0,0,0,0,0,0,0,0,0,0.00,0.00,9999
W ,Kyle Tyler P | PHI ,0,0,0,0,0,0,0,0,0,0,0,0,0,0.00,0.00,9999
W ,Brett Adcock P | HOU,0,0,0,0,0,0,0,0,0,0,0,0,0,0.00,0.00,9999
W ,Juan Abreu P | WAS,0,0,0,0,0,0,0,0,0,0,0,0,0,0.00,0.00,9999
W ,Hunter Schryver P | CHW,0,0,0,0,0,0,0,0,0,0,0,0,0,0.00,0.00,9999
W ,Kash Mayfield P | SD,0,0,0,0,0,0,0,0,0,0,0,0,0,0.00,0.00,9999
W ,Derek Craft P | NYY,0,0,0,0,0,0,0,0,0,0,0,0,0,0.00,0.00,9999
W ,Spencer Howard P | CLE,0,0,0,0,0,0,0,0,0,0,0,0,0,0.00,0.00,9999
W ,Cole Miller P | ATH ,0,0,0,0,0,0,0,0,0,0,0,0,0,0.00,0.00,9999
W ,Blake Walston P | ARI ,0,0,0,0,0,0,0,0,0,0,0,0,0,0.00,0.00,9999
W ,Cade Denton P | COL,0,0,0,0,0,0,0,0,0,0,0,0,0,0.00,0.00,9999
W ,Brian Van Belle P | BOS,0,0,0,0,0,0,0,0,0,0,0,0,0,0.00,0.00,9999
W ,Duane Underwood P | NYY,0,0,0,0,0,0,0,0,0,0,0,0,0,0.00,0.00,9999
W ,Sam Stuhr P | ATH,0,0,0,0,0,0,0,0,0,0,0,0,0,0.00,0.00,9999
W ,Riley Martin P | CHC,0,0,0,0,0,0,0,0,0,0,0,0,0,0.00,0.00,9999
W ,Justin Jarvis P | LAD,0,0,0,0,0,0,0,0,0,0,0,0,0,0.00,0.00,9999
W ,Edwuin Bencomo P | SD,0,0,0,0,0,0,0,0,0,0,0,0,0,0.00,0.00,9999
W ,Keegan Akin P | BAL,0,0,0,0,0,0,0,0,0,0,0,0,0,0.00,0.00,9999
W ,Chris Anderson P | LAD,0,0,0,0,0,0,0,0,0,0,0,0,0,0.00,0.00,9999
W ,Tyler Mattison P | DET ,0,0,0,0,0,0,0,0,0,0,0,0,0,0.00,0.00,9999
W ,Vinny Nittoli P | MIL,0,0,0,0,0,0,0,0,0,0,0,0,0,0.00,0.00,9999
W ,Nathanael Heredia P | STL,0,0,0,0,0,0,0,0,0,0,0,0,0,0.00,0.00,9999
W ,Luis Ortiz P | NYM,0,0,0,0,0,0,0,0,0,0,0,0,0,0.00,0.00,9999
W ,Alaska Abney P | CLE,0,0,0,0,0,0,0,0,0,0,0,0,0,0.00,0.00,9999
W ,Colton Eastman P | PHI,0,0,0,0,0,0,0,0,0,0,0,0,0,0.00,0.00,9999
W ,Emmanuel Ramirez P | TOR,0,0,0,0,0,0,0,0,0,0,0,0,0,0.00,0.00,9999
W ,Daniel Nunez P | ARI,0,0,0,0,0,0,0,0,0,0,0,0,0,0.00,0.00,9999
W ,Griffin Herring P | NYY,0,0,0,0,0,0,0,0,0,0,0,0,0,0.00,0.00,9999
W ,Kevin Lenik P | KC,0,0,0,0,0,0,0,0,0,0,0,0,0,0.00,0.00,9999
W ,Jose Adames P | BOS,0,0,0,0,0,0,0,0,0,0,0,0,0,0.00,0.00,9999
W ,Jon Keller P | BAL,0,0,0,0,0,0,0,0,0,0,0,0,0,0.00,0.00,9999
W ,Trent Harris P | SF,0,0,0,0,0,0,0,0,0,0,0,0,0,0.00,0.00,9999
W ,Brian Marconi P | PHI,0,0,0,0,0,0,0,0,0,0,0,0,0,0.00,0.00,9999
W ,Alonzo Tredwell P | HOU ,0,0,0,0,0,0,0,0,0,0,0,0,0,0.00,0.00,9999
W ,Ricky DeVito P | MIA,0,0,0,0,0,0,0,0,0,0,0,0,0,0.00,0.00,9999
W ,Robby Rowland P | STL,0,0,0,0,0,0,0,0,0,0,0,0,0,0.00,0.00,9999
W ,Esteban Mejia P | BAL,0,0,0,0,0,0,0,0,0,0,0,0,0,0.00,0.00,9999
W ,Luis Velasquez P | NYY,0,0,0,0,0,0,0,0,0,0,0,0,0,0.00,0.00,9999
W ,Cameron Sullivan P | CLE,0,0,0,0,0,0,0,0,0,0,0,0,0,0.00,0.00,9999
W ,Conor Grammes P | ARI,0,0,0,0,0,0,0,0,0,0,0,0,0,0.00,0.00,9999
W ,Benjamin Gross P | MIN,0,0,0,0,0,0,0,0,0,0,0,0,0,0.00,0.00,9999
W ,Jimmy Robbins P | TOR,0,0,0,0,0,0,0,0,0,0,0,0,0,0.00,0.00,9999
W ,Luis Ledo P | LAA,0,0,0,0,0,0,0,0,0,0,0,0,0,0.00,0.00,9999
W ,Chen Zhuang P | ATH,0,0,0,0,0,0,0,0,0,0,0,0,0,0.00,0.00,9999
W ,Ben Hess P | NYY,0,0,0,0,0,0,0,0,0,0,0,0,0,0.00,0.00,9999
W ,Jeff Lindgren P | MIA,0,0,0,0,0,0,0,0,0,0,0,0,0,0.00,0.00,9999
W ,Juan De La Cruz P | MIA,0,0,0,0,0,0,0,0,0,0,0,0,0,0.00,0.00,9999
W ,Alejandro Mateo P | CHW,0,0,0,0,0,0,0,0,0,0,0,0,0,0.00,0.00,9999
W ,Garrett Schoenle P | CHW,0,0,0,0,0,0,0,0,0,0,0,0,0,0.00,0.00,9999
W ,Jackson Fristoe P | NYY ,0,0,0,0,0,0,0,0,0,0,0,0,0,0.00,0.00,9999
W ,Raffi Vizcaino P | ARI,0,0,0,0,0,0,0,0,0,0,0,0,0,0.00,0.00,9999
W ,Mike McCarthy P | BOS,0,0,0,0,0,0,0,0,0,0,0,0,0,0.00,0.00,9999
W ,Sal Biasi P | CHW,0,0,0,0,0,0,0,0,0,0,0,0,0,0.00,0.00,9999
W ,Miguel Medrano P | CIN,0,0,0,0,0,0,0,0,0,0,0,0,0,0.00,0.00,9999
W ,Jairo Iriarte P | CHW,0,0,0,0,0,0,0,0,0,0,0,0,0,0.00,0.00,9999
W ,Jake Palisch P | CHW,0,0,0,0,0,0,0,0,0,0,0,0,0,0.00,0.00,9999
W ,Jarret Martin P | TEX,0,0,0,0,0,0,0,0,0,0,0,0,0,0.00,0.00,9999
W ,Bear Bellomy P | PIT,0,0,0,0,0,0,0,0,0,0,0,0,0,0.00,0.00,9999
W ,Matt Sauer P | LAD ,0,0,0,0,0,0,0,0,0,0,0,0,0,0.00,0.00,9999
W ,Tyler Baum P | ATH,0,0,0,0,0,0,0,0,0,0,0,0,0,0.00,0.00,9999
W ,Zach Vennaro P | MIL,0,0,0,0,0,0,0,0,0,0,0,0,0,0.00,0.00,9999
W ,Daniel Duarte P | MIN,0,0,0,0,0,0,0,0,0,0,0,0,0,0.00,0.00,9999
W ,Sean Hunley P | TB,0,0,0,0,0,0,0,0,0,0,0,0,0,0.00,0.00,9999
W ,Bryce Cunningham P | NYY,0,0,0,0,0,0,0,0,0,0,0,0,0,0.00,0.00,9999
W ,Tyler Carr P | PHI,0,0,0,0,0,0,0,0,0,0,0,0,0,0.00,0.00,9999
W ,Brady Smith P | LAD ,0,0,0,0,0,0,0,0,0,0,0,0,0,0.00,0.00,9999
W ,Alex FaGalde P | STL,0,0,0,0,0,0,0,0,0,0,0,0,0,0.00,0.00,9999
W ,Mark Zimmerman P | SD,0,0,0,0,0,0,0,0,0,0,0,0,0,0.00,0.00,9999
W ,Jefry Yan P | COL,0,0,0,0,0,0,0,0,0,0,0,0,0,0.00,0.00,9999
W ,Ricardo Pinto P | PHI,0,0,0,0,0,0,0,0,0,0,0,0,0,0.00,0.00,9999
W ,Jackson Ferris P | LAD,0,0,0,0,0,0,0,0,0,0,0,0,0,0.00,0.00,9999
W ,Jonathan Holder P | TEX,0,0,0,0,0,0,0,0,0,0,0,0,0,0.00,0.00,9999
W ,Konnor Ash P | PHI,0,0,0,0,0,0,0,0,0,0,0,0,0,0.00,0.00,9999
W ,Jordan Weems P | ATL,0,0,0,0,0,0,0,0,0,0,0,0,0,0.00,0.00,9999
W ,Aroni Nina P | SD,0,0,0,0,0,0,0,0,0,0,0,0,0,0.00,0.00,9999
W ,Trenton Denholm P | CLE,0,0,0,0,0,0,0,0,0,0,0,0,0,0.00,0.00,9999
W ,Caleb Kilian P | CHC,0,0,0,0,0,0,0,0,0,0,0,0,0,0.00,0.00,9999
W ,Gerelmi Maldonado P | SF,0,0,0,0,0,0,0,0,0,0,0,0,0,0.00,0.00,9999
W ,Misael Tamarez P | HOU,0,0,0,0,0,0,0,0,0,0,0,0,0,0.00,0.00,9999
W ,Michael Brewer P | TEX,0,0,0,0,0,0,0,0,0,0,0,0,0,0.00,0.00,9999
W ,Grant Anderson P | MIL,0,0,0,0,0,0,0,0,0,0,0,0,0,0.00,0.00,9999
W ,Luke Sinnard P | ATL ,0,0,0,0,0,0,0,0,0,0,0,0,0,0.00,0.00,9999
W ,Sam Weatherly P | COL,0,0,0,0,0,0,0,0,0,0,0,0,0,0.00,0.00,9999
W ,Brett Conine P | HOU,0,0,0,0,0,0,0,0,0,0,0,0,0,0.00,0.00,9999
W ,Cam Alldred P | PIT,0,0,0,0,0,0,0,0,0,0,0,0,0,0.00,0.00,9999
W ,Austin Smith P | SD,0,0,0,0,0,0,0,0,0,0,0,0,0,0.00,0.00,9999
W ,Alexander Almonte P | NYY,0,0,0,0,0,0,0,0,0,0,0,0,0,0.00,0.00,9999
W ,Jayvien Sandridge P | NYY,0,0,0,0,0,0,0,0,0,0,0,0,0,0.00,0.00,9999
W ,Edwin Escobar P | CHC,0,0,0,0,0,0,0,0,0,0,0,0,0,0.00,0.00,9999
W ,Cameron Bishop P | BAL,0,0,0,0,0,0,0,0,0,0,0,0,0,0.00,0.00,9999
W ,Jon Duplantier P | NYM,0,0,0,0,0,0,0,0,0,0,0,0,0,0.00,0.00,9999
W ,Charles Nading P | SD,0,0,0,0,0,0,0,0,0,0,0,0,0,0.00,0.00,9999
W ,Jake Stinnett P | CHC,0,0,0,0,0,0,0,0,0,0,0,0,0,0.00,0.00,9999
W ,Kirby Snead P | SEA,0,0,0,0,0,0,0,0,0,0,0,0,0,0.00,0.00,9999
W ,Nolan Becker P | CIN,0,0,0,0,0,0,0,0,0,0,0,0,0,0.00,0.00,9999
W ,Jeremy Rhoades P | LAA,0,0,0,0,0,0,0,0,0,0,0,0,0,0.00,0.00,9999
W ,Matt Foster P | CHW,0,0,0,0,0,0,0,0,0,0,0,0,0,0.00,0.00,9999
W ,Brian Hendry P | NYY,0,0,0,0,0,0,0,0,0,0,0,0,0,0.00,0.00,9999
W ,Bud Jeter P | ARI,0,0,0,0,0,0,0,0,0,0,0,0,0,0.00,0.00,9999
W ,Jason Alexander P | ATH,0,0,0,0,0,0,0,0,0,0,0,0,0,0.00,0.00,9999
W ,Denny Bentley P | MIN,0,0,0,0,0,0,0,0,0,0,0,0,0,0.00,0.00,9999
W ,George Klassen P | LAA,0,0,0,0,0,0,0,0,0,0,0,0,0,0.00,0.00,9999
W ,Mavis Graves P | PHI,0,0,0,0,0,0,0,0,0,0,0,0,0,0.00,0.00,9999
W ,David Sandlin P | BOS,0,0,0,0,0,0,0,0,0,0,0,0,0,0.00,0.00,9999
W ,Josh Randall P | DET,0,0,0,0,0,0,0,0,0,0,0,0,0,0.00,0.00,9999
W ,Theo Denlinger P | BOS,0,0,0,0,0,0,0,0,0,0,0,0,0,0.00,0.00,9999
W ,Ben Bowden P | ATH,0,0,0,0,0,0,0,0,0,0,0,0,0,0.00,0.00,9999
W ,Reid Schaller P | WAS,0,0,0,0,0,0,0,0,0,0,0,0,0,0.00,0.00,9999
W ,Ty Buttrey P | SEA,0,0,0,0,0,0,0,0,0,0,0,0,0,0.00,0.00,9999
W ,Jack Jasiak P | CLE,0,0,0,0,0,0,0,0,0,0,0,0,0,0.00,0.00,9999
W ,Zach Franklin P | CHW,0,0,0,0,0,0,0,0,0,0,0,0,0,0.00,0.00,9999
W ,Tristan Garnett P | PHI,0,0,0,0,0,0,0,0,0,0,0,0,0,0.00,0.00,9999
W ,Chad Patrick P | MIL,0,0,0,0,0,0,0,0,0,0,0,0,0,0.00,0.00,9999
W ,Sam Armstrong P | CHC,0,0,0,0,0,0,0,0,0,0,0,0,0,0.00,0.00,9999
W ,Micah Dallas P | ATH,0,0,0,0,0,0,0,0,0,0,0,0,0,0.00,0.00,9999
W ,Emmanuel Mejia P | TB,0,0,0,0,0,0,0,0,0,0,0,0,0,0.00,0.00,9999
W ,Austin Mason P | ARI,0,0,0,0,0,0,0,0,0,0,0,0,0,0.00,0.00,9999
W ,Brad Schreiber P | TB,0,0,0,0,0,0,0,0,0,0,0,0,0,0.00,0.00,9999
W ,Jacob Steinmetz P | ARI,0,0,0,0,0,0,0,0,0,0,0,0,0,0.00,0.00,9999
W ,A.J. Vanegas P | LAD,0,0,0,0,0,0,0,0,0,0,0,0,0,0.00,0.00,9999
W ,Diomar Lopez P | CIN,0,0,0,0,0,0,0,0,0,0,0,0,0,0.00,0.00,9999
W ,Eris Filpo P | TEX,0,0,0,0,0,0,0,0,0,0,0,0,0,0.00,0.00,9999
W ,Justin Yeager P | MIL,0,0,0,0,0,0,0,0,0,0,0,0,0,0.00,0.00,9999
W ,Colton Turner P | ARI,0,0,0,0,0,0,0,0,0,0,0,0,0,0.00,0.00,9999
W ,Jack Leftwich P | CLE,0,0,0,0,0,0,0,0,0,0,0,0,0,0.00,0.00,9999
W ,Chase Watkins P | CHC,0,0,0,0,0,0,0,0,0,0,0,0,0,0.00,0.00,9999
W ,Kade Bragg P | MIN,0,0,0,0,0,0,0,0,0,0,0,0,0,0.00,0.00,9999
W ,Austin Fleet P | SF,0,0,0,0,0,0,0,0,0,0,0,0,0,0.00,0.00,9999
W ,Jackson Goddard P | ARI,0,0,0,0,0,0,0,0,0,0,0,0,0,0.00,0.00,9999
W ,Tommy Romero P | SF,0,0,0,0,0,0,0,0,0,0,0,0,0,0.00,0.00,9999
W ,Brian Keller P | BOS,0,0,0,0,0,0,0,0,0,0,0,0,0,0.00,0.00,9999
W ,Dalton Moats P | TB,0,0,0,0,0,0,0,0,0,0,0,0,0,0.00,0.00,9999
W ,Michael Darrell-Hicks P | LAA,0,0,0,0,0,0,0,0,0,0,0,0,0,0.00,0.00,9999
W ,Denny Brady P | LAA,0,0,0,0,0,0,0,0,0,0,0,0,0,0.00,0.00,9999
W ,Caleb Baragar P | CLE,0,0,0,0,0,0,0,0,0,0,0,0,0,0.00,0.00,9999
W ,Calvin Coker P | DET,0,0,0,0,0,0,0,0,0,0,0,0,0,0.00,0.00,9999
W ,Raul Brito P | SD,0,0,0,0,0,0,0,0,0,0,0,0,0,0.00,0.00,9999
W ,Dany Jimenez P | ATL,0,0,0,0,0,0,0,0,0,0,0,0,0,0.00,0.00,9999
W ,Danny Dopico P | CHW,0,0,0,0,0,0,0,0,0,0,0,0,0,0.00,0.00,9999
W ,Jordan Holloway P | SEA,0,0,0,0,0,0,0,0,0,0,0,0,0,0.00,0.00,9999
W ,Nolan Watson P | SD,0,0,0,0,0,0,0,0,0,0,0,0,0,0.00,0.00,9999
W ,Maximo Castillo P | PHI,0,0,0,0,0,0,0,0,0,0,0,0,0,0.00,0.00,9999
W ,Thyago Vieira P | ARI,0,0,0,0,0,0,0,0,0,0,0,0,0,0.00,0.00,9999
W ,Joe Nahas P | CHC,0,0,0,0,0,0,0,0,0,0,0,0,0,0.00,0.00,9999
W ,Luis De Avila P | ATL,0,0,0,0,0,0,0,0,0,0,0,0,0,0.00,0.00,9999
W ,Barrett Kent P | LAA,0,0,0,0,0,0,0,0,0,0,0,0,0,0.00,0.00,9999
W ,K.C. Hunt P | MIL,0,0,0,0,0,0,0,0,0,0,0,0,0,0.00,0.00,9999
W ,Rob Rogers P | LAD,0,0,0,0,0,0,0,0,0,0,0,0,0,0.00,0.00,9999
W ,Daniel Castano P | MIA,0,0,0,0,0,0,0,0,0,0,0,0,0,0.00,0.00,9999
W ,Patrick Ruotolo P | SF,0,0,0,0,0,0,0,0,0,0,0,0,0,0.00,0.00,9999
W ,Matt Crouse P | DET,0,0,0,0,0,0,0,0,0,0,0,0,0,0.00,0.00,9999
W ,Angel Sanchez P | SD,0,0,0,0,0,0,0,0,0,0,0,0,0,0.00,0.00,9999
W ,Anyelo Leclerc P | BOS,0,0,0,0,0,0,0,0,0,0,0,0,0,0.00,0.00,9999
W ,Brady Aiken P | CLE,0,0,0,0,0,0,0,0,0,0,0,0,0,0.00,0.00,9999
W ,Felipe De La Cruz P | NYM,0,0,0,0,0,0,0,0,0,0,0,0,0,0.00,0.00,9999
W ,Brett Schulze P | PHI,0,0,0,0,0,0,0,0,0,0,0,0,0,0.00,0.00,9999
W ,Michael Wagner P | CHC,0,0,0,0,0,0,0,0,0,0,0,0,0,0.00,0.00,9999
W ,Brandon Birdsell P | CHC,0,0,0,0,0,0,0,0,0,0,0,0,0,0.00,0.00,9999
W ,Boston Bateman P | SD,0,0,0,0,0,0,0,0,0,0,0,0,0,0.00,0.00,9999
W ,Eury Ramos P | CHC,0,0,0,0,0,0,0,0,0,0,0,0,0,0.00,0.00,9999
W ,Aaron Rozek P | MIN,0,0,0,0,0,0,0,0,0,0,0,0,0,0.00,0.00,9999
W ,Hagen Smith P | CHW,0,0,0,0,0,0,0,0,0,0,0,0,0,0.00,0.00,9999
W ,Jake Eder P | CHW,0,0,0,0,0,0,0,0,0,0,0,0,0,0.00,0.00,9999
W ,Adonis Medina P | SEA,0,0,0,0,0,0,0,0,0,0,0,0,0,0.00,0.00,9999
W ,Jacob Zibin P | CLE ,0,0,0,0,0,0,0,0,0,0,0,0,0,0.00,0.00,9999
W ,Stevie Emanuels P | ATH,0,0,0,0,0,0,0,0,0,0,0,0,0,0.00,0.00,9999
W ,Mitch Lambson P | MIL,0,0,0,0,0,0,0,0,0,0,0,0,0,0.00,0.00,9999
W ,Andrew Wantz P | TB,0,0,0,0,0,0,0,0,0,0,0,0,0,0.00,0.00,9999
W ,Josh Stephan P | TEX,0,0,0,0,0,0,0,0,0,0,0,0,0,0.00,0.00,9999
W ,Andrew Dalquist P | CHW,0,0,0,0,0,0,0,0,0,0,0,0,0,0.00,0.00,9999
W ,Kevin Ziomek P | DET,0,0,0,0,0,0,0,0,0,0,0,0,0,0.00,0.00,9999
W ,Phillippe Aumont P | DET,0,0,0,0,0,0,0,0,0,0,0,0,0,0.00,0.00,9999
W ,Mark McLaughlin P | CHW,0,0,0,0,0,0,0,0,0,0,0,0,0,0.00,0.00,9999
W ,Dakody Clemmer P | CLE,0,0,0,0,0,0,0,0,0,0,0,0,0,0.00,0.00,9999
W ,Trent Toplikar P | SF,0,0,0,0,0,0,0,0,0,0,0,0,0,0.00,0.00,9999
W ,Marcos Tineo P | ARI,0,0,0,0,0,0,0,0,0,0,0,0,0,0.00,0.00,9999
W ,Eduardo Herrera P | NYM,0,0,0,0,0,0,0,0,0,0,0,0,0,0.00,0.00,9999
W ,Jack Wynkoop P | COL,0,0,0,0,0,0,0,0,0,0,0,0,0,0.00,0.00,9999
W ,Gerardo Gutierrez P | ARI,0,0,0,0,0,0,0,0,0,0,0,0,0,0.00,0.00,9999
W ,Jim Fuller P | PIT,0,0,0,0,0,0,0,0,0,0,0,0,0,0.00,0.00,9999
W ,Jackson Stephens P | ATL,0,0,0,0,0,0,0,0,0,0,0,0,0,0.00,0.00,9999
W ,Jake Kalish P | LAA,0,0,0,0,0,0,0,0,0,0,0,0,0,0.00,0.00,9999
W ,Darrell Thompson P | MIL,0,0,0,0,0,0,0,0,0,0,0,0,0,0.00,0.00,9999
W ,Jose Corniell P | TEX ,0,0,0,0,0,0,0,0,0,0,0,0,0,0.00,0.00,9999
W ,Josh Roberson P | CHC,0,0,0,0,0,0,0,0,0,0,0,0,0,0.00,0.00,9999
W ,Luis Perdomo P | WAS,0,0,0,0,0,0,0,0,0,0,0,0,0,0.00,0.00,9999
W ,Sammy Natera P | LAA,0,0,0,0,0,0,0,0,0,0,0,0,0,0.00,0.00,9999
W ,Ryan Arrowood P | COL,0,0,0,0,0,0,0,0,0,0,0,0,0,0.00,0.00,9999
W ,Deivi Garcia P | MIL,0,0,0,0,0,0,0,0,0,0,0,0,0,0.00,0.00,9999
W ,Zane Barnhart P | BAL,0,0,0,0,0,0,0,0,0,0,0,0,0,0.00,0.00,9999
W ,Rico Garcia P | NYM,0,0,0,0,0,0,0,0,0,0,0,0,0,0.00,0.00,9999
W ,Buck Farmer P | ATL ,0,0,0,0,0,0,0,0,0,0,0,0,0,0.00,0.00,9999
W ,Matthew Hardy P | MIL,0,0,0,0,0,0,0,0,0,0,0,0,0,0.00,0.00,9999
W ,John Fasola P | TEX,0,0,0,0,0,0,0,0,0,0,0,0,0,0.00,0.00,9999
W ,Jeffrey Passantino P | PIT,0,0,0,0,0,0,0,0,0,0,0,0,0,0.00,0.00,9999
W ,David Roseboom P | NYM,0,0,0,0,0,0,0,0,0,0,0,0,0,0.00,0.00,9999
W ,Miguel Rosario P | PIT,0,0,0,0,0,0,0,0,0,0,0,0,0,0.00,0.00,9999
W ,Collin Kober P | SEA,0,0,0,0,0,0,0,0,0,0,0,0,0,0.00,0.00,9999
W ,Julian Smith P | LAD,0,0,0,0,0,0,0,0,0,0,0,0,0,0.00,0.00,9999
W ,David Robertson P | TEX,0,0,0,0,0,0,0,0,0,0,0,0,0,0.00,0.00,9999
W ,Scott Kuzminsky P | SEA,0,0,0,0,0,0,0,0,0,0,0,0,0,0.00,0.00,9999
W ,Nate Griep P | COL,0,0,0,0,0,0,0,0,0,0,0,0,0,0.00,0.00,9999
W ,Brett de Geus P | MIA ,0,0,0,0,0,0,0,0,0,0,0,0,0,0.00,0.00,9999
W ,Corbin Martin P | BAL,0,0,0,0,0,0,0,0,0,0,0,0,0,0.00,0.00,9999
W ,Seth Mayberry P | SD,0,0,0,0,0,0,0,0,0,0,0,0,0,0.00,0.00,9999
W ,Travis MacGregor P | LAA,0,0,0,0,0,0,0,0,0,0,0,0,0,0.00,0.00,9999
W ,James Reeves P | SD,0,0,0,0,0,0,0,0,0,0,0,0,0,0.00,0.00,9999
W ,Dalbert Siri P | CLE,0,0,0,0,0,0,0,0,0,0,0,0,0,0.00,0.00,9999
W ,Nick Wittgren P | SEA,0,0,0,0,0,0,0,0,0,0,0,0,0,0.00,0.00,9999
W ,Marcus Evey P | CHW,0,0,0,0,0,0,0,0,0,0,0,0,0,0.00,0.00,9999
W ,Brandon Alger P | SD,0,0,0,0,0,0,0,0,0,0,0,0,0,0.00,0.00,9999
W ,Roman Phansalkar P | LAA,0,0,0,0,0,0,0,0,0,0,0,0,0,0.00,0.00,9999
W ,Luis Patino P | SD,0,0,0,0,0,0,0,0,0,0,0,0,0,0.00,0.00,9999
W ,Jairo Beras P | TEX,0,0,0,0,0,0,0,0,0,0,0,0,0,0.00,0.00,9999
W ,Kai-Wei Teng P | SF,0,0,0,0,0,0,0,0,0,0,0,0,0,0.00,0.00,9999
W ,Mike Morin P | CHW,0,0,0,0,0,0,0,0,0,0,0,0,0,0.00,0.00,9999
W ,Allan Winans P | NYY,0,0,0,0,0,0,0,0,0,0,0,0,0,0.00,0.00,9999
W ,Luis Moreno P | NYM,0,0,0,0,0,0,0,0,0,0,0,0,0,0.00,0.00,9999
W ,Lazaro Estrada P | TOR,0,0,0,0,0,0,0,0,0,0,0,0,0,0.00,0.00,9999
W ,Danny Watson P | NYY,0,0,0,0,0,0,0,0,0,0,0,0,0,0.00,0.00,9999
W ,Cody Scroggins P | BOS,0,0,0,0,0,0,0,0,0,0,0,0,0,0.00,0.00,9999
W ,Blade Tidwell P | NYM,0,0,0,0,0,0,0,0,0,0,0,0,0,0.00,0.00,9999
W ,Tyler Bradt P | STL,0,0,0,0,0,0,0,0,0,0,0,0,0,0.00,0.00,9999
W ,Graham Spraker P | TB,0,0,0,0,0,0,0,0,0,0,0,0,0,0.00,0.00,9999
W ,Nick Merkel P | MIL,0,0,0,0,0,0,0,0,0,0,0,0,0,0.00,0.00,9999
W ,Cody Reed P | ARI,0,0,0,0,0,0,0,0,0,0,0,0,0,0.00,0.00,9999
W ,Trevor Lane P | NYY,0,0,0,0,0,0,0,0,0,0,0,0,0,0.00,0.00,9999
W ,Jonathan Teaney P | CLE,0,0,0,0,0,0,0,0,0,0,0,0,0,0.00,0.00,9999
W ,Steven Perez P | CLE,0,0,0,0,0,0,0,0,0,0,0,0,0,0.00,0.00,9999
W ,Colton Davis P | MIN,0,0,0,0,0,0,0,0,0,0,0,0,0,0.00,0.00,9999
W ,William Silva P | ATL,0,0,0,0,0,0,0,0,0,0,0,0,0,0.00,0.00,9999
W ,Austin Roberts P | MIA,0,0,0,0,0,0,0,0,0,0,0,0,0,0.00,0.00,9999
W ,Olbis Parra P | SF,0,0,0,0,0,0,0,0,0,0,0,0,0,0.00,0.00,9999
W ,Connor Sadzeck P | MIN,0,0,0,0,0,0,0,0,0,0,0,0,0,0.00,0.00,9999
W ,Cristian Mena P | ARI,0,0,0,0,0,0,0,0,0,0,0,0,0,0.00,0.00,9999
W ,Grant Holman P | ATH ,0,0,0,0,0,0,0,0,0,0,0,0,0,0.00,0.00,9999
W ,Steve Hajjar P | CIN,0,0,0,0,0,0,0,0,0,0,0,0,0,0.00,0.00,9999
W ,Noble Meyer P | MIA ,0,0,0,0,0,0,0,0,0,0,0,0,0,0.00,0.00,9999
W ,Austin House P | COL,0,0,0,0,0,0,0,0,0,0,0,0,0,0.00,0.00,9999
W ,Erick Leal P | NYY,0,0,0,0,0,0,0,0,0,0,0,0,0,0.00,0.00,9999
W ,Jovani Moran P | BOS,0,0,0,0,0,0,0,0,0,0,0,0,0,0.00,0.00,9999
W ,Connelly Early P | BOS,0,0,0,0,0,0,0,0,0,0,0,0,0,0.00,0.00,9999
W ,Wander Perez P | PHI,0,0,0,0,0,0,0,0,0,0,0,0,0,0.00,0.00,9999
W ,Dalton Roach P | STL,0,0,0,0,0,0,0,0,0,0,0,0,0,0.00,0.00,9999
W ,Ronny Garcia P | HOU,0,0,0,0,0,0,0,0,0,0,0,0,0,0.00,0.00,9999
W ,Dario Gardea P | DET,0,0,0,0,0,0,0,0,0,0,0,0,0,0.00,0.00,9999
W ,Miguel Figueroa P | HOU,0,0,0,0,0,0,0,0,0,0,0,0,0,0.00,0.00,9999
W ,Bryan Valdez P | ARI,0,0,0,0,0,0,0,0,0,0,0,0,0,0.00,0.00,9999
W ,Valente Bellozo P | MIA ,0,0,0,0,0,0,0,0,0,0,0,0,0,0.00,0.00,9999
W ,Dahian Santos P | TOR,0,0,0,0,0,0,0,0,0,0,0,0,0,0.00,0.00,9999
W ,Anfernee Benitez P | ARI,0,0,0,0,0,0,0,0,0,0,0,0,0,0.00,0.00,9999
W ,Brendan McKay P | TB,0,0,0,0,0,0,0,0,0,0,0,0,0,0.00,0.00,9999
W ,Matt Lollis P | CHW,0,0,0,0,0,0,0,0,0,0,0,0,0,0.00,0.00,9999
W ,Jack Perkins P | ATH,0,0,0,0,0,0,0,0,0,0,0,0,0,0.00,0.00,9999
W ,Willy Ortiz P | TB,0,0,0,0,0,0,0,0,0,0,0,0,0,0.00,0.00,9999
W ,Daniel Hudson P | LAD,0,0,0,0,0,0,0,0,0,0,0,0,0,0.00,0.00,9999
W ,Oliver Garcia P | PIT,0,0,0,0,0,0,0,0,0,0,0,0,0,0.00,0.00,9999
W ,Jake Sommers P | COL,0,0,0,0,0,0,0,0,0,0,0,0,0,0.00,0.00,9999
W ,Nick Ramirez P | LAD,0,0,0,0,0,0,0,0,0,0,0,0,0,0.00,0.00,9999
W ,Josh Pennington P | BOS,0,0,0,0,0,0,0,0,0,0,0,0,0,0.00,0.00,9999
W ,Jake Faherty P | MIA,0,0,0,0,0,0,0,0,0,0,0,0,0,0.00,0.00,9999
W ,Carter Baumler P | BAL ,0,0,0,0,0,0,0,0,0,0,0,0,0,0.00,0.00,9999
W ,Zach Warren P | PHI,0,0,0,0,0,0,0,0,0,0,0,0,0,0.00,0.00,9999
W ,Braden Nett P | SD,0,0,0,0,0,0,0,0,0,0,0,0,0,0.00,0.00,9999
W ,Robinson Pina P | MIA,0,0,0,0,0,0,0,0,0,0,0,0,0,0.00,0.00,9999
W ,Trayson Kubo P | ATH,0,0,0,0,0,0,0,0,0,0,0,0,0,0.00,0.00,9999
W ,Keegan Yuhl P | HOU,0,0,0,0,0,0,0,0,0,0,0,0,0,0.00,0.00,9999
W ,Jean Cabrera P | PHI,0,0,0,0,0,0,0,0,0,0,0,0,0,0.00,0.00,9999
W ,Brandon Koch P | MIN,0,0,0,0,0,0,0,0,0,0,0,0,0,0.00,0.00,9999
W ,Everhett Hazelwood P | CHW,0,0,0,0,0,0,0,0,0,0,0,0,0,0.00,0.00,9999
W ,Conor Larkin P | TOR,0,0,0,0,0,0,0,0,0,0,0,0,0,0.00,0.00,9999
W ,Matt Smoral P | TOR,0,0,0,0,0,0,0,0,0,0,0,0,0,0.00,0.00,9999
W ,Connor Overton P | NYM,0,0,0,0,0,0,0,0,0,0,0,0,0,0.00,0.00,9999
W ,Garrett Fulenchek P | ATL,0,0,0,0,0,0,0,0,0,0,0,0,0,0.00,0.00,9999
W ,Paxton Schultz P | TOR,0,0,0,0,0,0,0,0,0,0,0,0,0,0.00,0.00,9999
W ,Jared Southard P | LAA,0,0,0,0,0,0,0,0,0,0,0,0,0,0.00,0.00,9999
W ,Daniel Norris P | CLE,0,0,0,0,0,0,0,0,0,0,0,0,0,0.00,0.00,9999
W ,Chase Anderson P | TEX,0,0,0,0,0,0,0,0,0,0,0,0,0,0.00,0.00,9999
W ,Jordan Guerrero P | CHW,0,0,0,0,0,0,0,0,0,0,0,0,0,0.00,0.00,9999
W ,Ian Seymour P | TB,0,0,0,0,0,0,0,0,0,0,0,0,0,0.00,0.00,9999
W ,Henry Martinez P | CLE,0,0,0,0,0,0,0,0,0,0,0,0,0,0.00,0.00,9999
W ,Wyatt Lunsford-Shenkman P | SEA,0,0,0,0,0,0,0,0,0,0,0,0,0,0.00,0.00,9999
W ,Dane Acker P | TEX,0,0,0,0,0,0,0,0,0,0,0,0,0,0.00,0.00,9999
W ,Jordan Harrison P | ATL,0,0,0,0,0,0,0,0,0,0,0,0,0,0.00,0.00,9999
W ,Dakota Hawkins P | NYM,0,0,0,0,0,0,0,0,0,0,0,0,0,0.00,0.00,9999
W ,Justin Garza P | SF,0,0,0,0,0,0,0,0,0,0,0,0,0,0.00,0.00,9999
W ,Luis Pacheco P | NYY,0,0,0,0,0,0,0,0,0,0,0,0,0,0.00,0.00,9999
W ,Adrian De Horta P | TB,0,0,0,0,0,0,0,0,0,0,0,0,0,0.00,0.00,9999
W ,Mason Adams P | CHW ,0,0,0,0,0,0,0,0,0,0,0,0,0,0.00,0.00,9999
W ,Gabriel Jackson P | BOS,0,0,0,0,0,0,0,0,0,0,0,0,0,0.00,0.00,9999
W ,Elvis Alvarado P | ATH ,0,0,0,0,0,0,0,0,0,0,0,0,0,0.00,0.00,9999
W ,Justin Courtney P | NYM,0,0,0,0,0,0,0,0,0,0,0,0,0,0.00,0.00,9999
W ,Martin Agosta P | SF,0,0,0,0,0,0,0,0,0,0,0,0,0,0.00,0.00,9999
W ,Stephen Woods P | KC,0,0,0,0,0,0,0,0,0,0,0,0,0,0.00,0.00,9999
W ,Luarbert Arias P | MIA,0,0,0,0,0,0,0,0,0,0,0,0,0,0.00,0.00,9999
W ,Aidan Anderson P | TEX,0,0,0,0,0,0,0,0,0,0,0,0,0,0.00,0.00,9999
W ,Chase Silseth P | LAA ,0,0,0,0,0,0,0,0,0,0,0,0,0,0.00,0.00,9999
W ,Jay Groome P | SD ,0,0,0,0,0,0,0,0,0,0,0,0,0,0.00,0.00,9999
W ,Josh Staumont P | CIN,0,0,0,0,0,0,0,0,0,0,0,0,0,0.00,0.00,9999
W ,Eric Silva P | DET,0,0,0,0,0,0,0,0,0,0,0,0,0,0.00,0.00,9999
W ,Tyler Higgins P | SD,0,0,0,0,0,0,0,0,0,0,0,0,0,0.00,0.00,9999
W ,Josh Taylor P | KC,0,0,0,0,0,0,0,0,0,0,0,0,0,0.00,0.00,9999
W ,Wander Arias P | WAS,0,0,0,0,0,0,0,0,0,0,0,0,0,0.00,0.00,9999
W ,Luis Curvelo P | TEX,0,0,0,0,0,0,0,0,0,0,0,0,0,0.00,0.00,9999
W ,Scott Gracey P | TOR,0,0,0,0,0,0,0,0,0,0,0,0,0,0.00,0.00,9999
W ,Jose Bravo P | MIN,0,0,0,0,0,0,0,0,0,0,0,0,0,0.00,0.00,9999
W ,Nigel Belgrave P | MIA,0,0,0,0,0,0,0,0,0,0,0,0,0,0.00,0.00,9999
W ,Jurrangelo Cijntje P | SEA,0,0,0,0,0,0,0,0,0,0,0,0,0,0.00,0.00,9999
W ,Mike Adams P | PHI,0,0,0,0,0,0,0,0,0,0,0,0,0,0.00,0.00,9999
W ,Matt Krook P | ATH,0,0,0,0,0,0,0,0,0,0,0,0,0,0.00,0.00,9999
W ,Geno Encina P | TOR,0,0,0,0,0,0,0,0,0,0,0,0,0,0.00,0.00,9999
W ,Mitch Horacek P | MIN,0,0,0,0,0,0,0,0,0,0,0,0,0,0.00,0.00,9999
W ,Drew Smyly P | CHC,0,0,0,0,0,0,0,0,0,0,0,0,0,0.00,0.00,9999
W ,Landon Sims P | ARI,0,0,0,0,0,0,0,0,0,0,0,0,0,0.00,0.00,9999
W ,Taylor Grover P | BAL,0,0,0,0,0,0,0,0,0,0,0,0,0,0.00,0.00,9999
W ,El'Hajj Muhammad P | CHW,0,0,0,0,0,0,0,0,0,0,0,0,0,0.00,0.00,9999
W ,Mick Abel P | PHI,0,0,0,0,0,0,0,0,0,0,0,0,0,0.00,0.00,9999
W ,Alec Hansen P | CHW,0,0,0,0,0,0,0,0,0,0,0,0,0,0.00,0.00,9999
W ,Jacob Wallace P | KC,0,0,0,0,0,0,0,0,0,0,0,0,0,0.00,0.00,9999
W ,Tucker Davidson P | BAL,0,0,0,0,0,0,0,0,0,0,0,0,0,0.00,0.00,9999
W ,Jacob Webb P | ARI,0,0,0,0,0,0,0,0,0,0,0,0,0,0.00,0.00,9999
W ,Tom Hackimer P | MIN,0,0,0,0,0,0,0,0,0,0,0,0,0,0.00,0.00,9999
W ,Dugan Darnell P | COL,0,0,0,0,0,0,0,0,0,0,0,0,0,0.00,0.00,9999
W ,Shane Greene P | TEX,0,0,0,0,0,0,0,0,0,0,0,0,0,0.00,0.00,9999
W ,Joey Oakie P | CLE,0,0,0,0,0,0,0,0,0,0,0,0,0,0.00,0.00,9999
W ,Hiro Wyatt P | KC,0,0,0,0,0,0,0,0,0,0,0,0,0,0.00,0.00,9999
W ,Anders Tolhurst P | TOR,0,0,0,0,0,0,0,0,0,0,0,0,0,0.00,0.00,9999
W ,Kyle Whitten P | TB ,0,0,0,0,0,0,0,0,0,0,0,0,0,0.00,0.00,9999
W ,Leonardo Taveras P | STL,0,0,0,0,0,0,0,0,0,0,0,0,0,0.00,0.00,9999
W ,Gray Fenter P | NYY,0,0,0,0,0,0,0,0,0,0,0,0,0,0.00,0.00,9999
W ,Adrian Sampson P | TEX,0,0,0,0,0,0,0,0,0,0,0,0,0,0.00,0.00,9999
W ,Jeremy Kehrt P | LAD,0,0,0,0,0,0,0,0,0,0,0,0,0,0.00,0.00,9999
W ,Austin Drury P | LAD,0,0,0,0,0,0,0,0,0,0,0,0,0,0.00,0.00,9999
W ,Kenny Hernandez P | STL,0,0,0,0,0,0,0,0,0,0,0,0,0,0.00,0.00,9999
W ,Tyler Beede P | CLE,0,0,0,0,0,0,0,0,0,0,0,0,0,0.00,0.00,9999
W ,Alex Phillips P | MIN,0,0,0,0,0,0,0,0,0,0,0,0,0,0.00,0.00,9999
W ,Kyle Brnovich P | BAL,0,0,0,0,0,0,0,0,0,0,0,0,0,0.00,0.00,9999
W ,Felix Cepeda P | BOS,0,0,0,0,0,0,0,0,0,0,0,0,0,0.00,0.00,9999
W ,Luis Ramirez P | PHI ,0,0,0,0,0,0,0,0,0,0,0,0,0,0.00,0.00,9999
W ,Tyler Mapes P | WAS,0,0,0,0,0,0,0,0,0,0,0,0,0,0.00,0.00,9999
W ,Geronimo Franzua P | PIT,0,0,0,0,0,0,0,0,0,0,0,0,0,0.00,0.00,9999
W ,Elmer Rodriguez-Cruz P | BOS,0,0,0,0,0,0,0,0,0,0,0,0,0,0.00,0.00,9999
W ,Joseph Kuzia P | TEX,0,0,0,0,0,0,0,0,0,0,0,0,0,0.00,0.00,9999
W ,Bryan Mata P | BOS,0,0,0,0,0,0,0,0,0,0,0,0,0,0.00,0.00,9999
W ,Jose Marte P | LAA,0,0,0,0,0,0,0,0,0,0,0,0,0,0.00,0.00,9999
W ,Nestor German P | BAL,0,0,0,0,0,0,0,0,0,0,0,0,0,0.00,0.00,9999
W ,Ryan Brinley P | WAS,0,0,0,0,0,0,0,0,0,0,0,0,0,0.00,0.00,9999
W ,Adam Parks P | TEX,0,0,0,0,0,0,0,0,0,0,0,0,0,0.00,0.00,9999
W ,Ky Bush P | CHW ,0,0,0,0,0,0,0,0,0,0,0,0,0,0.00,0.00,9999
W ,Mason McCullough P | ARI,0,0,0,0,0,0,0,0,0,0,0,0,0,0.00,0.00,9999
W ,Manuel Alvarez P | NYM,0,0,0,0,0,0,0,0,0,0,0,0,0,0.00,0.00,9999
W ,Michael Zouzalik P | BAL,0,0,0,0,0,0,0,0,0,0,0,0,0,0.00,0.00,9999
W ,Luke Eubank P | CLE,0,0,0,0,0,0,0,0,0,0,0,0,0,0.00,0.00,9999
W ,Brandon Gold P | COL,0,0,0,0,0,0,0,0,0,0,0,0,0,0.00,0.00,9999
W ,Marcel Renteria P | NYM,0,0,0,0,0,0,0,0,0,0,0,0,0,0.00,0.00,9999
W ,Christian Herberholz P | BAL,0,0,0,0,0,0,0,0,0,0,0,0,0,0.00,0.00,9999
W ,Austin Peterson P | CLE,0,0,0,0,0,0,0,0,0,0,0,0,0,0.00,0.00,9999
W ,Darlin Saladin P | STL,0,0,0,0,0,0,0,0,0,0,0,0,0,0.00,0.00,9999
W ,Jay Jackson P | MIN,0,0,0,0,0,0,0,0,0,0,0,0,0,0.00,0.00,9999
W ,Wander Guante P | ATH,0,0,0,0,0,0,0,0,0,0,0,0,0,0.00,0.00,9999
W ,Adrian Salcedo P | MIN,0,0,0,0,0,0,0,0,0,0,0,0,0,0.00,0.00,9999
W ,Wyatt Short P | CHC,0,0,0,0,0,0,0,0,0,0,0,0,0,0.00,0.00,9999
W ,Luke Shilling P | CHW,0,0,0,0,0,0,0,0,0,0,0,0,0,0.00,0.00,9999
W ,Michael Kennedy P | CLE,0,0,0,0,0,0,0,0,0,0,0,0,0,0.00,0.00,9999
W ,Hobbs Johnson P | MIL,0,0,0,0,0,0,0,0,0,0,0,0,0,0.00,0.00,9999
W ,Zach Greene P | NYY,0,0,0,0,0,0,0,0,0,0,0,0,0,0.00,0.00,9999
W ,Jhonathan Diaz P | SEA,0,0,0,0,0,0,0,0,0,0,0,0,0,0.00,0.00,9999
W ,Connor Curlis P | CIN,0,0,0,0,0,0,0,0,0,0,0,0,0,0.00,0.00,9999
W ,Carson Seymour P | SF,0,0,0,0,0,0,0,0,0,0,0,0,0,0.00,0.00,9999
W ,Yuhei Nakaushiro P | ARI,0,0,0,0,0,0,0,0,0,0,0,0,0,0.00,0.00,9999
W ,Brandyn Garcia P | SEA,0,0,0,0,0,0,0,0,0,0,0,0,0,0.00,0.00,9999
W ,Matt Flemer P | COL,0,0,0,0,0,0,0,0,0,0,0,0,0,0.00,0.00,9999
W ,Jose Hernandez P | LAD,0,0,0,0,0,0,0,0,0,0,0,0,0,0.00,0.00,9999
W ,Dinelson Lamet P | LAD,0,0,0,0,0,0,0,0,0,0,0,0,0,0.00,0.00,9999
W ,Bernard Jose P | SD,0,0,0,0,0,0,0,0,0,0,0,0,0,0.00,0.00,9999
W ,Caleb Sampen P | TB,0,0,0,0,0,0,0,0,0,0,0,0,0,0.00,0.00,9999
W ,Stephen Villines P | NYM,0,0,0,0,0,0,0,0,0,0,0,0,0,0.00,0.00,9999
W ,Eli Saul P | ARI,0,0,0,0,0,0,0,0,0,0,0,0,0,0.00,0.00,9999
W ,Austin Cox P | KC,0,0,0,0,0,0,0,0,0,0,0,0,0,0.00,0.00,9999
W ,Wilmy Sanchez P | HOU,0,0,0,0,0,0,0,0,0,0,0,0,0,0.00,0.00,9999
W ,Will Morris P | PHI,0,0,0,0,0,0,0,0,0,0,0,0,0,0.00,0.00,9999
W ,Pete Hansen P | STL,0,0,0,0,0,0,0,0,0,0,0,0,0,0.00,0.00,9999
W ,Jagger Haynes P | SD,0,0,0,0,0,0,0,0,0,0,0,0,0,0.00,0.00,9999
W ,Juan Sandoval P | TB,0,0,0,0,0,0,0,0,0,0,0,0,0,0.00,0.00,9999
W ,Jack Labosky P | TB,0,0,0,0,0,0,0,0,0,0,0,0,0,0.00,0.00,9999
W ,Caden Dana P | LAA,0,0,0,0,0,0,0,0,0,0,0,0,0,0.00,0.00,9999
W ,Tanner Kiest P | LAD,0,0,0,0,0,0,0,0,0,0,0,0,0,0.00,0.00,9999
W ,Bryan Sammons P | DET,0,0,0,0,0,0,0,0,0,0,0,0,0,0.00,0.00,9999
W ,Nick Richmond P | BAL,0,0,0,0,0,0,0,0,0,0,0,0,0,0.00,0.00,9999
W ,Jesus Zambrano P | ATH,0,0,0,0,0,0,0,0,0,0,0,0,0,0.00,0.00,9999
W ,Kenny Rosenberg P | LAA,0,0,0,0,0,0,0,0,0,0,0,0,0,0.00,0.00,9999
W ,Grant Shepardson P | MIA,0,0,0,0,0,0,0,0,0,0,0,0,0,0.00,0.00,9999
W ,Cody Stashak P | PHI,0,0,0,0,0,0,0,0,0,0,0,0,0,0.00,0.00,9999
W ,Luis Reyes P | WAS,0,0,0,0,0,0,0,0,0,0,0,0,0,0.00,0.00,9999
W ,Matthew Kent P | BOS,0,0,0,0,0,0,0,0,0,0,0,0,0,0.00,0.00,9999
W ,Michael Stryffeler P | SF ,0,0,0,0,0,0,0,0,0,0,0,0,0,0.00,0.00,9999
W ,Yoanner Negrin P | CHC,0,0,0,0,0,0,0,0,0,0,0,0,0,0.00,0.00,9999
W ,Vince Vannelle P | CHW,0,0,0,0,0,0,0,0,0,0,0,0,0,0.00,0.00,9999
W ,Ryan McNeil P | CHC,0,0,0,0,0,0,0,0,0,0,0,0,0,0.00,0.00,9999
W ,Brooks Wilson P | ATL,0,0,0,0,0,0,0,0,0,0,0,0,0,0.00,0.00,9999
W ,Lisandro Santos P | NYY,0,0,0,0,0,0,0,0,0,0,0,0,0,0.00,0.00,9999
W ,Reid Birlingmair P | TEX,0,0,0,0,0,0,0,0,0,0,0,0,0,0.00,0.00,9999
W ,Alex Rao P | PHI,0,0,0,0,0,0,0,0,0,0,0,0,0,0.00,0.00,9999
W ,Winston Santos P | TEX,0,0,0,0,0,0,0,0,0,0,0,0,0,0.00,0.00,9999
W ,Dalton Stambaugh P | CHC,0,0,0,0,0,0,0,0,0,0,0,0,0,0.00,0.00,9999
W ,Trey Nielsen P | STL,0,0,0,0,0,0,0,0,0,0,0,0,0,0.00,0.00,9999
W ,William Fleming P | KC,0,0,0,0,0,0,0,0,0,0,0,0,0,0.00,0.00,9999
W ,Nick Neidert P | CHC,0,0,0,0,0,0,0,0,0,0,0,0,0,0.00,0.00,9999
W ,Evan Kravetz P | CIN,0,0,0,0,0,0,0,0,0,0,0,0,0,0.00,0.00,9999
W ,Ryan Carpenter P | SD,0,0,0,0,0,0,0,0,0,0,0,0,0,0.00,0.00,9999
W ,Jesse Wainscott P | SEA,0,0,0,0,0,0,0,0,0,0,0,0,0,0.00,0.00,9999
W ,Alejandro Hidalgo P | LAA ,0,0,0,0,0,0,0,0,0,0,0,0,0,0.00,0.00,9999
W ,Johnny Cueto P | LAA,0,0,0,0,0,0,0,0,0,0,0,0,0,0.00,0.00,9999
W ,Aaron Ochsenbein P | LAD,0,0,0,0,0,0,0,0,0,0,0,0,0,0.00,0.00,9999
W ,Mason Fox P | SD,0,0,0,0,0,0,0,0,0,0,0,0,0,0.00,0.00,9999
W ,Jack Neely P | CHC,0,0,0,0,0,0,0,0,0,0,0,0,0,0.00,0.00,9999
W ,Jason Richman P | TEX,0,0,0,0,0,0,0,0,0,0,0,0,0,0.00,0.00,9999
W ,Ever Moya P | COL,0,0,0,0,0,0,0,0,0,0,0,0,0,0.00,0.00,9999
W ,Josh Hejka P | PHI,0,0,0,0,0,0,0,0,0,0,0,0,0,0.00,0.00,9999
W ,Cody Satterwhite P | BAL,0,0,0,0,0,0,0,0,0,0,0,0,0,0.00,0.00,9999
W ,Garrett Acton P | TB ,0,0,0,0,0,0,0,0,0,0,0,0,0,0.00,0.00,9999
W ,Greg Williams P | PIT,0,0,0,0,0,0,0,0,0,0,0,0,0,0.00,0.00,9999
W ,Mitch Bratt P | TEX,0,0,0,0,0,0,0,0,0,0,0,0,0,0.00,0.00,9999
W ,Logan Sawyer P | STL,0,0,0,0,0,0,0,0,0,0,0,0,0,0.00,0.00,9999
W ,Domingo Robles P | ATH,0,0,0,0,0,0,0,0,0,0,0,0,0,0.00,0.00,9999
W ,Kendall Williams P | LAD,0,0,0,0,0,0,0,0,0,0,0,0,0,0.00,0.00,9999
W ,Jhondaniel Medina P | CHC,0,0,0,0,0,0,0,0,0,0,0,0,0,0.00,0.00,9999
W ,Brandon Williamson P | CIN ,0,0,0,0,0,0,0,0,0,0,0,0,0,0.00,0.00,9999
W ,Wes Helsabeck P | LAD,0,0,0,0,0,0,0,0,0,0,0,0,0,0.00,0.00,9999
W ,Sam Runion P | TB,0,0,0,0,0,0,0,0,0,0,0,0,0,0.00,0.00,9999
W ,Braden Bristo P | DET,0,0,0,0,0,0,0,0,0,0,0,0,0,0.00,0.00,9999
W ,Luke Holman P | CIN,0,0,0,0,0,0,0,0,0,0,0,0,0,0.00,0.00,9999
W ,Cam Robinson P | NYM,0,0,0,0,0,0,0,0,0,0,0,0,0,0.00,0.00,9999
W ,Hunter Dula P | SF,0,0,0,0,0,0,0,0,0,0,0,0,0,0.00,0.00,9999
W ,Luis Cessa P | KC,0,0,0,0,0,0,0,0,0,0,0,0,0,0.00,0.00,9999
W ,Tim Elliott P | SEA,0,0,0,0,0,0,0,0,0,0,0,0,0,0.00,0.00,9999
W ,Evan Reifert P | WAS ,0,0,0,0,0,0,0,0,0,0,0,0,0,0.00,0.00,9999
W ,Nathan Landry P | BOS,0,0,0,0,0,0,0,0,0,0,0,0,0,0.00,0.00,9999
W ,Michael Mader P | ATL,0,0,0,0,0,0,0,0,0,0,0,0,0,0.00,0.00,9999
W ,Noah Denoyer P | BAL,0,0,0,0,0,0,0,0,0,0,0,0,0,0.00,0.00,9999
W ,Ross Carver P | CLE,0,0,0,0,0,0,0,0,0,0,0,0,0,0.00,0.00,9999
W ,Mitchell Tyranski P | CHC,0,0,0,0,0,0,0,0,0,0,0,0,0,0.00,0.00,9999
W ,Zack Burdi P | LAD,0,0,0,0,0,0,0,0,0,0,0,0,0,0.00,0.00,9999
W ,Ben Shields P | NYY,0,0,0,0,0,0,0,0,0,0,0,0,0,0.00,0.00,9999
W ,Parker Messick P | CLE,0,0,0,0,0,0,0,0,0,0,0,0,0,0.00,0.00,9999
W ,Beau Burrows P | MIN,0,0,0,0,0,0,0,0,0,0,0,0,0,0.00,0.00,9999
W ,Alex Amalfi P | TOR,0,0,0,0,0,0,0,0,0,0,0,0,0,0.00,0.00,9999
W ,Andrew Bash P | TOR,0,0,0,0,0,0,0,0,0,0,0,0,0,0.00,0.00,9999
W ,Trey Ball P | BOS,0,0,0,0,0,0,0,0,0,0,0,0,0,0.00,0.00,9999
W ,Kyle Kubat P | CHW,0,0,0,0,0,0,0,0,0,0,0,0,0,0.00,0.00,9999
W ,Wil Jensen P | CHC,0,0,0,0,0,0,0,0,0,0,0,0,0,0.00,0.00,9999
W ,Chris Flexen P | CHC,0,0,0,0,0,0,0,0,0,0,0,0,0,0.00,0.00,9999
W ,Trey McLoughlin P | NYM,0,0,0,0,0,0,0,0,0,0,0,0,0,0.00,0.00,9999
W ,Jeff Criswell P | COL ,0,0,0,0,0,0,0,0,0,0,0,0,0,0.00,0.00,9999
W ,Bryce Collins P | CHW,0,0,0,0,0,0,0,0,0,0,0,0,0,0.00,0.00,9999
W ,Kade McClure P | PIT,0,0,0,0,0,0,0,0,0,0,0,0,0,0.00,0.00,9999
W ,Greg Nappo P | MIA,0,0,0,0,0,0,0,0,0,0,0,0,0,0.00,0.00,9999
W ,Luke Leftwich P | PHI,0,0,0,0,0,0,0,0,0,0,0,0,0,0.00,0.00,9999
W ,Enmanuel De Jesus P | MIA,0,0,0,0,0,0,0,0,0,0,0,0,0,0.00,0.00,9999
W ,Curtis Taylor P | STL,0,0,0,0,0,0,0,0,0,0,0,0,0,0.00,0.00,9999
W ,John Omahen P | ARI,0,0,0,0,0,0,0,0,0,0,0,0,0,0.00,0.00,9999
W ,Brandon Neeck P | LAD,0,0,0,0,0,0,0,0,0,0,0,0,0,0.00,0.00,9999
W ,Justin Lange P | NYY ,0,0,0,0,0,0,0,0,0,0,0,0,0,0.00,0.00,9999
W ,Mike Franco P | TB,0,0,0,0,0,0,0,0,0,0,0,0,0,0.00,0.00,9999
W ,Chris Jefferson P | SEA,0,0,0,0,0,0,0,0,0,0,0,0,0,0.00,0.00,9999
W ,Yeudy Garcia P | PIT,0,0,0,0,0,0,0,0,0,0,0,0,0,0.00,0.00,9999
W ,Justin Campbell P | CLE ,0,0,0,0,0,0,0,0,0,0,0,0,0,0.00,0.00,9999
W ,Gabriel Ponce P | TOR,0,0,0,0,0,0,0,0,0,0,0,0,0,0.00,0.00,9999
W ,Hunter Haworth P | BOS,0,0,0,0,0,0,0,0,0,0,0,0,0,0.00,0.00,9999
W ,Dylan Spacke P | BOS,0,0,0,0,0,0,0,0,0,0,0,0,0,0.00,0.00,9999
W ,Clay Helvey P | WAS,0,0,0,0,0,0,0,0,0,0,0,0,0,0.00,0.00,9999
W ,Evan Shawver P | COL,0,0,0,0,0,0,0,0,0,0,0,0,0,0.00,0.00,9999
W ,Jared Karros P | LAD,0,0,0,0,0,0,0,0,0,0,0,0,0,0.00,0.00,9999
W ,Michael Burrows P | PIT,0,0,0,0,0,0,0,0,0,0,0,0,0,0.00,0.00,9999
W ,Connor Grey P | NYM,0,0,0,0,0,0,0,0,0,0,0,0,0,0.00,0.00,9999
W ,Beck Wheeler P | NYM,0,0,0,0,0,0,0,0,0,0,0,0,0,0.00,0.00,9999
W ,Michael Arias P | NYY,0,0,0,0,0,0,0,0,0,0,0,0,0,0.00,0.00,9999
W ,Andrew Politi P | BOS,0,0,0,0,0,0,0,0,0,0,0,0,0,0.00,0.00,9999
W ,Aaron Ashby P | MIL ,0,0,0,0,0,0,0,0,0,0,0,0,0,0.00,0.00,9999
W ,Alimber Santa P | HOU,0,0,0,0,0,0,0,0,0,0,0,0,0,0.00,0.00,9999
W ,Riley Thompson P | CHC,0,0,0,0,0,0,0,0,0,0,0,0,0,0.00,0.00,9999
W ,Oliver Ortega P | NYM,0,0,0,0,0,0,0,0,0,0,0,0,0,0.00,0.00,9999
W ,Holden Powell P | WAS ,0,0,0,0,0,0,0,0,0,0,0,0,0,0.00,0.00,9999
W ,Whit Mayberry P | DET,0,0,0,0,0,0,0,0,0,0,0,0,0,0.00,0.00,9999
W ,Tommy Mace P | CLE,0,0,0,0,0,0,0,0,0,0,0,0,0,0.00,0.00,9999
W ,Colin McKee P | HOU,0,0,0,0,0,0,0,0,0,0,0,0,0,0.00,0.00,9999
W ,Tyler Woessner P | MIL,0,0,0,0,0,0,0,0,0,0,0,0,0,0.00,0.00,9999
W ,Cody Palmquist P | TEX,0,0,0,0,0,0,0,0,0,0,0,0,0,0.00,0.00,9999
W ,Jimmy Nelson P | LAD,0,0,0,0,0,0,0,0,0,0,0,0,0,0.00,0.00,9999
W ,Levi Wells P | BAL,0,0,0,0,0,0,0,0,0,0,0,0,0,0.00,0.00,9999
W ,Andrew Russell P | ATL,0,0,0,0,0,0,0,0,0,0,0,0,0,0.00,0.00,9999
W ,Irv Carter P | TOR,0,0,0,0,0,0,0,0,0,0,0,0,0,0.00,0.00,9999
W ,Owen Murphy P | ATL ,0,0,0,0,0,0,0,0,0,0,0,0,0,0.00,0.00,9999
W ,Keaton Steele P | MIN,0,0,0,0,0,0,0,0,0,0,0,0,0,0.00,0.00,9999
W ,Tyler Viza P | PHI,0,0,0,0,0,0,0,0,0,0,0,0,0,0.00,0.00,9999
W ,Jacob DeLabio P | HOU,0,0,0,0,0,0,0,0,0,0,0,0,0,0.00,0.00,9999
W ,Josh Johnson P | CHC,0,0,0,0,0,0,0,0,0,0,0,0,0,0.00,0.00,9999
W ,Sam Carlson P | LAD,0,0,0,0,0,0,0,0,0,0,0,0,0,0.00,0.00,9999
W ,Alec Willis P | STL,0,0,0,0,0,0,0,0,0,0,0,0,0,0.00,0.00,9999
W ,A.J. Puckett P | CHC,0,0,0,0,0,0,0,0,0,0,0,0,0,0.00,0.00,9999
W ,TJ Shook P | NYM,0,0,0,0,0,0,0,0,0,0,0,0,0,0.00,0.00,9999
W ,Ranfi Casimiro P | PHI,0,0,0,0,0,0,0,0,0,0,0,0,0,0.00,0.00,9999
W ,Cole McDonald P | HOU,0,0,0,0,0,0,0,0,0,0,0,0,0,0.00,0.00,9999
W ,Henry Baez P | SD,0,0,0,0,0,0,0,0,0,0,0,0,0,0.00,0.00,9999
W ,Alan Rangel P | PHI,0,0,0,0,0,0,0,0,0,0,0,0,0,0.00,0.00,9999
W ,Blake Beers P | ATH,0,0,0,0,0,0,0,0,0,0,0,0,0,0.00,0.00,9999
W ,Jake Higginbotham P | SD,0,0,0,0,0,0,0,0,0,0,0,0,0,0.00,0.00,9999
W ,Jonathan Bermudez P | MIA,0,0,0,0,0,0,0,0,0,0,0,0,0,0.00,0.00,9999
W ,Alex Balog P | COL,0,0,0,0,0,0,0,0,0,0,0,0,0,0.00,0.00,9999
W ,Casey Kelly P | ARI,0,0,0,0,0,0,0,0,0,0,0,0,0,0.00,0.00,9999
W ,Jake Elliott P | ATL,0,0,0,0,0,0,0,0,0,0,0,0,0,0.00,0.00,9999
W ,Walker Weickel P | CIN,0,0,0,0,0,0,0,0,0,0,0,0,0,0.00,0.00,9999
W ,Drew Strotman P | HOU,0,0,0,0,0,0,0,0,0,0,0,0,0,0.00,0.00,9999
W ,Aaron McGarity P | CHW,0,0,0,0,0,0,0,0,0,0,0,0,0,0.00,0.00,9999
W ,Will Bednar P | SF,0,0,0,0,0,0,0,0,0,0,0,0,0,0.00,0.00,9999
W ,Asa Lacy P | KC ,0,0,0,0,0,0,0,0,0,0,0,0,0,0.00,0.00,9999
W ,Jordan Johnson P | MIN,0,0,0,0,0,0,0,0,0,0,0,0,0,0.00,0.00,9999
W ,Kade Strowd P | BAL,0,0,0,0,0,0,0,0,0,0,0,0,0,0.00,0.00,9999
W ,Tony Locey P | COL,0,0,0,0,0,0,0,0,0,0,0,0,0,0.00,0.00,9999
W ,Andy Beltre P | MIA,0,0,0,0,0,0,0,0,0,0,0,0,0,0.00,0.00,9999
W ,Alexis Lara P | SD,0,0,0,0,0,0,0,0,0,0,0,0,0,0.00,0.00,9999
W ,Christian Roa P | MIA,0,0,0,0,0,0,0,0,0,0,0,0,0,0.00,0.00,9999
W ,Taylor Floyd P | SEA,0,0,0,0,0,0,0,0,0,0,0,0,0,0.00,0.00,9999
W ,Troy Bacon P | ATL,0,0,0,0,0,0,0,0,0,0,0,0,0,0.00,0.00,9999
W ,Edgar Navarro P | CHW,0,0,0,0,0,0,0,0,0,0,0,0,0,0.00,0.00,9999
W ,Elijah Dale P | SEA,0,0,0,0,0,0,0,0,0,0,0,0,0,0.00,0.00,9999
W ,Fineas Del Bonta-Smith P | PIT,0,0,0,0,0,0,0,0,0,0,0,0,0,0.00,0.00,9999
W ,Jack Dallas P | PHI,0,0,0,0,0,0,0,0,0,0,0,0,0,0.00,0.00,9999
W ,Ryan Ledbetter P | TEX,0,0,0,0,0,0,0,0,0,0,0,0,0,0.00,0.00,9999
W ,Alejandro Melean P | TOR,0,0,0,0,0,0,0,0,0,0,0,0,0,0.00,0.00,9999
W ,Josh Rogers P | COL,0,0,0,0,0,0,0,0,0,0,0,0,0,0.00,0.00,9999
W ,Justin Kelly P | ATL,0,0,0,0,0,0,0,0,0,0,0,0,0,0.00,0.00,9999
W ,Zach Plesac P | LAA,0,0,0,0,0,0,0,0,0,0,0,0,0,0.00,0.00,9999
W ,Austin Ross P | PHI,0,0,0,0,0,0,0,0,0,0,0,0,0,0.00,0.00,9999
W ,Brandon Young P | BAL,0,0,0,0,0,0,0,0,0,0,0,0,0,0.00,0.00,9999
W ,Hunter Gregory P | TOR,0,0,0,0,0,0,0,0,0,0,0,0,0,0.00,0.00,9999
W ,Nate Tellier P | BOS,0,0,0,0,0,0,0,0,0,0,0,0,0,0.00,0.00,9999
W ,Andres Sotillet P | KC,0,0,0,0,0,0,0,0,0,0,0,0,0,0.00,0.00,9999
W ,Paul Richan P | CHC,0,0,0,0,0,0,0,0,0,0,0,0,0,0.00,0.00,9999
W ,Nick Burdi P | BOS,0,0,0,0,0,0,0,0,0,0,0,0,0,0.00,0.00,9999
W ,Mason Fluharty P | TOR,0,0,0,0,0,0,0,0,0,0,0,0,0,0.00,0.00,9999
W ,Matt Barnes P | WAS,0,0,0,0,0,0,0,0,0,0,0,0,0,0.00,0.00,9999
W ,Jack Anderson P | SEA,0,0,0,0,0,0,0,0,0,0,0,0,0,0.00,0.00,9999
W ,Jeff Bain P | ARI,0,0,0,0,0,0,0,0,0,0,0,0,0,0.00,0.00,9999
W ,Valentin Linarez P | PIT,0,0,0,0,0,0,0,0,0,0,0,0,0,0.00,0.00,9999
W ,Camden Minacci P | LAA,0,0,0,0,0,0,0,0,0,0,0,0,0,0.00,0.00,9999
W ,Moises Gomez P | MIL,0,0,0,0,0,0,0,0,0,0,0,0,0,0.00,0.00,9999
W ,Wyatt Mills P | BOS,0,0,0,0,0,0,0,0,0,0,0,0,0,0.00,0.00,9999
W ,Jalen Beeks P | HOU,0,0,0,0,0,0,0,0,0,0,0,0,0,0.00,0.00,9999
W ,Ryan Newell P | MIA,0,0,0,0,0,0,0,0,0,0,0,0,0,0.00,0.00,9999
W ,Wilmer Flores P | DET,0,0,0,0,0,0,0,0,0,0,0,0,0,0.00,0.00,9999
W ,Tyler Dyson P | WAS,0,0,0,0,0,0,0,0,0,0,0,0,0,0.00,0.00,9999
W ,Mike Wallace P | PIT,0,0,0,0,0,0,0,0,0,0,0,0,0,0.00,0.00,9999
W ,Marino Santy P | CHC,0,0,0,0,0,0,0,0,0,0,0,0,0,0.00,0.00,9999
W ,Tyler Duffey P | KC,0,0,0,0,0,0,0,0,0,0,0,0,0,0.00,0.00,9999
W ,Casey Cobb P | BOS,0,0,0,0,0,0,0,0,0,0,0,0,0,0.00,0.00,9999
W ,Kolton Mahoney P | MIA,0,0,0,0,0,0,0,0,0,0,0,0,0,0.00,0.00,9999
W ,Vincent Timpanelli P | CIN,0,0,0,0,0,0,0,0,0,0,0,0,0,0.00,0.00,9999
W ,Jaime Melendez P | HOU,0,0,0,0,0,0,0,0,0,0,0,0,0,0.00,0.00,9999
W ,Jake Haberer P | SEA,0,0,0,0,0,0,0,0,0,0,0,0,0,0.00,0.00,9999
W ,Cody Beckman P | MIL,0,0,0,0,0,0,0,0,0,0,0,0,0,0.00,0.00,9999
W ,Tyler Schweitzer P | CHW,0,0,0,0,0,0,0,0,0,0,0,0,0,0.00,0.00,9999
W ,Kevin Mahala P | PIT,0,0,0,0,0,0,0,0,0,0,0,0,0,0.00,0.00,9999
W ,Isaac Stebens P | BOS,0,0,0,0,0,0,0,0,0,0,0,0,0,0.00,0.00,9999
W ,Will Smith P | KC,0,0,0,0,0,0,0,0,0,0,0,0,0,0.00,0.00,9999
W ,Osiel Rodriguez P | NYY,0,0,0,0,0,0,0,0,0,0,0,0,0,0.00,0.00,9999
W ,Colton Johnson P | ATH,0,0,0,0,0,0,0,0,0,0,0,0,0,0.00,0.00,9999
W ,Andrew Magno P | DET,0,0,0,0,0,0,0,0,0,0,0,0,0,0.00,0.00,9999
W ,Joe Wieland P | ATH,0,0,0,0,0,0,0,0,0,0,0,0,0,0.00,0.00,9999
W ,Herick Hernandez P | ATL,0,0,0,0,0,0,0,0,0,0,0,0,0,0.00,0.00,9999
W ,Nick Zwack P | SF,0,0,0,0,0,0,0,0,0,0,0,0,0,0.00,0.00,9999
W ,Terance Marin P | CHW,0,0,0,0,0,0,0,0,0,0,0,0,0,0.00,0.00,9999
W ,Dylan Jordan P | LAA,0,0,0,0,0,0,0,0,0,0,0,0,0,0.00,0.00,9999
W ,Ryan Clark P | LAA,0,0,0,0,0,0,0,0,0,0,0,0,0,0.00,0.00,9999
W ,Elieser Hernandez P | MIL,0,0,0,0,0,0,0,0,0,0,0,0,0,0.00,0.00,9999
W ,Matt Imhof P | PHI,0,0,0,0,0,0,0,0,0,0,0,0,0,0.00,0.00,9999
W ,Cole Johnson P | MIN,0,0,0,0,0,0,0,0,0,0,0,0,0,0.00,0.00,9999
W ,Cristofer Melendez P | PIT,0,0,0,0,0,0,0,0,0,0,0,0,0,0.00,0.00,9999
W ,Aaron Brown P | HOU,0,0,0,0,0,0,0,0,0,0,0,0,0,0.00,0.00,9999
W ,Garvin Alston P | CHW,0,0,0,0,0,0,0,0,0,0,0,0,0,0.00,0.00,9999
W ,Carlos Duran P | LAD,0,0,0,0,0,0,0,0,0,0,0,0,0,0.00,0.00,9999
W ,Myles Smith P | ARI,0,0,0,0,0,0,0,0,0,0,0,0,0,0.00,0.00,9999
W ,Carl Edwards P | SD,0,0,0,0,0,0,0,0,0,0,0,0,0,0.00,0.00,9999
W ,Ryan Webb P | CLE,0,0,0,0,0,0,0,0,0,0,0,0,0,0.00,0.00,9999
W ,J.B. Bukauskas P | MIL,0,0,0,0,0,0,0,0,0,0,0,0,0,0.00,0.00,9999
W ,Peyton Remy P | CHC,0,0,0,0,0,0,0,0,0,0,0,0,0,0.00,0.00,9999
W ,Ryan Long P | BAL,0,0,0,0,0,0,0,0,0,0,0,0,0,0.00,0.00,9999
W ,Blake Larson P | CHW ,0,0,0,0,0,0,0,0,0,0,0,0,0,0.00,0.00,9999
W ,Keegan Thompson P | CHC ,0,0,0,0,0,0,0,0,0,0,0,0,0,0.00,0.00,9999
W ,Patrick Halligan P | ATL,0,0,0,0,0,0,0,0,0,0,0,0,0,0.00,0.00,9999
W ,Michael Bienlien P | DET,0,0,0,0,0,0,0,0,0,0,0,0,0,0.00,0.00,9999
W ,Kody Funderburk P | MIN ,0,0,0,0,0,0,0,0,0,0,0,0,0,0.00,0.00,9999
W ,Chandler Champlain P | KC,0,0,0,0,0,0,0,0,0,0,0,0,0,0.00,0.00,9999
W ,Trevor Kelley P | SEA,0,0,0,0,0,0,0,0,0,0,0,0,0,0.00,0.00,9999
W ,Andrew Taylor P | HOU ,0,0,0,0,0,0,0,0,0,0,0,0,0,0.00,0.00,9999
W ,Ramon Santos P | STL,0,0,0,0,0,0,0,0,0,0,0,0,0,0.00,0.00,9999
W ,Franny Cobos P | HOU,0,0,0,0,0,0,0,0,0,0,0,0,0,0.00,0.00,9999
W ,Joe Kelly P | LAD,0,0,0,0,0,0,0,0,0,0,0,0,0,0.00,0.00,9999
W ,Jose Salvador P | LAA,0,0,0,0,0,0,0,0,0,0,0,0,0,0.00,0.00,9999
W ,Inohan Paniagua P | STL,0,0,0,0,0,0,0,0,0,0,0,0,0,0.00,0.00,9999
W ,Ryan Horstman P | SEA,0,0,0,0,0,0,0,0,0,0,0,0,0,0.00,0.00,9999
W ,Jhancarlos Lara P | ATL,0,0,0,0,0,0,0,0,0,0,0,0,0,0.00,0.00,9999
W ,Brendan White P | DET,0,0,0,0,0,0,0,0,0,0,0,0,0,0.00,0.00,9999
W ,Aaron West P | HOU,0,0,0,0,0,0,0,0,0,0,0,0,0,0.00,0.00,9999
W ,Nickolas Sarianides P | ARI,0,0,0,0,0,0,0,0,0,0,0,0,0,0.00,0.00,9999
W ,Craig Stem P | MIA,0,0,0,0,0,0,0,0,0,0,0,0,0,0.00,0.00,9999
W ,Nick Nelson P | PHI,0,0,0,0,0,0,0,0,0,0,0,0,0,0.00,0.00,9999
W ,Joseph King P | STL,0,0,0,0,0,0,0,0,0,0,0,0,0,0.00,0.00,9999
W ,Quinn Mathews P | STL,0,0,0,0,0,0,0,0,0,0,0,0,0,0.00,0.00,9999
W ,Damion Carroll P | TB,0,0,0,0,0,0,0,0,0,0,0,0,0,0.00,0.00,9999
W ,Carlos Belen P | SD,0,0,0,0,0,0,0,0,0,0,0,0,0,0.00,0.00,9999
W ,Spencer Giesting P | ARI,0,0,0,0,0,0,0,0,0,0,0,0,0,0.00,0.00,9999
W ,Collin Wiles P | MIL,0,0,0,0,0,0,0,0,0,0,0,0,0,0.00,0.00,9999
W ,Allan Hernandez P | CLE,0,0,0,0,0,0,0,0,0,0,0,0,0,0.00,0.00,9999
W ,Will Lamb P | CHW,0,0,0,0,0,0,0,0,0,0,0,0,0,0.00,0.00,9999
W ,Andrew Thurman P | ATL,0,0,0,0,0,0,0,0,0,0,0,0,0,0.00,0.00,9999
W ,Owen Hall P | DET,0,0,0,0,0,0,0,0,0,0,0,0,0,0.00,0.00,9999
W ,Braulio Lara P | WAS,0,0,0,0,0,0,0,0,0,0,0,0,0,0.00,0.00,9999
W ,Eli Lingos P | CLE,0,0,0,0,0,0,0,0,0,0,0,0,0,0.00,0.00,9999
W ,Matt Minnick P | NYY,0,0,0,0,0,0,0,0,0,0,0,0,0,0.00,0.00,9999
W ,Diogenes Almengo P | BAL,0,0,0,0,0,0,0,0,0,0,0,0,0,0.00,0.00,9999
W ,Randy Labaut P | PIT,0,0,0,0,0,0,0,0,0,0,0,0,0,0.00,0.00,9999
W ,Matt Eckelman P | PIT,0,0,0,0,0,0,0,0,0,0,0,0,0,0.00,0.00,9999
W ,Travis Hissong P | NYY,0,0,0,0,0,0,0,0,0,0,0,0,0,0.00,0.00,9999
W ,R.J. Dabovich P | SF,0,0,0,0,0,0,0,0,0,0,0,0,0,0.00,0.00,9999
W ,Kyle Smith P | HOU,0,0,0,0,0,0,0,0,0,0,0,0,0,0.00,0.00,9999
W ,Carlos Pena P | DET,0,0,0,0,0,0,0,0,0,0,0,0,0,0.00,0.00,9999
W ,L.P. Langevin P | KC,0,0,0,0,0,0,0,0,0,0,0,0,0,0.00,0.00,9999
W ,Chen-Wei Lin P | STL,0,0,0,0,0,0,0,0,0,0,0,0,0,0.00,0.00,9999
W ,Jeremy Fitzgerald P | BOS,0,0,0,0,0,0,0,0,0,0,0,0,0,0.00,0.00,9999
W ,Hector Hernandez P | CLE,0,0,0,0,0,0,0,0,0,0,0,0,0,0.00,0.00,9999
W ,Ian Leatherman P | TB,0,0,0,0,0,0,0,0,0,0,0,0,0,0.00,0.00,9999
W ,Reinier Roibal P | LAD,0,0,0,0,0,0,0,0,0,0,0,0,0,0.00,0.00,9999
W ,Travis Sykora P | WAS ,0,0,0,0,0,0,0,0,0,0,0,0,0,0.00,0.00,9999
W ,Jake Pilarski P | LAD,0,0,0,0,0,0,0,0,0,0,0,0,0,0.00,0.00,9999
W ,Ryan Och P | SD,0,0,0,0,0,0,0,0,0,0,0,0,0,0.00,0.00,9999
W ,Paul Smyth P | ARI,0,0,0,0,0,0,0,0,0,0,0,0,0,0.00,0.00,9999
W ,Matt Milburn P | ATH,0,0,0,0,0,0,0,0,0,0,0,0,0,0.00,0.00,9999
W ,Peyton Battenfield P | NYM,0,0,0,0,0,0,0,0,0,0,0,0,0,0.00,0.00,9999
W ,Coleman Huntley P | ATL,0,0,0,0,0,0,0,0,0,0,0,0,0,0.00,0.00,9999
W ,Preston Gainey P | MIL,0,0,0,0,0,0,0,0,0,0,0,0,0,0.00,0.00,9999
W ,Gerardo Carrillo P | TEX ,0,0,0,0,0,0,0,0,0,0,0,0,0,0.00,0.00,9999
W ,Jeter Martinez P | SEA,0,0,0,0,0,0,0,0,0,0,0,0,0,0.00,0.00,9999
W ,Jordan Guerrero P | SD,0,0,0,0,0,0,0,0,0,0,0,0,0,0.00,0.00,9999
W ,Alex Speas P | MIN,0,0,0,0,0,0,0,0,0,0,0,0,0,0.00,0.00,9999
W ,Andrew Istler P | WAS,0,0,0,0,0,0,0,0,0,0,0,0,0,0.00,0.00,9999
W ,Karl Kauffmann P | COL,0,0,0,0,0,0,0,0,0,0,0,0,0,0.00,0.00,9999
W ,Ethan Roberts P | CHC,0,0,0,0,0,0,0,0,0,0,0,0,0,0.00,0.00,9999
W ,Markus Solbach P | DET,0,0,0,0,0,0,0,0,0,0,0,0,0,0.00,0.00,9999
W ,Abdiel Mendoza P | TOR,0,0,0,0,0,0,0,0,0,0,0,0,0,0.00,0.00,9999
W ,Ryan Halstead P | SF,0,0,0,0,0,0,0,0,0,0,0,0,0,0.00,0.00,9999
W ,Jack Choate P | SF,0,0,0,0,0,0,0,0,0,0,0,0,0,0.00,0.00,9999
W ,Evan Miller P | SD,0,0,0,0,0,0,0,0,0,0,0,0,0,0.00,0.00,9999
W ,Michael Flynn P | TB,0,0,0,0,0,0,0,0,0,0,0,0,0,0.00,0.00,9999
W ,Michael Mariot P | CIN,0,0,0,0,0,0,0,0,0,0,0,0,0,0.00,0.00,9999
W ,Yapson Gomez P | SF,0,0,0,0,0,0,0,0,0,0,0,0,0,0.00,0.00,9999
W ,Spencer Adams P | CHW,0,0,0,0,0,0,0,0,0,0,0,0,0,0.00,0.00,9999
W ,Yunior Marte P | PHI,0,0,0,0,0,0,0,0,0,0,0,0,0,0.00,0.00,9999
W ,Juan Paniagua P | CHC,0,0,0,0,0,0,0,0,0,0,0,0,0,0.00,0.00,9999
W ,Dakota Donovan P | LAA,0,0,0,0,0,0,0,0,0,0,0,0,0,0.00,0.00,9999
W ,Ryan Jensen P | MIN,0,0,0,0,0,0,0,0,0,0,0,0,0,0.00,0.00,9999
W ,Sean Reid-Foley P | NYM,0,0,0,0,0,0,0,0,0,0,0,0,0,0.00,0.00,9999
W ,Andres Avila P | ATH,0,0,0,0,0,0,0,0,0,0,0,0,0,0.00,0.00,9999
W ,Codi Heuer P | TEX,0,0,0,0,0,0,0,0,0,0,0,0,0,0.00,0.00,9999
W ,J.T. Hintzen P | MIL,0,0,0,0,0,0,0,0,0,0,0,0,0,0.00,0.00,9999
W ,Gabe Hemmer P | DET,0,0,0,0,0,0,0,0,0,0,0,0,0,0.00,0.00,9999
W ,Jake Reed P | LAD,0,0,0,0,0,0,0,0,0,0,0,0,0,0.00,0.00,9999
W ,Sean Nolin P | MIA,0,0,0,0,0,0,0,0,0,0,0,0,0,0.00,0.00,9999
W ,Anyelo Gomez P | BOS,0,0,0,0,0,0,0,0,0,0,0,0,0,0.00,0.00,9999
W ,Jose Cuas P | PHI,0,0,0,0,0,0,0,0,0,0,0,0,0,0.00,0.00,9999
W ,Ben Vespi P | BAL,0,0,0,0,0,0,0,0,0,0,0,0,0,0.00,0.00,9999
W ,Alex Scherff P | MIN,0,0,0,0,0,0,0,0,0,0,0,0,0,0.00,0.00,9999
W ,Ryan Hennen P | BAL,0,0,0,0,0,0,0,0,0,0,0,0,0,0.00,0.00,9999
W ,Touki Toussaint P | CHW,0,0,0,0,0,0,0,0,0,0,0,0,0,0.00,0.00,9999
W ,Chih-Jung Liu P | BOS,0,0,0,0,0,0,0,0,0,0,0,0,0,0.00,0.00,9999
W ,Jeff Brigham P | ARI,0,0,0,0,0,0,0,0,0,0,0,0,0,0.00,0.00,9999
W ,Paul Fry P | TOR,0,0,0,0,0,0,0,0,0,0,0,0,0,0.00,0.00,9999
W ,Fernery Ozuna P | TEX,0,0,0,0,0,0,0,0,0,0,0,0,0,0.00,0.00,9999
W ,Hunter Cranton P | SEA,0,0,0,0,0,0,0,0,0,0,0,0,0,0.00,0.00,9999
W ,Zack Bird P | ATL,0,0,0,0,0,0,0,0,0,0,0,0,0,0.00,0.00,9999
W ,Thomas Burrows P | ATL,0,0,0,0,0,0,0,0,0,0,0,0,0,0.00,0.00,9999
W ,Dale Stanavich P | MIA,0,0,0,0,0,0,0,0,0,0,0,0,0,0.00,0.00,9999
W ,Ryan Conroy P | BAL,0,0,0,0,0,0,0,0,0,0,0,0,0,0.00,0.00,9999
W ,Steven Jennings P | TEX,0,0,0,0,0,0,0,0,0,0,0,0,0,0.00,0.00,9999
W ,Terry Doyle P | ARI,0,0,0,0,0,0,0,0,0,0,0,0,0,0.00,0.00,9999
W ,Jesse Chavez P | TEX ,0,0,0,0,0,0,0,0,0,0,0,0,0,0.00,0.00,9999
W ,Luis Devers P | CHC,0,0,0,0,0,0,0,0,0,0,0,0,0,0.00,0.00,9999
W ,Francis Pena P | SD,0,0,0,0,0,0,0,0,0,0,0,0,0,0.00,0.00,9999
W ,Cory Abbott P | SEA,0,0,0,0,0,0,0,0,0,0,0,0,0,0.00,0.00,9999
W ,Cesar Valdez P | LAA,0,0,0,0,0,0,0,0,0,0,0,0,0,0.00,0.00,9999
W ,Ofreidy Gomez P | BAL,0,0,0,0,0,0,0,0,0,0,0,0,0,0.00,0.00,9999
W ,Benjamin Onyshko P | SEA,0,0,0,0,0,0,0,0,0,0,0,0,0,0.00,0.00,9999
W ,Anthony Block P | LAA,0,0,0,0,0,0,0,0,0,0,0,0,0,0.00,0.00,9999
W ,Adrian Morejon P | SD,0,0,0,0,0,0,0,0,0,0,0,0,0,0.00,0.00,9999
W ,Ryan Brady P | KC,0,0,0,0,0,0,0,0,0,0,0,0,0,0.00,0.00,9999
W ,Nelson Gonzalez P | COL,0,0,0,0,0,0,0,0,0,0,0,0,0,0.00,0.00,9999
W ,Matt Walker P | SEA,0,0,0,0,0,0,0,0,0,0,0,0,0,0.00,0.00,9999
W ,Griff McGarry P | PHI,0,0,0,0,0,0,0,0,0,0,0,0,0,0.00,0.00,9999
W ,Kelvin Ramirez P | LAD,0,0,0,0,0,0,0,0,0,0,0,0,0,0.00,0.00,9999
W ,Dominic Pipkin P | PHI,0,0,0,0,0,0,0,0,0,0,0,0,0,0.00,0.00,9999
W ,Denyi Reyes P | NYM,0,0,0,0,0,0,0,0,0,0,0,0,0,0.00,0.00,9999
W ,Jack Young P | CHW,0,0,0,0,0,0,0,0,0,0,0,0,0,0.00,0.00,9999
W ,Clark Candiotti P | SD,0,0,0,0,0,0,0,0,0,0,0,0,0,0.00,0.00,9999
W ,Rob Wort P | BOS,0,0,0,0,0,0,0,0,0,0,0,0,0,0.00,0.00,9999
W ,Tommy Milone P | SEA,0,0,0,0,0,0,0,0,0,0,0,0,0,0.00,0.00,9999
W ,Adam Maier P | ATL,0,0,0,0,0,0,0,0,0,0,0,0,0,0.00,0.00,9999
W ,Tyler Davis P | TEX,0,0,0,0,0,0,0,0,0,0,0,0,0,0.00,0.00,9999
W ,Jorge Marban P | BOS,0,0,0,0,0,0,0,0,0,0,0,0,0,0.00,0.00,9999
W ,Sean Donatello P | MIA,0,0,0,0,0,0,0,0,0,0,0,0,0,0.00,0.00,9999
W ,Miguel Rodriguez P | MIN,0,0,0,0,0,0,0,0,0,0,0,0,0,0.00,0.00,9999
W ,Cameron Wynne P | PHI,0,0,0,0,0,0,0,0,0,0,0,0,0,0.00,0.00,9999
W ,Kyle Nelson P | ARI ,0,0,0,0,0,0,0,0,0,0,0,0,0,0.00,0.00,9999
W ,Thomas White P | MIA,0,0,0,0,0,0,0,0,0,0,0,0,0,0.00,0.00,9999
W ,Alfredo Zarraga P | TB,0,0,0,0,0,0,0,0,0,0,0,0,0,0.00,0.00,9999
W ,Tyler White P | MIL,0,0,0,0,0,0,0,0,0,0,0,0,0,0.00,0.00,9999
W ,Gage Boehm P | SEA,0,0,0,0,0,0,0,0,0,0,0,0,0,0.00,0.00,9999
W ,Hector Daniel Rodriguez P | BAL,0,0,0,0,0,0,0,0,0,0,0,0,0,0.00,0.00,9999
W ,Trey Dombroski P | HOU,0,0,0,0,0,0,0,0,0,0,0,0,0,0.00,0.00,9999
W ,Chester Pimentel P | ATH,0,0,0,0,0,0,0,0,0,0,0,0,0,0.00,0.00,9999
W ,Taylor Broadway P | BOS,0,0,0,0,0,0,0,0,0,0,0,0,0,0.00,0.00,9999
W ,Boone Whiting P | STL,0,0,0,0,0,0,0,0,0,0,0,0,0,0.00,0.00,9999
W ,Jamison Hill P | ARI,0,0,0,0,0,0,0,0,0,0,0,0,0,0.00,0.00,9999
W ,Victor Gonzalez P | LAA,0,0,0,0,0,0,0,0,0,0,0,0,0,0.00,0.00,9999
W ,Keagan Gillies P | BAL,0,0,0,0,0,0,0,0,0,0,0,0,0,0.00,0.00,9999
W ,Daniel Juarez P | NYM,0,0,0,0,0,0,0,0,0,0,0,0,0,0.00,0.00,9999
W ,Michael Forret P | BAL,0,0,0,0,0,0,0,0,0,0,0,0,0,0.00,0.00,9999
W ,Carson Ragsdale P | SF,0,0,0,0,0,0,0,0,0,0,0,0,0,0.00,0.00,9999
W ,Nicholas Padilla P | PHI,0,0,0,0,0,0,0,0,0,0,0,0,0,0.00,0.00,9999
W ,James Teague P | BAL,0,0,0,0,0,0,0,0,0,0,0,0,0,0.00,0.00,9999
W ,Kohl Simas P | CHW ,0,0,0,0,0,0,0,0,0,0,0,0,0,0.00,0.00,9999
W ,Brett Martin P | TEX,0,0,0,0,0,0,0,0,0,0,0,0,0,0.00,0.00,9999
W ,Tyler Santana P | CHC,0,0,0,0,0,0,0,0,0,0,0,0,0,0.00,0.00,9999
W ,Julian Garcia P | PHI,0,0,0,0,0,0,0,0,0,0,0,0,0,0.00,0.00,9999
W ,Ryan Smith P | LAA,0,0,0,0,0,0,0,0,0,0,0,0,0,0.00,0.00,9999
W ,Casey Lawrence P | SEA,0,0,0,0,0,0,0,0,0,0,0,0,0,0.00,0.00,9999
W ,Bryce Elder P | ATL,0,0,0,0,0,0,0,0,0,0,0,0,0,0.00,0.00,9999
W ,Phil Bickford P | CHC,0,0,0,0,0,0,0,0,0,0,0,0,0,0.00,0.00,9999
W ,Alex Young P | CIN ,0,0,0,0,0,0,0,0,0,0,0,0,0,0.00,0.00,9999
W ,Corey Baker P | STL,0,0,0,0,0,0,0,0,0,0,0,0,0,0.00,0.00,9999
W ,Bill Sullivan P | ATH,0,0,0,0,0,0,0,0,0,0,0,0,0,0.00,0.00,9999
W ,Zak Kent P | CLE,0,0,0,0,0,0,0,0,0,0,0,0,0,0.00,0.00,9999
W ,Stefan Raeth P | SEA,0,0,0,0,0,0,0,0,0,0,0,0,0,0.00,0.00,9999
W ,Hagen Danner P | SEA,0,0,0,0,0,0,0,0,0,0,0,0,0,0.00,0.00,9999
W ,Jun-Seok Shim P | MIA ,0,0,0,0,0,0,0,0,0,0,0,0,0,0.00,0.00,9999
W ,Tanner Myatt P | NYY,0,0,0,0,0,0,0,0,0,0,0,0,0,0.00,0.00,9999
W ,Tyler Cyr P | LAD,0,0,0,0,0,0,0,0,0,0,0,0,0,0.00,0.00,9999
W ,Dylan Thompson P | SEA,0,0,0,0,0,0,0,0,0,0,0,0,0,0.00,0.00,9999
W ,Jason Creasy P | ATL,0,0,0,0,0,0,0,0,0,0,0,0,0,0.00,0.00,9999
W ,Cody Buckel P | TEX,0,0,0,0,0,0,0,0,0,0,0,0,0,0.00,0.00,9999
W ,Kurt Hoekstra P | ATL,0,0,0,0,0,0,0,0,0,0,0,0,0,0.00,0.00,9999
W ,Andrew Baker P | PHI,0,0,0,0,0,0,0,0,0,0,0,0,0,0.00,0.00,9999
W ,Matt Brill P | WAS,0,0,0,0,0,0,0,0,0,0,0,0,0,0.00,0.00,9999
W ,John Murphy P | CIN,0,0,0,0,0,0,0,0,0,0,0,0,0,0.00,0.00,9999
W ,Edwin Fierro P | TB,0,0,0,0,0,0,0,0,0,0,0,0,0,0.00,0.00,9999
W ,Seth Nordlin P | MIN,0,0,0,0,0,0,0,0,0,0,0,0,0,0.00,0.00,9999
W ,Gabriel Sosa P | SEA,0,0,0,0,0,0,0,0,0,0,0,0,0,0.00,0.00,9999
W ,Jon Heasley P | CHW ,0,0,0,0,0,0,0,0,0,0,0,0,0,0.00,0.00,9999
W ,Luinder Avila P | KC,0,0,0,0,0,0,0,0,0,0,0,0,0,0.00,0.00,9999
W ,Charles King P | PHI,0,0,0,0,0,0,0,0,0,0,0,0,0,0.00,0.00,9999
W ,Zach Fogell P | BOS,0,0,0,0,0,0,0,0,0,0,0,0,0,0.00,0.00,9999
W ,Derek Eitel P | WAS,0,0,0,0,0,0,0,0,0,0,0,0,0,0.00,0.00,9999
W ,Martires Arias P | SD,0,0,0,0,0,0,0,0,0,0,0,0,0,0.00,0.00,9999
W ,Tyler Owens P | DET,0,0,0,0,0,0,0,0,0,0,0,0,0,0.00,0.00,9999
W ,Antonio Santos P | CHC,0,0,0,0,0,0,0,0,0,0,0,0,0,0.00,0.00,9999
W ,Zane Mills P | STL,0,0,0,0,0,0,0,0,0,0,0,0,0,0.00,0.00,9999
W ,Kyle Young P | PHI,0,0,0,0,0,0,0,0,0,0,0,0,0,0.00,0.00,9999
W ,J.J. Niekro P | ATL,0,0,0,0,0,0,0,0,0,0,0,0,0,0.00,0.00,9999
W ,T.J. Weir P | SD,0,0,0,0,0,0,0,0,0,0,0,0,0,0.00,0.00,9999
W ,Corey Black P | CHC,0,0,0,0,0,0,0,0,0,0,0,0,0,0.00,0.00,9999
W ,Beck Way P | KC,0,0,0,0,0,0,0,0,0,0,0,0,0,0.00,0.00,9999
W ,David Sosebee P | NYY,0,0,0,0,0,0,0,0,0,0,0,0,0,0.00,0.00,9999
W ,Michael Rucker P | WAS,0,0,0,0,0,0,0,0,0,0,0,0,0,0.00,0.00,9999
W ,Scott Weathersby P | HOU,0,0,0,0,0,0,0,0,0,0,0,0,0,0.00,0.00,9999
W ,Brett Kennedy P | CIN,0,0,0,0,0,0,0,0,0,0,0,0,0,0.00,0.00,9999
W ,Michael Peoples P | CLE,0,0,0,0,0,0,0,0,0,0,0,0,0,0.00,0.00,9999
W ,Tim Shibuya P | LAD,0,0,0,0,0,0,0,0,0,0,0,0,0,0.00,0.00,9999
W ,Colin Selby P | BAL,0,0,0,0,0,0,0,0,0,0,0,0,0,0.00,0.00,9999
W ,Junior Santos P | WAS,0,0,0,0,0,0,0,0,0,0,0,0,0,0.00,0.00,9999
W ,Kurt Heyer P | STL,0,0,0,0,0,0,0,0,0,0,0,0,0,0.00,0.00,9999
W ,Elijah Morgan P | CHC ,0,0,0,0,0,0,0,0,0,0,0,0,0,0.00,0.00,9999
W ,Jose Espada P | SD,0,0,0,0,0,0,0,0,0,0,0,0,0,0.00,0.00,9999
W ,Samuel Perez P | MIN,0,0,0,0,0,0,0,0,0,0,0,0,0,0.00,0.00,9999
W ,Kevin McCanna P | ARI,0,0,0,0,0,0,0,0,0,0,0,0,0,0.00,0.00,9999
W ,John Stankiewicz P | MIN,0,0,0,0,0,0,0,0,0,0,0,0,0,0.00,0.00,9999
W ,Matt Mikulski P | SF,0,0,0,0,0,0,0,0,0,0,0,0,0,0.00,0.00,9999
W ,Jose Martinez P | ARI,0,0,0,0,0,0,0,0,0,0,0,0,0,0.00,0.00,9999
W ,Juan Caballero P | MIA,0,0,0,0,0,0,0,0,0,0,0,0,0,0.00,0.00,9999
W ,Efrain Contreras P | PHI,0,0,0,0,0,0,0,0,0,0,0,0,0,0.00,0.00,9999
W ,Trey Yesavage P | TOR,0,0,0,0,0,0,0,0,0,0,0,0,0,0.00,0.00,9999
W ,JJ Goss P | TB,0,0,0,0,0,0,0,0,0,0,0,0,0,0.00,0.00,9999
W ,Braeden Ogle P | PIT,0,0,0,0,0,0,0,0,0,0,0,0,0,0.00,0.00,9999
W ,Julio Teheran P | BAL,0,0,0,0,0,0,0,0,0,0,0,0,0,0.00,0.00,9999
W ,Norwith Gudino P | BOS,0,0,0,0,0,0,0,0,0,0,0,0,0,0.00,0.00,9999
W ,Garrett Farmer P | BAL,0,0,0,0,0,0,0,0,0,0,0,0,0,0.00,0.00,9999
W ,Anthony Misiewicz P | MIN,0,0,0,0,0,0,0,0,0,0,0,0,0,0.00,0.00,9999
W ,Chase Hampton P | NYY,0,0,0,0,0,0,0,0,0,0,0,0,0,0.00,0.00,9999
W ,Steve Perakslis P | CHC,0,0,0,0,0,0,0,0,0,0,0,0,0,0.00,0.00,9999
W ,Brandon Walter P | HOU,0,0,0,0,0,0,0,0,0,0,0,0,0,0.00,0.00,9999
W ,Ian Oxnevad P | STL,0,0,0,0,0,0,0,0,0,0,0,0,0,0.00,0.00,9999
W ,Hans Crouse P | LAA,0,0,0,0,0,0,0,0,0,0,0,0,0,0.00,0.00,9999
W ,Kannon Kemp P | SD ,0,0,0,0,0,0,0,0,0,0,0,0,0,0.00,0.00,9999
W ,Jack Cushing P | ATH,0,0,0,0,0,0,0,0,0,0,0,0,0,0.00,0.00,9999
W ,Indigo Diaz P | NYY,0,0,0,0,0,0,0,0,0,0,0,0,0,0.00,0.00,9999
W ,Joshua Torres P | NYM,0,0,0,0,0,0,0,0,0,0,0,0,0,0.00,0.00,9999
W ,Lance Lynn P | STL,0,0,0,0,0,0,0,0,0,0,0,0,0,0.00,0.00,9999
W ,Josh Grosz P | NYY,0,0,0,0,0,0,0,0,0,0,0,0,0,0.00,0.00,9999
W ,Austin Hansen P | HOU,0,0,0,0,0,0,0,0,0,0,0,0,0,0.00,0.00,9999
W ,AJ Labas P | MIN,0,0,0,0,0,0,0,0,0,0,0,0,0,0.00,0.00,9999
W ,Jose Valdespina P | TEX,0,0,0,0,0,0,0,0,0,0,0,0,0,0.00,0.00,9999
W ,Anthony Kay P | NYM,0,0,0,0,0,0,0,0,0,0,0,0,0,0.00,0.00,9999
W ,Carlos Guarate P | ATH,0,0,0,0,0,0,0,0,0,0,0,0,0,0.00,0.00,9999
W ,Ryan Atkinson P | ARI,0,0,0,0,0,0,0,0,0,0,0,0,0,0.00,0.00,9999
W ,Keyshawn Askew P | TB,0,0,0,0,0,0,0,0,0,0,0,0,0,0.00,0.00,9999
W ,Blake Workman P | ARI,0,0,0,0,0,0,0,0,0,0,0,0,0,0.00,0.00,9999
W ,Jakob Hernandez P | BAL,0,0,0,0,0,0,0,0,0,0,0,0,0,0.00,0.00,9999
W ,Parker Dunshee P | ATL,0,0,0,0,0,0,0,0,0,0,0,0,0,0.00,0.00,9999
W ,Andrew Perez P | CHW,0,0,0,0,0,0,0,0,0,0,0,0,0,0.00,0.00,9999
W ,Chris Vallimont P | CLE,0,0,0,0,0,0,0,0,0,0,0,0,0,0.00,0.00,9999
W ,Yordanny Monegro P | BOS,0,0,0,0,0,0,0,0,0,0,0,0,0,0.00,0.00,9999
W ,Gage Hinsz P | PIT,0,0,0,0,0,0,0,0,0,0,0,0,0,0.00,0.00,9999
W ,Garrett Stallings P | MIL,0,0,0,0,0,0,0,0,0,0,0,0,0,0.00,0.00,9999
W ,Dylan Lesko P | TB,0,0,0,0,0,0,0,0,0,0,0,0,0,0.00,0.00,9999
W ,Victor Arano P | WAS,0,0,0,0,0,0,0,0,0,0,0,0,0,0.00,0.00,9999
W ,John Parke P | CHW,0,0,0,0,0,0,0,0,0,0,0,0,0,0.00,0.00,9999
W ,Wesley Moore P | PHI,0,0,0,0,0,0,0,0,0,0,0,0,0,0.00,0.00,9999
W ,Matt Andriese P | MIA,0,0,0,0,0,0,0,0,0,0,0,0,0,0.00,0.00,9999
W ,Lenny Torres P | CIN,0,0,0,0,0,0,0,0,0,0,0,0,0,0.00,0.00,9999
W ,Clayton McGinness P | BAL,0,0,0,0,0,0,0,0,0,0,0,0,0,0.00,0.00,9999
W ,Juan Sanchez P | SF,0,0,0,0,0,0,0,0,0,0,0,0,0,0.00,0.00,9999
W ,Dace Kime P | CLE,0,0,0,0,0,0,0,0,0,0,0,0,0,0.00,0.00,9999
W ,Zach Messinger P | NYY,0,0,0,0,0,0,0,0,0,0,0,0,0,0.00,0.00,9999
W ,Seth Simmons P | ARI,0,0,0,0,0,0,0,0,0,0,0,0,0,0.00,0.00,9999
W ,Drew Anderson P | DET,0,0,0,0,0,0,0,0,0,0,0,0,0,0.00,0.00,9999
W ,Steven Cruz P | KC ,0,0,0,0,0,0,0,0,0,0,0,0,0,0.00,0.00,9999
W ,Connor Cooke P | TOR,0,0,0,0,0,0,0,0,0,0,0,0,0,0.00,0.00,9999
W ,Ryan Weber P | NYY,0,0,0,0,0,0,0,0,0,0,0,0,0,0.00,0.00,9999
W ,Juan Morillo P | ARI,0,0,0,0,0,0,0,0,0,0,0,0,0,0.00,0.00,9999
W ,Grayson Hitt P | ARI,0,0,0,0,0,0,0,0,0,0,0,0,0,0.00,0.00,9999
W ,Jesus Estrada P | CHC,0,0,0,0,0,0,0,0,0,0,0,0,0,0.00,0.00,9999
W ,Jordan Brink P | MIN,0,0,0,0,0,0,0,0,0,0,0,0,0,0.00,0.00,9999
W ,Joe Rogers P | DET,0,0,0,0,0,0,0,0,0,0,0,0,0,0.00,0.00,9999
W ,Jackson Kent P | WAS,0,0,0,0,0,0,0,0,0,0,0,0,0,0.00,0.00,9999
W ,Rainy Lara P | NYM,0,0,0,0,0,0,0,0,0,0,0,0,0,0.00,0.00,9999
W ,Marcus Johnson P | TB,0,0,0,0,0,0,0,0,0,0,0,0,0,0.00,0.00,9999
W ,Keegan Curtis P | LAD,0,0,0,0,0,0,0,0,0,0,0,0,0,0.00,0.00,9999
W ,Buddy Borden P | PIT,0,0,0,0,0,0,0,0,0,0,0,0,0,0.00,0.00,9999
W ,Hayden Juenger P | TOR,0,0,0,0,0,0,0,0,0,0,0,0,0,0.00,0.00,9999
W ,Frandy Torres P | HOU,0,0,0,0,0,0,0,0,0,0,0,0,0,0.00,0.00,9999
W ,Teddy Stankiewicz P | BOS,0,0,0,0,0,0,0,0,0,0,0,0,0,0.00,0.00,9999
W ,Lucas Jacobsen P | TEX,0,0,0,0,0,0,0,0,0,0,0,0,0,0.00,0.00,9999
W ,Jonah Dipoto P | PHI,0,0,0,0,0,0,0,0,0,0,0,0,0,0.00,0.00,9999
W ,Adam Mazur P | MIA,0,0,0,0,0,0,0,0,0,0,0,0,0,0.00,0.00,9999
W ,Luis Vasquez P | LAD,0,0,0,0,0,0,0,0,0,0,0,0,0,0.00,0.00,9999
W ,Gerald Ogando P | BAL,0,0,0,0,0,0,0,0,0,0,0,0,0,0.00,0.00,9999
W ,Fabian Williamson P | MIA,0,0,0,0,0,0,0,0,0,0,0,0,0,0.00,0.00,9999
W ,Blake Logan P | MIA,0,0,0,0,0,0,0,0,0,0,0,0,0,0.00,0.00,9999
W ,Connor Jones P | STL,0,0,0,0,0,0,0,0,0,0,0,0,0,0.00,0.00,9999
W ,Raimon Gomez P | NYM ,0,0,0,0,0,0,0,0,0,0,0,0,0,0.00,0.00,9999
W ,Jeffry Antigua P | CHC,0,0,0,0,0,0,0,0,0,0,0,0,0,0.00,0.00,9999
W ,Shane McCain P | TEX,0,0,0,0,0,0,0,0,0,0,0,0,0,0.00,0.00,9999
W ,Jose Chacin P | NYM,0,0,0,0,0,0,0,0,0,0,0,0,0,0.00,0.00,9999
W ,Jose Oyervidez P | SD,0,0,0,0,0,0,0,0,0,0,0,0,0,0.00,0.00,9999
W ,Christian Scott P | NYM ,0,0,0,0,0,0,0,0,0,0,0,0,0,0.00,0.00,9999
W ,Corey Williams P | MIN,0,0,0,0,0,0,0,0,0,0,0,0,0,0.00,0.00,9999
W ,Ben Leeper P | CHC,0,0,0,0,0,0,0,0,0,0,0,0,0,0.00,0.00,9999
W ,Marcos Lennin Molina P | CIN,0,0,0,0,0,0,0,0,0,0,0,0,0,0.00,0.00,9999
W ,T.J. Brock P | TOR ,0,0,0,0,0,0,0,0,0,0,0,0,0,0.00,0.00,9999
W ,Jean Reyes P | MIA,0,0,0,0,0,0,0,0,0,0,0,0,0,0.00,0.00,9999
W ,Jeremy Walker P | PHI,0,0,0,0,0,0,0,0,0,0,0,0,0,0.00,0.00,9999
W ,Patrick Corbin P | WAS ,0,0,0,0,0,0,0,0,0,0,0,0,0,0.00,0.00,9999
W ,Danny Gutierrez P | TEX,0,0,0,0,0,0,0,0,0,0,0,0,0,0.00,0.00,9999
W ,Mark Peterson P | KC,0,0,0,0,0,0,0,0,0,0,0,0,0,0.00,0.00,9999
W ,Brycen Mautz P | STL,0,0,0,0,0,0,0,0,0,0,0,0,0,0.00,0.00,9999
W ,Riley Pint P | COL,0,0,0,0,0,0,0,0,0,0,0,0,0,0.00,0.00,9999
W ,Michael Fulmer P | BOS ,0,0,0,0,0,0,0,0,0,0,0,0,0,0.00,0.00,9999
W ,James Pugliese P | CHC,0,0,0,0,0,0,0,0,0,0,0,0,0,0.00,0.00,9999
W ,Ben Simon P | NYM,0,0,0,0,0,0,0,0,0,0,0,0,0,0.00,0.00,9999
W ,Jose Rodriguez P | SEA,0,0,0,0,0,0,0,0,0,0,0,0,0,0.00,0.00,9999
W ,Luis Mateo P | NYM,0,0,0,0,0,0,0,0,0,0,0,0,0,0.00,0.00,9999
Cackleberry Czars,Gerrit Cole P | NYY ,0,0,0,0,0,0,0,0,0,0,0,0,0,0.00,0.00,9999
W ,Dylan Unsworth P | SEA,0,0,0,0,0,0,0,0,0,0,0,0,0,0.00,0.00,9999
W ,Garrett Hill P | DET,0,0,0,0,0,0,0,0,0,0,0,0,0,0.00,0.00,9999
W ,Payton Martin P | LAD,0,0,0,0,0,0,0,0,0,0,0,0,0,0.00,0.00,9999
W ,Jefri Hernandez P | BAL,0,0,0,0,0,0,0,0,0,0,0,0,0,0.00,0.00,9999
W ,Trey Benton P | CLE,0,0,0,0,0,0,0,0,0,0,0,0,0,0.00,0.00,9999
W ,Skylar Arias P | BOS,0,0,0,0,0,0,0,0,0,0,0,0,0,0.00,0.00,9999
W ,Wyatt Olds P | BOS,0,0,0,0,0,0,0,0,0,0,0,0,0,0.00,0.00,9999
W ,Humberto Cruz P | SD,0,0,0,0,0,0,0,0,0,0,0,0,0,0.00,0.00,9999
W ,Kit Scheetz P | HOU,0,0,0,0,0,0,0,0,0,0,0,0,0,0.00,0.00,9999
W ,Tyler Jones P | PIT,0,0,0,0,0,0,0,0,0,0,0,0,0,0.00,0.00,9999
W ,Nick Kennedy P | COL,0,0,0,0,0,0,0,0,0,0,0,0,0,0.00,0.00,9999
W ,Nick Morreale P | SF,0,0,0,0,0,0,0,0,0,0,0,0,0,0.00,0.00,9999
W ,Anthony Maldonado P | ATH,0,0,0,0,0,0,0,0,0,0,0,0,0,0.00,0.00,9999
W ,Connor Prielipp P | MIN,0,0,0,0,0,0,0,0,0,0,0,0,0,0.00,0.00,9999
W ,Keynan Middleton P | STL,0,0,0,0,0,0,0,0,0,0,0,0,0,0.00,0.00,9999
W ,Justin Hagenman P | NYM,0,0,0,0,0,0,0,0,0,0,0,0,0,0.00,0.00,9999
W ,Luis Frias P | CLE,0,0,0,0,0,0,0,0,0,0,0,0,0,0.00,0.00,9999
W ,Max Herrmann P | LAA,0,0,0,0,0,0,0,0,0,0,0,0,0,0.00,0.00,9999
W ,Cole Wilcox P | TB,0,0,0,0,0,0,0,0,0,0,0,0,0,0.00,0.00,9999
W ,Juan Valera P | BOS,0,0,0,0,0,0,0,0,0,0,0,0,0,0.00,0.00,9999
W ,Nick Mondak P | LAA,0,0,0,0,0,0,0,0,0,0,0,0,0,0.00,0.00,9999
W ,Alex Clemmey P | WAS,0,0,0,0,0,0,0,0,0,0,0,0,0,0.00,0.00,9999
W ,Bryce Meccage P | MIL,0,0,0,0,0,0,0,0,0,0,0,0,0,0.00,0.00,9999
W ,Kevin Comer P | DET,0,0,0,0,0,0,0,0,0,0,0,0,0,0.00,0.00,9999
W ,Adam Kloffenstein P | TOR,0,0,0,0,0,0,0,0,0,0,0,0,0,0.00,0.00,9999
W ,Juan Encarnacion P | BOS,0,0,0,0,0,0,0,0,0,0,0,0,0,0.00,0.00,9999
W ,Juan Nunez P | TOR,0,0,0,0,0,0,0,0,0,0,0,0,0,0.00,0.00,9999
W ,Seth Varner P | CIN,0,0,0,0,0,0,0,0,0,0,0,0,0,0.00,0.00,9999
W ,Tony Dibrell P | NYM,0,0,0,0,0,0,0,0,0,0,0,0,0,0.00,0.00,9999
W ,Domingo Gonzalez P | ATL,0,0,0,0,0,0,0,0,0,0,0,0,0,0.00,0.00,9999
W ,Chad Dallas P | TOR,0,0,0,0,0,0,0,0,0,0,0,0,0,0.00,0.00,9999
W ,Royber Salinas P | ATL,0,0,0,0,0,0,0,0,0,0,0,0,0,0.00,0.00,9999
W ,Nathan Wiles P | TB ,0,0,0,0,0,0,0,0,0,0,0,0,0,0.00,0.00,9999
W ,Jack Anderson P | BOS,0,0,0,0,0,0,0,0,0,0,0,0,0,0.00,0.00,9999
W ,Hobie Harris P | BOS,0,0,0,0,0,0,0,0,0,0,0,0,0,0.00,0.00,9999
W ,Felix Paulino P | CHW,0,0,0,0,0,0,0,0,0,0,0,0,0,0.00,0.00,9999
W ,Nick Pasquale P | CLE,0,0,0,0,0,0,0,0,0,0,0,0,0,0.00,0.00,9999
W ,Brad Kuntz P | SD,0,0,0,0,0,0,0,0,0,0,0,0,0,0.00,0.00,9999
W ,Jake Woodford P | COL,0,0,0,0,0,0,0,0,0,0,0,0,0,0.00,0.00,9999
W ,Yankory Pimentel P | BOS,0,0,0,0,0,0,0,0,0,0,0,0,0,0.00,0.00,9999
W ,Andrew Lindsey P | TB,0,0,0,0,0,0,0,0,0,0,0,0,0,0.00,0.00,9999
W ,Logan Lombana P | MIN,0,0,0,0,0,0,0,0,0,0,0,0,0,0.00,0.00,9999
W ,Michael Costanzo P | TB,0,0,0,0,0,0,0,0,0,0,0,0,0,0.00,0.00,9999
W ,Nick Frasso P | LAD,0,0,0,0,0,0,0,0,0,0,0,0,0,0.00,0.00,9999
W ,Nick Mikolajchak P | CLE,0,0,0,0,0,0,0,0,0,0,0,0,0,0.00,0.00,9999
W ,Kelvin Nunez P | SEA,0,0,0,0,0,0,0,0,0,0,0,0,0,0.00,0.00,9999
W ,Zach Cable P | CHW,0,0,0,0,0,0,0,0,0,0,0,0,0,0.00,0.00,9999
W ,Andrew Marrero P | STL,0,0,0,0,0,0,0,0,0,0,0,0,0,0.00,0.00,9999
W ,Drew Gray P | CHC,0,0,0,0,0,0,0,0,0,0,0,0,0,0.00,0.00,9999
W ,Bayden Root P | MIL,0,0,0,0,0,0,0,0,0,0,0,0,0,0.00,0.00,9999
W ,Hansel Robles P | LAD,0,0,0,0,0,0,0,0,0,0,0,0,0,0.00,0.00,9999
W ,Colby White P | NYY,0,0,0,0,0,0,0,0,0,0,0,0,0,0.00,0.00,9999
W ,Andrew Schwaab P | BOS,0,0,0,0,0,0,0,0,0,0,0,0,0,0.00,0.00,9999
W ,Luis Lugo P | CHC,0,0,0,0,0,0,0,0,0,0,0,0,0,0.00,0.00,9999
W ,Tommy Collier P | DET,0,0,0,0,0,0,0,0,0,0,0,0,0,0.00,0.00,9999
W ,Ryan Boyer P | TOR,0,0,0,0,0,0,0,0,0,0,0,0,0,0.00,0.00,9999
W ,Chase Mobley P | CLE,0,0,0,0,0,0,0,0,0,0,0,0,0,0.00,0.00,9999
W ,Spencer Mraz P | TEX,0,0,0,0,0,0,0,0,0,0,0,0,0,0.00,0.00,9999
W ,Jackson Humphries P | CLE,0,0,0,0,0,0,0,0,0,0,0,0,0,0.00,0.00,9999
W ,Tanner Andrews P | SF,0,0,0,0,0,0,0,0,0,0,0,0,0,0.00,0.00,9999
W ,Matthew Allan P | NYM,0,0,0,0,0,0,0,0,0,0,0,0,0,0.00,0.00,9999
W ,Adam Laskey P | MIA,0,0,0,0,0,0,0,0,0,0,0,0,0,0.00,0.00,9999
W ,Max Kranick P | NYM,0,0,0,0,0,0,0,0,0,0,0,0,0,0.00,0.00,9999
W ,Austin Gordon P | LAA,0,0,0,0,0,0,0,0,0,0,0,0,0,0.00,0.00,9999
W ,Nick Nastrini P | CHW,0,0,0,0,0,0,0,0,0,0,0,0,0,0.00,0.00,9999
W ,Leonardo Crawford P | MIL,0,0,0,0,0,0,0,0,0,0,0,0,0,0.00,0.00,9999
W ,Brad Keller P | CHC,0,0,0,0,0,0,0,0,0,0,0,0,0,0.00,0.00,9999
W ,Austin Vernon P | TB,0,0,0,0,0,0,0,0,0,0,0,0,0,0.00,0.00,9999
W ,Zach Swanson P | DET,0,0,0,0,0,0,0,0,0,0,0,0,0,0.00,0.00,9999
W ,Connor Staine P | COL,0,0,0,0,0,0,0,0,0,0,0,0,0,0.00,0.00,9999
W ,Ryne Slack P | TEX,0,0,0,0,0,0,0,0,0,0,0,0,0,0.00,0.00,9999
W ,Samuel Holland P | LAA,0,0,0,0,0,0,0,0,0,0,0,0,0,0.00,0.00,9999
W ,Derek Rodriguez P | CHW,0,0,0,0,0,0,0,0,0,0,0,0,0,0.00,0.00,9999
W ,Jose Alberto Rivera P | LAA,0,0,0,0,0,0,0,0,0,0,0,0,0,0.00,0.00,9999
W ,Dylan MacLean P | TEX ,0,0,0,0,0,0,0,0,0,0,0,0,0,0.00,0.00,9999
W ,Xzavion Curry P | MIA,0,0,0,0,0,0,0,0,0,0,0,0,0,0.00,0.00,9999
W ,Livan Reinoso P | LAD,0,0,0,0,0,0,0,0,0,0,0,0,0,0.00,0.00,9999
W ,Malvin Pena P | WAS,0,0,0,0,0,0,0,0,0,0,0,0,0,0.00,0.00,9999
W ,Cesar Gomez P | HOU,0,0,0,0,0,0,0,0,0,0,0,0,0,0.00,0.00,9999
W ,Jonah Tong P | NYM,0,0,0,0,0,0,0,0,0,0,0,0,0,0.00,0.00,9999
W ,Cruz Noriega P | KC,0,0,0,0,0,0,0,0,0,0,0,0,0,0.00,0.00,9999
W ,Aaron Kurcz P | ATH,0,0,0,0,0,0,0,0,0,0,0,0,0,0.00,0.00,9999
W ,Dakota Hudson P | LAA,0,0,0,0,0,0,0,0,0,0,0,0,0,0.00,0.00,9999
W ,Luis Diaz P | SD,0,0,0,0,0,0,0,0,0,0,0,0,0,0.00,0.00,9999
W ,Jensen Elliott P | BAL,0,0,0,0,0,0,0,0,0,0,0,0,0,0.00,0.00,9999
W ,Zach McAllister P | NYY,0,0,0,0,0,0,0,0,0,0,0,0,0,0.00,0.00,9999
W ,Carlos Rodriguez P | MIL,0,0,0,0,0,0,0,0,0,0,0,0,0,0.00,0.00,9999
W ,Kyle Regnault P | NYM,0,0,0,0,0,0,0,0,0,0,0,0,0,0.00,0.00,9999
W ,Matt Alvarez P | KC,0,0,0,0,0,0,0,0,0,0,0,0,0,0.00,0.00,9999
W ,Kent Hasler P | MIL,0,0,0,0,0,0,0,0,0,0,0,0,0,0.00,0.00,9999
W ,Domingo German P | PIT,0,0,0,0,0,0,0,0,0,0,0,0,0,0.00,0.00,9999
W ,Wandisson Charles P | BAL,0,0,0,0,0,0,0,0,0,0,0,0,0,0.00,0.00,9999
W ,Carlos Lagrange P | NYY,0,0,0,0,0,0,0,0,0,0,0,0,0,0.00,0.00,9999
W ,Gage Jump P | ATH,0,0,0,0,0,0,0,0,0,0,0,0,0,0.00,0.00,9999
W ,Trey Riley P | ATL,0,0,0,0,0,0,0,0,0,0,0,0,0,0.00,0.00,9999
W ,Silfredo Garcia P | STL,0,0,0,0,0,0,0,0,0,0,0,0,0,0.00,0.00,9999
W ,Alejandro Rosario P | TEX,0,0,0,0,0,0,0,0,0,0,0,0,0,0.00,0.00,9999
W ,Luis Gonzalez P | BAL,0,0,0,0,0,0,0,0,0,0,0,0,0,0.00,0.00,9999
W ,Matt Manning P | DET,0,0,0,0,0,0,0,0,0,0,0,0,0,0.00,0.00,9999
W ,Landon Harper P | ATL,0,0,0,0,0,0,0,0,0,0,0,0,0,0.00,0.00,9999
W ,Kurt Spomer P | LAA,0,0,0,0,0,0,0,0,0,0,0,0,0,0.00,0.00,9999
W ,Jesus Tillero P | LAD,0,0,0,0,0,0,0,0,0,0,0,0,0,0.00,0.00,9999
W ,Carlos Hernandez P | ATH,0,0,0,0,0,0,0,0,0,0,0,0,0,0.00,0.00,9999
W ,Blake Bass P | TEX,0,0,0,0,0,0,0,0,0,0,0,0,0,0.00,0.00,9999
W ,Emilio Ogando P | KC,0,0,0,0,0,0,0,0,0,0,0,0,0,0.00,0.00,9999
W ,Cole Bartlett P | ARI,0,0,0,0,0,0,0,0,0,0,0,0,0,0.00,0.00,9999
W ,Spenser Watkins P | WAS,0,0,0,0,0,0,0,0,0,0,0,0,0,0.00,0.00,9999
W ,Cole Ayers P | NYY,0,0,0,0,0,0,0,0,0,0,0,0,0,0.00,0.00,9999
W ,Mason Hickman P | CLE,0,0,0,0,0,0,0,0,0,0,0,0,0,0.00,0.00,9999
W ,Jose Butto P | NYM ,0,0,0,0,0,0,0,0,0,0,0,0,0,0.00,0.00,9999
W ,Evan Elliott P | TEX,0,0,0,0,0,0,0,0,0,0,0,0,0,0.00,0.00,9999
W ,Brendan Cellucci P | BOS,0,0,0,0,0,0,0,0,0,0,0,0,0,0.00,0.00,9999
W ,Fitz Stadler P | TOR,0,0,0,0,0,0,0,0,0,0,0,0,0,0.00,0.00,9999
W ,Jackson Cox P | COL ,0,0,0,0,0,0,0,0,0,0,0,0,0,0.00,0.00,9999
W ,Pedro Garcia P | CIN,0,0,0,0,0,0,0,0,0,0,0,0,0,0.00,0.00,9999
W ,Scott Engler P | TEX,0,0,0,0,0,0,0,0,0,0,0,0,0,0.00,0.00,9999
W ,Ben Brecht P | TB,0,0,0,0,0,0,0,0,0,0,0,0,0,0.00,0.00,9999
W ,Starling Peralta P | CHC,0,0,0,0,0,0,0,0,0,0,0,0,0,0.00,0.00,9999
W ,Zech Lemond P | SD,0,0,0,0,0,0,0,0,0,0,0,0,0,0.00,0.00,9999
W ,Jack Dashwood P | LAA,0,0,0,0,0,0,0,0,0,0,0,0,0,0.00,0.00,9999
W ,Nolan Blackwood P | MIN,0,0,0,0,0,0,0,0,0,0,0,0,0,0.00,0.00,9999
W ,Mark Melancon P | ARI,0,0,0,0,0,0,0,0,0,0,0,0,0,0.00,0.00,9999
W ,Miller Hogan P | TB,0,0,0,0,0,0,0,0,0,0,0,0,0,0.00,0.00,9999
W ,Justin Watts P | TOR,0,0,0,0,0,0,0,0,0,0,0,0,0,0.00,0.00,9999
W ,Danny Rosenbaum P | BOS,0,0,0,0,0,0,0,0,0,0,0,0,0,0.00,0.00,9999
W ,Wily Peralta P | PIT,0,0,0,0,0,0,0,0,0,0,0,0,0,0.00,0.00,9999
W ,Xavier Meachem P | MIA,0,0,0,0,0,0,0,0,0,0,0,0,0,0.00,0.00,9999
W ,Matt Koch P | COL,0,0,0,0,0,0,0,0,0,0,0,0,0,0.00,0.00,9999
W ,Zach Hedges P | CHC,0,0,0,0,0,0,0,0,0,0,0,0,0,0.00,0.00,9999
W ,Shane Murphy P | CHW,0,0,0,0,0,0,0,0,0,0,0,0,0,0.00,0.00,9999
W ,Nathan Bannister P | SEA,0,0,0,0,0,0,0,0,0,0,0,0,0,0.00,0.00,9999
W ,Rob Griswold P | ATL,0,0,0,0,0,0,0,0,0,0,0,0,0,0.00,0.00,9999
W ,Elliot Morris P | SD,0,0,0,0,0,0,0,0,0,0,0,0,0,0.00,0.00,9999
W ,Chi Chi Gonzalez P | MIA,0,0,0,0,0,0,0,0,0,0,0,0,0,0.00,0.00,9999
W ,Matt Ager P | PIT,0,0,0,0,0,0,0,0,0,0,0,0,0,0.00,0.00,9999
W ,Yilber Diaz P | ARI,0,0,0,0,0,0,0,0,0,0,0,0,0,0.00,0.00,9999
W ,Mike Walsh P | PIT,0,0,0,0,0,0,0,0,0,0,0,0,0,0.00,0.00,9999
W ,Luis Rijo P | NYY,0,0,0,0,0,0,0,0,0,0,0,0,0,0.00,0.00,9999
W ,Mark Montgomery P | BOS,0,0,0,0,0,0,0,0,0,0,0,0,0,0.00,0.00,9999
W ,Yosver Zulueta P | CIN,0,0,0,0,0,0,0,0,0,0,0,0,0,0.00,0.00,9999
W ,Chris Kohler P | ATH,0,0,0,0,0,0,0,0,0,0,0,0,0,0.00,0.00,9999
W ,Juan Zapata P | CLE,0,0,0,0,0,0,0,0,0,0,0,0,0,0.00,0.00,9999
W ,Brett Daniels P | CLE,0,0,0,0,0,0,0,0,0,0,0,0,0,0.00,0.00,9999
W ,Grant Sides P | ARI,0,0,0,0,0,0,0,0,0,0,0,0,0,0.00,0.00,9999
W ,Jacob Bresnahan P | SF,0,0,0,0,0,0,0,0,0,0,0,0,0,0.00,0.00,9999
W ,Angel Ventura P | MIL,0,0,0,0,0,0,0,0,0,0,0,0,0,0.00,0.00,9999
W ,Charles Hall P | ATH,0,0,0,0,0,0,0,0,0,0,0,0,0,0.00,0.00,9999
W ,Ryan Rolison P | COL,0,0,0,0,0,0,0,0,0,0,0,0,0,0.00,0.00,9999
W ,Alexander Hermeling P | LAD,0,0,0,0,0,0,0,0,0,0,0,0,0,0.00,0.00,9999
W ,Ryan Costeiu P | LAA,0,0,0,0,0,0,0,0,0,0,0,0,0,0.00,0.00,9999
W ,Tejay Antone P | CIN,0,0,0,0,0,0,0,0,0,0,0,0,0,0.00,0.00,9999
W ,Mike Adams P | PHI,0,0,0,0,0,0,0,0,0,0,0,0,0,0.00,0.00,9999
W ,Jacob Kmatz P | TB,0,0,0,0,0,0,0,0,0,0,0,0,0,0.00,0.00,9999
W ,Josh Turley P | DET,0,0,0,0,0,0,0,0,0,0,0,0,0,0.00,0.00,9999
W ,John Rooney P | MIA,0,0,0,0,0,0,0,0,0,0,0,0,0,0.00,0.00,9999
W ,Hayden Mullins P | BOS,0,0,0,0,0,0,0,0,0,0,0,0,0,0.00,0.00,9999
W ,Scott McGough P | ARI ,0,0,0,0,0,0,0,0,0,0,0,0,0,0.00,0.00,9999
W ,McKinley Moore P | NYY,0,0,0,0,0,0,0,0,0,0,0,0,0,0.00,0.00,9999
W ,Dylan Hall P | NYM,0,0,0,0,0,0,0,0,0,0,0,0,0,0.00,0.00,9999
W ,Erubiel Armenta P | PHI,0,0,0,0,0,0,0,0,0,0,0,0,0,0.00,0.00,9999
W ,Blake Whitney P | CHC,0,0,0,0,0,0,0,0,0,0,0,0,0,0.00,0.00,9999
W ,Nic Enright P | CLE ,0,0,0,0,0,0,0,0,0,0,0,0,0,0.00,0.00,9999
W ,Jaxon Wiggins P | CHC,0,0,0,0,0,0,0,0,0,0,0,0,0,0.00,0.00,9999
W ,Michael Massey P | DET,0,0,0,0,0,0,0,0,0,0,0,0,0,0.00,0.00,9999
W ,Jason Stoffel P | PIT,0,0,0,0,0,0,0,0,0,0,0,0,0,0.00,0.00,9999
W ,Trey Jeans P | CHW,0,0,0,0,0,0,0,0,0,0,0,0,0,0.00,0.00,9999
W ,Richard Castillo P | COL,0,0,0,0,0,0,0,0,0,0,0,0,0,0.00,0.00,9999
W ,Jose Castillo P | ARI,0,0,0,0,0,0,0,0,0,0,0,0,0,0.00,0.00,9999
W ,Nick Gallagher P | CLE,0,0,0,0,0,0,0,0,0,0,0,0,0,0.00,0.00,9999
W ,Alex Klonowski P | LAA,0,0,0,0,0,0,0,0,0,0,0,0,0,0.00,0.00,9999
W ,Chasen Shreve P | ATL,0,0,0,0,0,0,0,0,0,0,0,0,0,0.00,0.00,9999
W ,Rafael Pineda P | SEA,0,0,0,0,0,0,0,0,0,0,0,0,0,0.00,0.00,9999
W ,Juan Grullon P | TEX,0,0,0,0,0,0,0,0,0,0,0,0,0,0.00,0.00,9999
W ,Evan Gates P | SF,0,0,0,0,0,0,0,0,0,0,0,0,0,0.00,0.00,9999
W ,Jorge Marcheco P | LAA,0,0,0,0,0,0,0,0,0,0,0,0,0,0.00,0.00,9999
W ,Isaiah Coupet P | COL,0,0,0,0,0,0,0,0,0,0,0,0,0,0.00,0.00,9999
W ,Ricky Karcher P | ARI,0,0,0,0,0,0,0,0,0,0,0,0,0,0.00,0.00,9999
W ,Jarlin Garcia P | PIT,0,0,0,0,0,0,0,0,0,0,0,0,0,0.00,0.00,9999
W ,Simon Miller P | CIN,0,0,0,0,0,0,0,0,0,0,0,0,0,0.00,0.00,9999
W ,Drew Hasler P | CHW,0,0,0,0,0,0,0,0,0,0,0,0,0,0.00,0.00,9999
W ,Joan Adon P | WAS,0,0,0,0,0,0,0,0,0,0,0,0,0,0.00,0.00,9999
W ,Joey Stock P | BOS,0,0,0,0,0,0,0,0,0,0,0,0,0,0.00,0.00,9999
W ,Jerson Ramirez P | CLE,0,0,0,0,0,0,0,0,0,0,0,0,0,0.00,0.00,9999
W ,Nolan Long P | TOR,0,0,0,0,0,0,0,0,0,0,0,0,0,0.00,0.00,9999
W ,Bishop Letson P | MIL,0,0,0,0,0,0,0,0,0,0,0,0,0,0.00,0.00,9999
W ,Joey Gerber P | TB,0,0,0,0,0,0,0,0,0,0,0,0,0,0.00,0.00,9999
W ,Ubaldo Soto P | LAA,0,0,0,0,0,0,0,0,0,0,0,0,0,0.00,0.00,9999
W ,Seth McGarry P | PHI,0,0,0,0,0,0,0,0,0,0,0,0,0,0.00,0.00,9999
W ,Dixon Llorens P | STL,0,0,0,0,0,0,0,0,0,0,0,0,0,0.00,0.00,9999
W ,Evan Mitchell P | CLE,0,0,0,0,0,0,0,0,0,0,0,0,0,0.00,0.00,9999
W ,Conner Greene P | HOU,0,0,0,0,0,0,0,0,0,0,0,0,0,0.00,0.00,9999
W ,Luke Farrell P | WAS,0,0,0,0,0,0,0,0,0,0,0,0,0,0.00,0.00,9999
W ,Bradgley Rodriguez P | SD,0,0,0,0,0,0,0,0,0,0,0,0,0,0.00,0.00,9999
W ,Conner Loeprich P | BAL,0,0,0,0,0,0,0,0,0,0,0,0,0,0.00,0.00,9999
W ,Mike Mayers P | TOR,0,0,0,0,0,0,0,0,0,0,0,0,0,0.00,0.00,9999
W ,Joe Gunkel P | MIN,0,0,0,0,0,0,0,0,0,0,0,0,0,0.00,0.00,9999
W ,Matt Dennis P | COL,0,0,0,0,0,0,0,0,0,0,0,0,0,0.00,0.00,9999
W ,Kodi Whitley P | ATL,0,0,0,0,0,0,0,0,0,0,0,0,0,0.00,0.00,9999
W ,Ryan Forcucci P | HOU ,0,0,0,0,0,0,0,0,0,0,0,0,0,0.00,0.00,9999
W ,Wen-Hui Pan P | PHI,0,0,0,0,0,0,0,0,0,0,0,0,0,0.00,0.00,9999
W ,Nolan Sanburn P | CHW,0,0,0,0,0,0,0,0,0,0,0,0,0,0.00,0.00,9999
W ,Daniel Procopio P | LAA,0,0,0,0,0,0,0,0,0,0,0,0,0,0.00,0.00,9999
W ,Shane Drohan P | BOS,0,0,0,0,0,0,0,0,0,0,0,0,0,0.00,0.00,9999
W ,Dalton Rogers P | BOS,0,0,0,0,0,0,0,0,0,0,0,0,0,0.00,0.00,9999
W ,Tyler Jay P | MIL,0,0,0,0,0,0,0,0,0,0,0,0,0,0.00,0.00,9999
W ,Heath Hembree P | SEA,0,0,0,0,0,0,0,0,0,0,0,0,0,0.00,0.00,9999
W ,Mason Green P | COL,0,0,0,0,0,0,0,0,0,0,0,0,0,0.00,0.00,9999
W ,Sean Boyle P | NYY,0,0,0,0,0,0,0,0,0,0,0,0,0,0.00,0.00,9999
W ,Jacob Misiorowski P | MIL ,0,0,0,0,0,0,0,0,0,0,0,0,0,0.00,0.00,9999
W ,Vladimir Gutierrez P | BOS,0,0,0,0,0,0,0,0,0,0,0,0,0,0.00,0.00,9999
W ,Drew Pomeranz P | SEA,0,0,0,0,0,0,0,0,0,0,0,0,0,0.00,0.00,9999
W ,David Griffin P | NYM,0,0,0,0,0,0,0,0,0,0,0,0,0,0.00,0.00,9999
W ,Daniel Mengden P | KC,0,0,0,0,0,0,0,0,0,0,0,0,0,0.00,0.00,9999
W ,Braylon Doughty P | CLE,0,0,0,0,0,0,0,0,0,0,0,0,0,0.00,0.00,9999
W ,Landen Maroudis P | TOR ,0,0,0,0,0,0,0,0,0,0,0,0,0,0.00,0.00,9999
W ,Connor Lunn P | STL,0,0,0,0,0,0,0,0,0,0,0,0,0,0.00,0.00,9999
W ,Nelson Alvarez P | PHI,0,0,0,0,0,0,0,0,0,0,0,0,0,0.00,0.00,9999
W ,Hueston Morrill P | NYY,0,0,0,0,0,0,0,0,0,0,0,0,0,0.00,0.00,9999
W ,Nixon Encarnacion P | LAA,0,0,0,0,0,0,0,0,0,0,0,0,0,0.00,0.00,9999
W ,Trent Palmer P | TOR,0,0,0,0,0,0,0,0,0,0,0,0,0,0.00,0.00,9999
W ,Michael Santos P | TB,0,0,0,0,0,0,0,0,0,0,0,0,0,0.00,0.00,9999
W ,Jose Fermin P | LAA,0,0,0,0,0,0,0,0,0,0,0,0,0,0.00,0.00,9999
W ,Shane Broyles P | COL,0,0,0,0,0,0,0,0,0,0,0,0,0,0.00,0.00,9999
W ,Jordan Balazovic P | DET,0,0,0,0,0,0,0,0,0,0,0,0,0,0.00,0.00,9999
W ,Jakob Wright P | LAD,0,0,0,0,0,0,0,0,0,0,0,0,0,0.00,0.00,9999
W ,Bryce Warrecker P | NYY,0,0,0,0,0,0,0,0,0,0,0,0,0,0.00,0.00,9999
W ,Jesus Liranzo P | NYY,0,0,0,0,0,0,0,0,0,0,0,0,0,0.00,0.00,9999
W ,David Speer P | CLE,0,0,0,0,0,0,0,0,0,0,0,0,0,0.00,0.00,9999
W ,Brandon Waddell P | NYM,0,0,0,0,0,0,0,0,0,0,0,0,0,0.00,0.00,9999
W ,Joe Pistorese P | SEA,0,0,0,0,0,0,0,0,0,0,0,0,0,0.00,0.00,9999
W ,Shintaro Fujinami P | SEA,0,0,0,0,0,0,0,0,0,0,0,0,0,0.00,0.00,9999
W ,Matt Pidich P | CIN,0,0,0,0,0,0,0,0,0,0,0,0,0,0.00,0.00,9999
W ,Dillon McNamara P | SF,0,0,0,0,0,0,0,0,0,0,0,0,0,0.00,0.00,9999
W ,Grant Ford P | PIT,0,0,0,0,0,0,0,0,0,0,0,0,0,0.00,0.00,9999
W ,Ike Schlabach P | PIT,0,0,0,0,0,0,0,0,0,0,0,0,0,0.00,0.00,9999
W ,Jaden Hamm P | DET,0,0,0,0,0,0,0,0,0,0,0,0,0,0.00,0.00,9999
W ,Edison Frias P | HOU,0,0,0,0,0,0,0,0,0,0,0,0,0,0.00,0.00,9999
W ,RJ Petit P | DET,0,0,0,0,0,0,0,0,0,0,0,0,0,0.00,0.00,9999
W ,Shay Schanaman P | ATL,0,0,0,0,0,0,0,0,0,0,0,0,0,0.00,0.00,9999
W ,Chad Donato P | HOU,0,0,0,0,0,0,0,0,0,0,0,0,0,0.00,0.00,9999
W ,Nick Anderson P | STL ,0,0,0,0,0,0,0,0,0,0,0,0,0,0.00,0.00,9999
W ,Blake Goldsberry P | COL,0,0,0,0,0,0,0,0,0,0,0,0,0,0.00,0.00,9999
W ,Timothy Naughton P | DET,0,0,0,0,0,0,0,0,0,0,0,0,0,0.00,0.00,9999
W ,Ethan Routzahn P | SD,0,0,0,0,0,0,0,0,0,0,0,0,0,0.00,0.00,9999
W ,Trey Gregory-Alford P | LAA,0,0,0,0,0,0,0,0,0,0,0,0,0,0.00,0.00,9999
W ,Cooper Hjerpe P | STL,0,0,0,0,0,0,0,0,0,0,0,0,0,0.00,0.00,9999
W ,Daniel Harper P | PHI,0,0,0,0,0,0,0,0,0,0,0,0,0,0.00,0.00,9999
W ,Alfred Gutierrez P | SF,0,0,0,0,0,0,0,0,0,0,0,0,0,0.00,0.00,9999
W ,Gerardo Reyes P | ATH,0,0,0,0,0,0,0,0,0,0,0,0,0,0.00,0.00,9999
W ,Chris Ellis P | BAL,0,0,0,0,0,0,0,0,0,0,0,0,0,0.00,0.00,9999
W ,Sergio Morillo P | CLE,0,0,0,0,0,0,0,0,0,0,0,0,0,0.00,0.00,9999
W ,Cameron Foster P | NYM,0,0,0,0,0,0,0,0,0,0,0,0,0,0.00,0.00,9999
W ,Bobby Bundy P | BAL,0,0,0,0,0,0,0,0,0,0,0,0,0,0.00,0.00,9999
W ,Pedro Avila P | CLE,0,0,0,0,0,0,0,0,0,0,0,0,0,0.00,0.00,9999
W ,Graeme Stinson P | TB,0,0,0,0,0,0,0,0,0,0,0,0,0,0.00,0.00,9999
W ,Noah Skirrow P | PHI,0,0,0,0,0,0,0,0,0,0,0,0,0,0.00,0.00,9999
W ,Blake Wolters P | KC,0,0,0,0,0,0,0,0,0,0,0,0,0,0.00,0.00,9999
W ,Brady Puckett P | MIA,0,0,0,0,0,0,0,0,0,0,0,0,0,0.00,0.00,9999
W ,Tyson Neighbors P | SD,0,0,0,0,0,0,0,0,0,0,0,0,0,0.00,0.00,9999
W ,Jake McCasland P | SF,0,0,0,0,0,0,0,0,0,0,0,0,0,0.00,0.00,9999
W ,Stephen Janas P | ATL,0,0,0,0,0,0,0,0,0,0,0,0,0,0.00,0.00,9999
W ,Ty Blach P | COL,0,0,0,0,0,0,0,0,0,0,0,0,0,0.00,0.00,9999
W ,Karch Kowalczyk P | LAD,0,0,0,0,0,0,0,0,0,0,0,0,0,0.00,0.00,9999
W ,Jose Betances P | HOU,0,0,0,0,0,0,0,0,0,0,0,0,0,0.00,0.00,9999
W ,Joel Peguero P | SF ,0,0,0,0,0,0,0,0,0,0,0,0,0,0.00,0.00,9999
W ,Blake Perry P | SEA,0,0,0,0,0,0,0,0,0,0,0,0,0,0.00,0.00,9999
W ,Andre Scrubb P | HOU,0,0,0,0,0,0,0,0,0,0,0,0,0,0.00,0.00,9999
W ,Miguel Ullola P | HOU ,0,0,0,0,0,0,0,0,0,0,0,0,0,0.00,0.00,9999
W ,Austin Warren P | NYM,0,0,0,0,0,0,0,0,0,0,0,0,0,0.00,0.00,9999
W ,Taylor Widener P | ATL,0,0,0,0,0,0,0,0,0,0,0,0,0,0.00,0.00,9999
W ,Benony Robles P | LAD,0,0,0,0,0,0,0,0,0,0,0,0,0,0.00,0.00,9999
W ,Jordi Martinez P | PHI,0,0,0,0,0,0,0,0,0,0,0,0,0,0.00,0.00,9999
W ,Sam Hentges P | CLE ,0,0,0,0,0,0,0,0,0,0,0,0,0,0.00,0.00,9999
W ,Izack Tiger P | TEX ,0,0,0,0,0,0,0,0,0,0,0,0,0,0.00,0.00,9999
W ,Brendan McCurry P | LAA,0,0,0,0,0,0,0,0,0,0,0,0,0,0.00,0.00,9999
W ,Ryan Sloan P | SEA,0,0,0,0,0,0,0,0,0,0,0,0,0,0.00,0.00,9999
W ,Shohei Tomioka P | ATH,0,0,0,0,0,0,0,0,0,0,0,0,0,0.00,0.00,9999
W ,Jordan Mikel P | CHW,0,0,0,0,0,0,0,0,0,0,0,0,0,0.00,0.00,9999
W ,Jeremy Pilon P | TB,0,0,0,0,0,0,0,0,0,0,0,0,0,0.00,0.00,9999
W ,Rio Gomez P | BOS,0,0,0,0,0,0,0,0,0,0,0,0,0,0.00,0.00,9999
W ,Carlos Francisco P | PHI,0,0,0,0,0,0,0,0,0,0,0,0,0,0.00,0.00,9999
W ,Miller Diaz P | ARI,0,0,0,0,0,0,0,0,0,0,0,0,0,0.00,0.00,9999
W ,Chris Rodriguez P | CHW,0,0,0,0,0,0,0,0,0,0,0,0,0,0.00,0.00,9999
W ,Dylan Floro P | ARI,0,0,0,0,0,0,0,0,0,0,0,0,0,0.00,0.00,9999
W ,Case Williams P | COL ,0,0,0,0,0,0,0,0,0,0,0,0,0,0.00,0.00,9999
W ,Anthony DeSclafani P | MIN,0,0,0,0,0,0,0,0,0,0,0,0,0,0.00,0.00,9999
W ,Corey Knebel P | CHW,0,0,0,0,0,0,0,0,0,0,0,0,0,0.00,0.00,9999
W ,Bobby Miller P | LAD ,0,0,0,0,0,0,0,0,0,0,0,0,0,0.00,0.00,9999
W ,Branneli Franco P | STL,0,0,0,0,0,0,0,0,0,0,0,0,0,0.00,0.00,9999
W ,Troy Miller P | NYM,0,0,0,0,0,0,0,0,0,0,0,0,0,0.00,0.00,9999
W ,Carson Hobbs P | LAD,0,0,0,0,0,0,0,0,0,0,0,0,0,0.00,0.00,9999
W ,Gil Luna P | CHW,0,0,0,0,0,0,0,0,0,0,0,0,0,0.00,0.00,9999
W ,Nick Fraze P | TOR,0,0,0,0,0,0,0,0,0,0,0,0,0,0.00,0.00,9999
W ,Isaiah Lowe P | SD,0,0,0,0,0,0,0,0,0,0,0,0,0,0.00,0.00,9999
W ,Erich Uelmen P | PHI,0,0,0,0,0,0,0,0,0,0,0,0,0,0.00,0.00,9999
W ,Jarlin Susana P | WAS,0,0,0,0,0,0,0,0,0,0,0,0,0,0.00,0.00,9999
W ,Chris Mokma P | MIA,0,0,0,0,0,0,0,0,0,0,0,0,0,0.00,0.00,9999
W ,Hayden Merda P | NYY,0,0,0,0,0,0,0,0,0,0,0,0,0,0.00,0.00,9999
W ,Yohanse Morel P | KC,0,0,0,0,0,0,0,0,0,0,0,0,0,0.00,0.00,9999
W ,Kyle Barraclough P | BOS,0,0,0,0,0,0,0,0,0,0,0,0,0,0.00,0.00,9999
W ,Bryan Pall P | SEA,0,0,0,0,0,0,0,0,0,0,0,0,0,0.00,0.00,9999
W ,Brailyn Marquez P | CHC,0,0,0,0,0,0,0,0,0,0,0,0,0,0.00,0.00,9999
W ,Aneuris Rosario P | CHC,0,0,0,0,0,0,0,0,0,0,0,0,0,0.00,0.00,9999
W ,Matt Marsh P | NYY,0,0,0,0,0,0,0,0,0,0,0,0,0,0.00,0.00,9999
W ,Kendry Rojas P | TOR,0,0,0,0,0,0,0,0,0,0,0,0,0,0.00,0.00,9999
W ,Alec Grosser P | ATL,0,0,0,0,0,0,0,0,0,0,0,0,0,0.00,0.00,9999
W ,Justin Donatella P | ARI,0,0,0,0,0,0,0,0,0,0,0,0,0,0.00,0.00,9999
W ,Carlos Gomez P | NYY,0,0,0,0,0,0,0,0,0,0,0,0,0,0.00,0.00,9999
W ,Ethan Small P | SF,0,0,0,0,0,0,0,0,0,0,0,0,0,0.00,0.00,9999
W ,Carter Holton P | ATL ,0,0,0,0,0,0,0,0,0,0,0,0,0,0.00,0.00,9999
W ,Daniel Espino P | CLE ,0,0,0,0,0,0,0,0,0,0,0,0,0,0.00,0.00,9999
W ,Will Brian P | NYY,0,0,0,0,0,0,0,0,0,0,0,0,0,0.00,0.00,9999
W ,Melvi Acosta P | MIN,0,0,0,0,0,0,0,0,0,0,0,0,0,0.00,0.00,9999
W ,Ryan Bourassa P | ATL,0,0,0,0,0,0,0,0,0,0,0,0,0,0.00,0.00,9999
W ,Jack Sinclair P | WAS,0,0,0,0,0,0,0,0,0,0,0,0,0,0.00,0.00,9999
W ,Bradley Markey P | CHC,0,0,0,0,0,0,0,0,0,0,0,0,0,0.00,0.00,9999
W ,Carlos Romero P | WAS,0,0,0,0,0,0,0,0,0,0,0,0,0,0.00,0.00,9999
W ,Marco Raya P | MIN,0,0,0,0,0,0,0,0,0,0,0,0,0,0.00,0.00,9999
W ,Austin Smith P | ATL,0,0,0,0,0,0,0,0,0,0,0,0,0,0.00,0.00,9999
W ,Jack O'Loughlin P | COL,0,0,0,0,0,0,0,0,0,0,0,0,0,0.00,0.00,9999
W ,Stephen Ridings P | NYM,0,0,0,0,0,0,0,0,0,0,0,0,0,0.00,0.00,9999
W ,Jimmy Lewis P | LAD,0,0,0,0,0,0,0,0,0,0,0,0,0,0.00,0.00,9999
W ,Chase Burns P | CIN,0,0,0,0,0,0,0,0,0,0,0,0,0,0.00,0.00,9999
W ,Jackson Tetreault P | WAS,0,0,0,0,0,0,0,0,0,0,0,0,0,0.00,0.00,9999
W ,Tyler Stasiowski P | MIN,0,0,0,0,0,0,0,0,0,0,0,0,0,0.00,0.00,9999
W ,Ian Bedell P | STL,0,0,0,0,0,0,0,0,0,0,0,0,0,0.00,0.00,9999
W ,Cade Smith P | NYY,0,0,0,0,0,0,0,0,0,0,0,0,0,0.00,0.00,9999
W ,Juan De Paula P | TOR,0,0,0,0,0,0,0,0,0,0,0,0,0,0.00,0.00,9999
W ,Ethan Lindow P | PHI,0,0,0,0,0,0,0,0,0,0,0,0,0,0.00,0.00,9999
W ,Ivan Armstrong P | LAA,0,0,0,0,0,0,0,0,0,0,0,0,0,0.00,0.00,9999
W ,Gustavo Armas P | PHI,0,0,0,0,0,0,0,0,0,0,0,0,0,0.00,0.00,9999
W ,Denny Roman P | PIT,0,0,0,0,0,0,0,0,0,0,0,0,0,0.00,0.00,9999
W ,Kirby Bellow P | ARI,0,0,0,0,0,0,0,0,0,0,0,0,0,0.00,0.00,9999
W ,Glenn Otto P | HOU,0,0,0,0,0,0,0,0,0,0,0,0,0,0.00,0.00,9999
W ,Franco Aleman P | CLE ,0,0,0,0,0,0,0,0,0,0,0,0,0,0.00,0.00,9999
W ,Michael Johnson P | LAD,0,0,0,0,0,0,0,0,0,0,0,0,0,0.00,0.00,9999
W ,Jhon Peluffo P | CLE,0,0,0,0,0,0,0,0,0,0,0,0,0,0.00,0.00,9999
W ,Thatcher Hurd P | NYY ,0,0,0,0,0,0,0,0,0,0,0,0,0,0.00,0.00,9999
W ,Sem Robberse P | STL,0,0,0,0,0,0,0,0,0,0,0,0,0,0.00,0.00,9999
W ,Chris Kean P | NYY,0,0,0,0,0,0,0,0,0,0,0,0,0,0.00,0.00,9999
W ,Grant Wolfram P | MIL,0,0,0,0,0,0,0,0,0,0,0,0,0,0.00,0.00,9999
W ,Dayeison Arias P | SEA,0,0,0,0,0,0,0,0,0,0,0,0,0,0.00,0.00,9999
W ,Luis Perales P | BOS ,0,0,0,0,0,0,0,0,0,0,0,0,0,0.00,0.00,9999
W ,Braeden Fausnaught P | PHI,0,0,0,0,0,0,0,0,0,0,0,0,0,0.00,0.00,9999
W ,Ethan Elliott P | SD,0,0,0,0,0,0,0,0,0,0,0,0,0,0.00,0.00,9999
W ,Brayan Mendoza P | MIA,0,0,0,0,0,0,0,0,0,0,0,0,0,0.00,0.00,9999
W ,Travis Lakins P | BAL,0,0,0,0,0,0,0,0,0,0,0,0,0,0.00,0.00,9999
W ,Ben Krauth P | CLE,0,0,0,0,0,0,0,0,0,0,0,0,0,0.00,0.00,9999
W ,Parker Mushinski P | CLE,0,0,0,0,0,0,0,0,0,0,0,0,0,0.00,0.00,9999
W ,Mychal Givens P | MIA,0,0,0,0,0,0,0,0,0,0,0,0,0,0.00,0.00,9999
W ,Tanner Burns P | CLE,0,0,0,0,0,0,0,0,0,0,0,0,0,0.00,0.00,9999
W ,Brandon Johnson P | KC,0,0,0,0,0,0,0,0,0,0,0,0,0,0.00,0.00,9999
W ,Layne Henderson P | DET,0,0,0,0,0,0,0,0,0,0,0,0,0,0.00,0.00,9999
W ,Jeffrey Colon P | NYM,0,0,0,0,0,0,0,0,0,0,0,0,0,0.00,0.00,9999
W ,Daniel Missaki P | TEX,0,0,0,0,0,0,0,0,0,0,0,0,0,0.00,0.00,9999
W ,Brooks Raley P | NYM,0,0,0,0,0,0,0,0,0,0,0,0,0,0.00,0.00,9999
W ,Jordan Foley P | COL,0,0,0,0,0,0,0,0,0,0,0,0,0,0.00,0.00,9999
W ,Jeremy Reyes P | ATL,0,0,0,0,0,0,0,0,0,0,0,0,0,0.00,0.00,9999
W ,Nick Robertson P | TOR,0,0,0,0,0,0,0,0,0,0,0,0,0,0.00,0.00,9999
W ,Jose Lopez P | TB,0,0,0,0,0,0,0,0,0,0,0,0,0,0.00,0.00,9999
W ,Jacob Heatherly P | CIN,0,0,0,0,0,0,0,0,0,0,0,0,0,0.00,0.00,9999
W ,Peyton Pallette P | CHW,0,0,0,0,0,0,0,0,0,0,0,0,0,0.00,0.00,9999
W ,Jacob Lopez P | ATH,0,0,0,0,0,0,0,0,0,0,0,0,0,0.00,0.00,9999
W ,Braxton Ashcraft P | PIT,0,0,0,0,0,0,0,0,0,0,0,0,0,0.00,0.00,9999
W ,Chase Costello P | MIL,0,0,0,0,0,0,0,0,0,0,0,0,0,0.00,0.00,9999
W ,Chase Huchingson P | NYM,0,0,0,0,0,0,0,0,0,0,0,0,0,0.00,0.00,9999
W ,Junior Fernandez P | KC,0,0,0,0,0,0,0,0,0,0,0,0,0,0.00,0.00,9999
W ,Luis Ramirez P | COL,0,0,0,0,0,0,0,0,0,0,0,0,0,0.00,0.00,9999
W ,Nate Dohm P | NYM,0,0,0,0,0,0,0,0,0,0,0,0,0,0.00,0.00,9999
W ,Austin Voth P | SEA,0,0,0,0,0,0,0,0,0,0,0,0,0,0.00,0.00,9999
W ,Ethan DeCaster P | DET,0,0,0,0,0,0,0,0,0,0,0,0,0,0.00,0.00,9999
W ,Jose Cabrera P | ARI,0,0,0,0,0,0,0,0,0,0,0,0,0,0.00,0.00,9999
W ,Gabriel Yanez P | MIN,0,0,0,0,0,0,0,0,0,0,0,0,0,0.00,0.00,9999
W ,Brian Moran P | ATL,0,0,0,0,0,0,0,0,0,0,0,0,0,0.00,0.00,9999
W ,Skylar Hales P | TEX,0,0,0,0,0,0,0,0,0,0,0,0,0,0.00,0.00,9999
W ,Trevor Kuncl P | CIN,0,0,0,0,0,0,0,0,0,0,0,0,0,0.00,0.00,9999
W ,Connor Noland P | CHC,0,0,0,0,0,0,0,0,0,0,0,0,0,0.00,0.00,9999
W ,Jordan Pries P | CHC,0,0,0,0,0,0,0,0,0,0,0,0,0,0.00,0.00,9999
W ,Grant Zawadzki P | TEX,0,0,0,0,0,0,0,0,0,0,0,0,0,0.00,0.00,9999
W ,Wes Benjamin P | SD,0,0,0,0,0,0,0,0,0,0,0,0,0,0.00,0.00,9999
W ,Shane Telfer P | ARI,0,0,0,0,0,0,0,0,0,0,0,0,0,0.00,0.00,9999
W ,Hurston Waldrep P | ATL,0,0,0,0,0,0,0,0,0,0,0,0,0,0.00,0.00,9999
W ,Chris McMahon P | COL ,0,0,0,0,0,0,0,0,0,0,0,0,0,0.00,0.00,9999
W ,Zac Kristofak P | LAA,0,0,0,0,0,0,0,0,0,0,0,0,0,0.00,0.00,9999
W ,Nate Reed P | BOS,0,0,0,0,0,0,0,0,0,0,0,0,0,0.00,0.00,9999
W ,Billy Lescher P | DET,0,0,0,0,0,0,0,0,0,0,0,0,0,0.00,0.00,9999
W ,Matt Keating P | NYY,0,0,0,0,0,0,0,0,0,0,0,0,0,0.00,0.00,9999
W ,Dylan Heid P | BAL,0,0,0,0,0,0,0,0,0,0,0,0,0,0.00,0.00,9999
W ,Nick Snyder P | PHI,0,0,0,0,0,0,0,0,0,0,0,0,0,0.00,0.00,9999
W ,Matt Canterino P | MIN ,0,0,0,0,0,0,0,0,0,0,0,0,0,0.00,0.00,9999
W ,Garrett Hawkins P | SD ,0,0,0,0,0,0,0,0,0,0,0,0,0,0.00,0.00,9999
W ,Jacob Ehret P | CIN,0,0,0,0,0,0,0,0,0,0,0,0,0,0.00,0.00,9999
W ,Trevor Harrison P | TB,0,0,0,0,0,0,0,0,0,0,0,0,0,0.00,0.00,9999
W ,Jacob Evans P | STL,0,0,0,0,0,0,0,0,0,0,0,0,0,0.00,0.00,9999
W ,Bryce Conley P | ATH,0,0,0,0,0,0,0,0,0,0,0,0,0,0.00,0.00,9999
W ,Duncan Snider P | SD,0,0,0,0,0,0,0,0,0,0,0,0,0,0.00,0.00,9999
W ,Paxton Thompson P | PHI,0,0,0,0,0,0,0,0,0,0,0,0,0,0.00,0.00,9999
W ,Jose Martinez P | LAD,0,0,0,0,0,0,0,0,0,0,0,0,0,0.00,0.00,9999
W ,Rodolfo Martinez P | BAL,0,0,0,0,0,0,0,0,0,0,0,0,0,0.00,0.00,9999
W ,Juan Mota P | CLE,0,0,0,0,0,0,0,0,0,0,0,0,0,0.00,0.00,9999
W ,Brad Boxberger P | CHC,0,0,0,0,0,0,0,0,0,0,0,0,0,0.00,0.00,9999
W ,Fernando Perez P | TOR,0,0,0,0,0,0,0,0,0,0,0,0,0,0.00,0.00,9999
W ,Jojo Ingrassia P | BOS,0,0,0,0,0,0,0,0,0,0,0,0,0,0.00,0.00,9999
W ,Matt Tenuta P | SEA,0,0,0,0,0,0,0,0,0,0,0,0,0,0.00,0.00,9999
W ,Luke Westphal P | SD,0,0,0,0,0,0,0,0,0,0,0,0,0,0.00,0.00,9999
W ,Josh Uhen P | MIL,0,0,0,0,0,0,0,0,0,0,0,0,0,0.00,0.00,9999
W ,Ryan Doolittle P | ATH,0,0,0,0,0,0,0,0,0,0,0,0,0,0.00,0.00,9999
W ,Adrian Santana P | CHC,0,0,0,0,0,0,0,0,0,0,0,0,0,0.00,0.00,9999
W ,Chayce McDermott P | BAL ,0,0,0,0,0,0,0,0,0,0,0,0,0,0.00,0.00,9999
W ,Ty Floyd P | CIN ,0,0,0,0,0,0,0,0,0,0,0,0,0,0.00,0.00,9999
W ,Justin Bruihl P | PIT ,0,0,0,0,0,0,0,0,0,0,0,0,0,0.00,0.00,9999
W ,Will Childers P | MIL,0,0,0,0,0,0,0,0,0,0,0,0,0,0.00,0.00,9999
W ,Travis Kuhn P | SEA,0,0,0,0,0,0,0,0,0,0,0,0,0,0.00,0.00,9999
W ,Jasseel De La Cruz P | ATH,0,0,0,0,0,0,0,0,0,0,0,0,0,0.00,0.00,9999
W ,Paul Wilson P | DET,0,0,0,0,0,0,0,0,0,0,0,0,0,0.00,0.00,9999
W ,Matt Moore P | BOS,0,0,0,0,0,0,0,0,0,0,0,0,0,0.00,0.00,9999
W ,Joe Gatto P | PHI,0,0,0,0,0,0,0,0,0,0,0,0,0,0.00,0.00,9999
W ,Ian Kennedy P | TEX,0,0,0,0,0,0,0,0,0,0,0,0,0,0.00,0.00,9999
W ,Jose Urena P | NYM,0,0,0,0,0,0,0,0,0,0,0,0,0,0.00,0.00,9999
W ,Zack Phillips P | KC,0,0,0,0,0,0,0,0,0,0,0,0,0,0.00,0.00,9999
W ,Richard Bleier P | WAS,0,0,0,0,0,0,0,0,0,0,0,0,0,0.00,0.00,9999
W ,Nathan Bates P | LAA,0,0,0,0,0,0,0,0,0,0,0,0,0,0.00,0.00,9999
W ,Ryan Sublette P | LAD,0,0,0,0,0,0,0,0,0,0,0,0,0,0.00,0.00,9999
W ,Austin Orewiler P | CIN,0,0,0,0,0,0,0,0,0,0,0,0,0,0.00,0.00,9999
W ,Austin Bergner P | DET,0,0,0,0,0,0,0,0,0,0,0,0,0,0.00,0.00,9999
W ,Zack Brown P | CIN,0,0,0,0,0,0,0,0,0,0,0,0,0,0.00,0.00,9999
W ,Nick Swiney P | SF,0,0,0,0,0,0,0,0,0,0,0,0,0,0.00,0.00,9999
W ,Robby Snelling P | MIA,0,0,0,0,0,0,0,0,0,0,0,0,0,0.00,0.00,9999
W ,Matthew Wivinis P | NYY,0,0,0,0,0,0,0,0,0,0,0,0,0,0.00,0.00,9999
W ,Jacob Miller P | MIA,0,0,0,0,0,0,0,0,0,0,0,0,0,0.00,0.00,9999
W ,Carlos Gonzalez P | CIN,0,0,0,0,0,0,0,0,0,0,0,0,0,0.00,0.00,9999
W ,Zach Muckenhirn P | SEA,0,0,0,0,0,0,0,0,0,0,0,0,0,0.00,0.00,9999
W ,Noah Davis P | BOS ,0,0,0,0,0,0,0,0,0,0,0,0,0,0.00,0.00,9999
W ,Austin Pruitt P | TEX,0,0,0,0,0,0,0,0,0,0,0,0,0,0.00,0.00,9999
W ,Juan Mejia P | COL,0,0,0,0,0,0,0,0,0,0,0,0,0,0.00,0.00,9999
W ,James Hicks P | HOU,0,0,0,0,0,0,0,0,0,0,0,0,0,0.00,0.00,9999
W ,Hayden Durke P | ARI,0,0,0,0,0,0,0,0,0,0,0,0,0,0.00,0.00,9999
W ,Chris Campos P | LAD,0,0,0,0,0,0,0,0,0,0,0,0,0,0.00,0.00,9999
W ,Alec Barger P | COL,0,0,0,0,0,0,0,0,0,0,0,0,0,0.00,0.00,9999
W ,Spencer Stockton P | CIN,0,0,0,0,0,0,0,0,0,0,0,0,0,0.00,0.00,9999
W ,Cameron Gann P | ARI,0,0,0,0,0,0,0,0,0,0,0,0,0,0.00,0.00,9999
W ,Alex Valverde P | NYM,0,0,0,0,0,0,0,0,0,0,0,0,0,0.00,0.00,9999
W ,Jarret Whorff P | MIN,0,0,0,0,0,0,0,0,0,0,0,0,0,0.00,0.00,9999
W ,Ramon Benjamin P | MIA,0,0,0,0,0,0,0,0,0,0,0,0,0,0.00,0.00,9999
W ,M.D. Johnson P | MIA,0,0,0,0,0,0,0,0,0,0,0,0,0,0.00,0.00,9999
W ,Edgar Isea P | ARI,0,0,0,0,0,0,0,0,0,0,0,0,0,0.00,0.00,9999
W ,John Matthews P | ARI,0,0,0,0,0,0,0,0,0,0,0,0,0,0.00,0.00,9999
W ,Cameron Schlittler P | NYY,0,0,0,0,0,0,0,0,0,0,0,0,0,0.00,0.00,9999
W ,Lael Lockhart P | DET,0,0,0,0,0,0,0,0,0,0,0,0,0,0.00,0.00,9999
W ,Hunter Stanley P | CLE,0,0,0,0,0,0,0,0,0,0,0,0,0,0.00,0.00,9999
W ,Freicer Perez P | NYY,0,0,0,0,0,0,0,0,0,0,0,0,0,0.00,0.00,9999
W ,Tom Cosgrove P | SD,0,0,0,0,0,0,0,0,0,0,0,0,0,0.00,0.00,9999
Bus 3,Bubba Chandler P | PIT,0,0,0,0,0,0,0,0,0,0,0,0,0,0.00,0.00,9999
W ,Juaron Watts-Brown P | TOR,0,0,0,0,0,0,0,0,0,0,0,0,0,0.00,0.00,9999
W ,Pedro Vasquez P | PIT,0,0,0,0,0,0,0,0,0,0,0,0,0,0.00,0.00,9999
W ,Kaleb Fleck P | ARI,0,0,0,0,0,0,0,0,0,0,0,0,0,0.00,0.00,9999
W ,Francisco Morales P | ARI,0,0,0,0,0,0,0,0,0,0,0,0,0,0.00,0.00,9999
W ,Dominic Hamel P | NYM,0,0,0,0,0,0,0,0,0,0,0,0,0,0.00,0.00,9999
W ,John Gorman P | ATH,0,0,0,0,0,0,0,0,0,0,0,0,0,0.00,0.00,9999
W ,Raudel Lazo P | BAL,0,0,0,0,0,0,0,0,0,0,0,0,0,0.00,0.00,9999
W ,Dalvinson Reyes P | BOS,0,0,0,0,0,0,0,0,0,0,0,0,0,0.00,0.00,9999
W ,Frank Rubio P | SF,0,0,0,0,0,0,0,0,0,0,0,0,0,0.00,0.00,9999
W ,Bryce Tassin P | DET,0,0,0,0,0,0,0,0,0,0,0,0,0,0.00,0.00,9999
W ,Jared Lakind P | PIT,0,0,0,0,0,0,0,0,0,0,0,0,0,0.00,0.00,9999
W ,Tanner McDougal P | CHW,0,0,0,0,0,0,0,0,0,0,0,0,0,0.00,0.00,9999
W ,Bennett Sousa P | HOU ,0,0,0,0,0,0,0,0,0,0,0,0,0,0.00,0.00,9999
W ,Michael McAvene P | CHC,0,0,0,0,0,0,0,0,0,0,0,0,0,0.00,0.00,9999
W ,Garrett Williams P | ATH,0,0,0,0,0,0,0,0,0,0,0,0,0,0.00,0.00,9999
W ,Kyle Amendt P | ARI,0,0,0,0,0,0,0,0,0,0,0,0,0,0.00,0.00,9999
W ,Tommy Henry P | ARI ,0,0,0,0,0,0,0,0,0,0,0,0,0,0.00,0.00,9999
W ,Ryan Kellogg P | CHC,0,0,0,0,0,0,0,0,0,0,0,0,0,0.00,0.00,9999
W ,Ryan Gusto P | HOU,0,0,0,0,0,0,0,0,0,0,0,0,0,0.00,0.00,9999
W ,Zach Fruit P | BAL,0,0,0,0,0,0,0,0,0,0,0,0,0,0.00,0.00,9999
W ,Trevor Rosenthal P | DET,0,0,0,0,0,0,0,0,0,0,0,0,0,0.00,0.00,9999
W ,Richard Gallardo P | CHC,0,0,0,0,0,0,0,0,0,0,0,0,0,0.00,0.00,9999
W ,Matthew Olsen P | SF,0,0,0,0,0,0,0,0,0,0,0,0,0,0.00,0.00,9999
W ,PJ Poulin P | DET,0,0,0,0,0,0,0,0,0,0,0,0,0,0.00,0.00,9999
W ,Dereck Rodriguez P | ATL,0,0,0,0,0,0,0,0,0,0,0,0,0,0.00,0.00,9999
W ,Taylor Clarke P | MIL,0,0,0,0,0,0,0,0,0,0,0,0,0,0.00,0.00,9999
W ,Tristan Stivors P | CHW,0,0,0,0,0,0,0,0,0,0,0,0,0,0.00,0.00,9999
W ,Frankie Scalzo P | CHC,0,0,0,0,0,0,0,0,0,0,0,0,0,0.00,0.00,9999
W ,Jake Cosart P | BOS,0,0,0,0,0,0,0,0,0,0,0,0,0,0.00,0.00,9999
W ,Victor Mederos P | LAA,0,0,0,0,0,0,0,0,0,0,0,0,0,0.00,0.00,9999
W ,Thomas Jankins P | MIL,0,0,0,0,0,0,0,0,0,0,0,0,0,0.00,0.00,9999
W ,Gabriel Agostini P | WAS,0,0,0,0,0,0,0,0,0,0,0,0,0,0.00,0.00,9999
W ,Jake McSteen P | ATL,0,0,0,0,0,0,0,0,0,0,0,0,0,0.00,0.00,9999
W ,J.T. Ginn P | ATH ,0,0,0,0,0,0,0,0,0,0,0,0,0,0.00,0.00,9999
W ,Conor Harber P | MIL,0,0,0,0,0,0,0,0,0,0,0,0,0,0.00,0.00,9999
W ,Andrew Barbosa P | MIL,0,0,0,0,0,0,0,0,0,0,0,0,0,0.00,0.00,9999
W ,Luis Guerrero P | BOS ,0,0,0,0,0,0,0,0,0,0,0,0,0,0.00,0.00,9999
W ,Nick Bennett P | MIL,0,0,0,0,0,0,0,0,0,0,0,0,0,0.00,0.00,9999
W ,Will Roberts P | CLE,0,0,0,0,0,0,0,0,0,0,0,0,0,0.00,0.00,9999
W ,Ronald Pena P | WAS,0,0,0,0,0,0,0,0,0,0,0,0,0,0.00,0.00,9999
W ,Dylan Phillips P | LAA,0,0,0,0,0,0,0,0,0,0,0,0,0,0.00,0.00,9999
W ,Will Ethridge P | COL,0,0,0,0,0,0,0,0,0,0,0,0,0,0.00,0.00,9999
W ,Yonny Chirinos P | MIA,0,0,0,0,0,0,0,0,0,0,0,0,0,0.00,0.00,9999
W ,Mac Marshall P | SF,0,0,0,0,0,0,0,0,0,0,0,0,0,0.00,0.00,9999
W ,Matt Tabor P | ARI,0,0,0,0,0,0,0,0,0,0,0,0,0,0.00,0.00,9999
W ,Zack Qin P | SD ,0,0,0,0,0,0,0,0,0,0,0,0,0,0.00,0.00,9999
W ,Johan Dominguez P | CHW,0,0,0,0,0,0,0,0,0,0,0,0,0,0.00,0.00,9999
W ,Ryan Beckman P | MIA,0,0,0,0,0,0,0,0,0,0,0,0,0,0.00,0.00,9999
W ,Will Schomberg P | MIA,0,0,0,0,0,0,0,0,0,0,0,0,0,0.00,0.00,9999
W ,Jimmy Kingsbury P | SEA,0,0,0,0,0,0,0,0,0,0,0,0,0,0.00,0.00,9999
W ,Hunter Dobbins P | BOS,0,0,0,0,0,0,0,0,0,0,0,0,0,0.00,0.00,9999
W ,Wil Crowe P | PIT,0,0,0,0,0,0,0,0,0,0,0,0,0,0.00,0.00,9999
W ,Angel Felipe P | LAA,0,0,0,0,0,0,0,0,0,0,0,0,0,0.00,0.00,9999
W ,Bryce Hubbart P | CIN,0,0,0,0,0,0,0,0,0,0,0,0,0,0.00,0.00,9999
W ,Dylan File P | SEA,0,0,0,0,0,0,0,0,0,0,0,0,0,0.00,0.00,9999
W ,Cayne Ueckert P | CHC,0,0,0,0,0,0,0,0,0,0,0,0,0,0.00,0.00,9999
W ,Jayden Murray P | HOU,0,0,0,0,0,0,0,0,0,0,0,0,0,0.00,0.00,9999
W ,Yohan Ramirez P | PIT,0,0,0,0,0,0,0,0,0,0,0,0,0,0.00,0.00,9999
W ,Gabriel Alfaro P | WAS,0,0,0,0,0,0,0,0,0,0,0,0,0,0.00,0.00,9999
W ,Kaleb Fontenot P | TEX,0,0,0,0,0,0,0,0,0,0,0,0,0,0.00,0.00,9999
W ,Lucas Braun P | ATL,0,0,0,0,0,0,0,0,0,0,0,0,0,0.00,0.00,9999
W ,Grant Gambrell P | BOS,0,0,0,0,0,0,0,0,0,0,0,0,0,0.00,0.00,9999
W ,Erik Martinez P | LAA,0,0,0,0,0,0,0,0,0,0,0,0,0,0.00,0.00,9999
W ,Joshua Walker P | TOR ,0,0,0,0,0,0,0,0,0,0,0,0,0,0.00,0.00,9999
W ,Will Watson P | NYM,0,0,0,0,0,0,0,0,0,0,0,0,0,0.00,0.00,9999
W ,Miguel Pena P | BOS,0,0,0,0,0,0,0,0,0,0,0,0,0,0.00,0.00,9999
W ,Rodrigo Benoit P | MIL,0,0,0,0,0,0,0,0,0,0,0,0,0,0.00,0.00,9999
W ,Ryan Harbin P | PIT,0,0,0,0,0,0,0,0,0,0,0,0,0,0.00,0.00,9999
W ,Hayden Seig P | LAA,0,0,0,0,0,0,0,0,0,0,0,0,0,0.00,0.00,9999
W ,Jaylen Nowlin P | MIN,0,0,0,0,0,0,0,0,0,0,0,0,0,0.00,0.00,9999
W ,Taylor Dollard P | SEA ,0,0,0,0,0,0,0,0,0,0,0,0,0,0.00,0.00,9999
W ,Justin Armbruester P | BAL,0,0,0,0,0,0,0,0,0,0,0,0,0,0.00,0.00,9999
W ,Thomas Hatch P | KC,0,0,0,0,0,0,0,0,0,0,0,0,0,0.00,0.00,9999
W ,Mario Meza P | CHC,0,0,0,0,0,0,0,0,0,0,0,0,0,0.00,0.00,9999
W ,Neil Holland P | WAS,0,0,0,0,0,0,0,0,0,0,0,0,0,0.00,0.00,9999
W ,J.P. Feyereisen P | LAD ,0,0,0,0,0,0,0,0,0,0,0,0,0,0.00,0.00,9999
W ,Antonio Knowles P | LAD,0,0,0,0,0,0,0,0,0,0,0,0,0,0.00,0.00,9999
W ,Adam Hofacket P | LAA,0,0,0,0,0,0,0,0,0,0,0,0,0,0.00,0.00,9999
W ,Mitchell Miller P | SD,0,0,0,0,0,0,0,0,0,0,0,0,0,0.00,0.00,9999
W ,Mason Black P | SF,0,0,0,0,0,0,0,0,0,0,0,0,0,0.00,0.00,9999
W ,Robert Benincasa P | WAS,0,0,0,0,0,0,0,0,0,0,0,0,0,0.00,0.00,9999
W ,Kyle Wilson P | NYM,0,0,0,0,0,0,0,0,0,0,0,0,0,0.00,0.00,9999
W ,Grant Kipp P | CHC,0,0,0,0,0,0,0,0,0,0,0,0,0,0.00,0.00,9999
W ,Jake Wong P | CIN,0,0,0,0,0,0,0,0,0,0,0,0,0,0.00,0.00,9999
W ,Tyler Chatwood P | PIT,0,0,0,0,0,0,0,0,0,0,0,0,0,0.00,0.00,9999
W ,Ryan Garcia P | TEX,0,0,0,0,0,0,0,0,0,0,0,0,0,0.00,0.00,9999
W ,Zack Plunkett P | LAD,0,0,0,0,0,0,0,0,0,0,0,0,0,0.00,0.00,9999
W ,Joe Broussard P | LAD,0,0,0,0,0,0,0,0,0,0,0,0,0,0.00,0.00,9999
W ,Yoel Espinal P | TB,0,0,0,0,0,0,0,0,0,0,0,0,0,0.00,0.00,9999
W ,Logan Salow P | LAD,0,0,0,0,0,0,0,0,0,0,0,0,0,0.00,0.00,9999
W ,Cole Irvin P | MIN,0,0,0,0,0,0,0,0,0,0,0,0,0,0.00,0.00,9999
W ,Jeffrey Rosa P | TB,0,0,0,0,0,0,0,0,0,0,0,0,0,0.00,0.00,9999
W ,Ronan Kopp P | LAD,0,0,0,0,0,0,0,0,0,0,0,0,0,0.00,0.00,9999
W ,Adonis Uceta P | NYM,0,0,0,0,0,0,0,0,0,0,0,0,0,0.00,0.00,9999
W ,Victor Payano P | MIA,0,0,0,0,0,0,0,0,0,0,0,0,0,0.00,0.00,9999
W ,Williander Moreno P | DET,0,0,0,0,0,0,0,0,0,0,0,0,0,0.00,0.00,9999
W ,Brock Porter P | TEX,0,0,0,0,0,0,0,0,0,0,0,0,0,0.00,0.00,9999
W ,Darwinzon Hernandez P | BAL,0,0,0,0,0,0,0,0,0,0,0,0,0,0.00,0.00,9999
W ,Aaron Fossas P | MIN,0,0,0,0,0,0,0,0,0,0,0,0,0,0.00,0.00,9999
W ,David Ellingson P | SEA,0,0,0,0,0,0,0,0,0,0,0,0,0,0.00,0.00,9999
W ,Trey Cobb P | PHI,0,0,0,0,0,0,0,0,0,0,0,0,0,0.00,0.00,9999
W ,P.J. Francescon P | CHC,0,0,0,0,0,0,0,0,0,0,0,0,0,0.00,0.00,9999
W ,Jordan Cooper P | CLE,0,0,0,0,0,0,0,0,0,0,0,0,0,0.00,0.00,9999
W ,Corey Taylor P | NYM,0,0,0,0,0,0,0,0,0,0,0,0,0,0.00,0.00,9999
W ,Ty Tice P | ATL,0,0,0,0,0,0,0,0,0,0,0,0,0,0.00,0.00,9999
W ,Zac Houston P | TB,0,0,0,0,0,0,0,0,0,0,0,0,0,0.00,0.00,9999
W ,Kyle Winkler P | ARI,0,0,0,0,0,0,0,0,0,0,0,0,0,0.00,0.00,9999
W ,Anderson Pilar P | ATL ,0,0,0,0,0,0,0,0,0,0,0,0,0,0.00,0.00,9999
W ,David Ledbetter P | TEX,0,0,0,0,0,0,0,0,0,0,0,0,0,0.00,0.00,9999
W ,Brayan Medina P | MIN,0,0,0,0,0,0,0,0,0,0,0,0,0,0.00,0.00,9999
W ,Ty Damron P | ATH,0,0,0,0,0,0,0,0,0,0,0,0,0,0.00,0.00,9999
W ,Drew Beam P | KC,0,0,0,0,0,0,0,0,0,0,0,0,0,0.00,0.00,9999
W ,Chase Johnson-Mullins P | ATL,0,0,0,0,0,0,0,0,0,0,0,0,0,0.00,0.00,9999
W ,Cam Sanders P | PIT,0,0,0,0,0,0,0,0,0,0,0,0,0,0.00,0.00,9999
W ,Esmerling De La Rosa P | MIA,0,0,0,0,0,0,0,0,0,0,0,0,0,0.00,0.00,9999
W ,Jonathan Pintaro P | NYM,0,0,0,0,0,0,0,0,0,0,0,0,0,0.00,0.00,9999
W ,Jose Mesa P | NYY,0,0,0,0,0,0,0,0,0,0,0,0,0,0.00,0.00,9999
W ,Kyle Gibson P | STL ,0,0,0,0,0,0,0,0,0,0,0,0,0,0.00,0.00,9999
W ,Carson LaRue P | HOU,0,0,0,0,0,0,0,0,0,0,0,0,0,0.00,0.00,9999
W ,Anderson Espinoza P | SD,0,0,0,0,0,0,0,0,0,0,0,0,0,0.00,0.00,9999
W ,Manuel Mercedes P | SF,0,0,0,0,0,0,0,0,0,0,0,0,0,0.00,0.00,9999
W ,Joe Rock P | TB,0,0,0,0,0,0,0,0,0,0,0,0,0,0.00,0.00,9999
W ,Zach McCambley P | MIA,0,0,0,0,0,0,0,0,0,0,0,0,0,0.00,0.00,9999
W ,Mitch White P | MIL,0,0,0,0,0,0,0,0,0,0,0,0,0,0.00,0.00,9999
W ,Ashe Russell P | KC,0,0,0,0,0,0,0,0,0,0,0,0,0,0.00,0.00,9999
W ,Rafael De Paula P | ATL,0,0,0,0,0,0,0,0,0,0,0,0,0,0.00,0.00,9999
W ,Drew Rom P | STL,0,0,0,0,0,0,0,0,0,0,0,0,0,0.00,0.00,9999
W ,Matt Pushard P | MIA,0,0,0,0,0,0,0,0,0,0,0,0,0,0.00,0.00,9999
W ,Jaron Long P | WAS,0,0,0,0,0,0,0,0,0,0,0,0,0,0.00,0.00,9999
W ,Marco Jimenez P | DET,0,0,0,0,0,0,0,0,0,0,0,0,0,0.00,0.00,9999
W ,Elian Rodriguez P | HOU,0,0,0,0,0,0,0,0,0,0,0,0,0,0.00,0.00,9999
W ,Peter Lambert P | COL,0,0,0,0,0,0,0,0,0,0,0,0,0,0.00,0.00,9999
W ,Kyle Crick P | NYM,0,0,0,0,0,0,0,0,0,0,0,0,0,0.00,0.00,9999
W ,Jairo Lopez P | HOU,0,0,0,0,0,0,0,0,0,0,0,0,0,0.00,0.00,9999
W ,Zach Haake P | PHI,0,0,0,0,0,0,0,0,0,0,0,0,0,0.00,0.00,9999
W ,Woo-Suk Go P | MIA,0,0,0,0,0,0,0,0,0,0,0,0,0,0.00,0.00,9999
W ,Jackson Wolf P | SD,0,0,0,0,0,0,0,0,0,0,0,0,0,0.00,0.00,9999
W ,Tyler Myrick P | SF,0,0,0,0,0,0,0,0,0,0,0,0,0,0.00,0.00,9999
W ,Joe Shaw P | NYM,0,0,0,0,0,0,0,0,0,0,0,0,0,0.00,0.00,9999
W ,Jack Hartman P | TB,0,0,0,0,0,0,0,0,0,0,0,0,0,0.00,0.00,9999
W ,Max Roberts P | HOU,0,0,0,0,0,0,0,0,0,0,0,0,0,0.00,0.00,9999
W ,Ty Culbreth P | COL,0,0,0,0,0,0,0,0,0,0,0,0,0,0.00,0.00,9999
W ,Blake Rivera P | SF,0,0,0,0,0,0,0,0,0,0,0,0,0,0.00,0.00,9999
W ,Alexis Rivero P | PHI,0,0,0,0,0,0,0,0,0,0,0,0,0,0.00,0.00,9999
W ,Patricio Aquino P | MIL,0,0,0,0,0,0,0,0,0,0,0,0,0,0.00,0.00,9999
W ,Erasmo Ramirez P | MIN,0,0,0,0,0,0,0,0,0,0,0,0,0,0.00,0.00,9999
W ,Carlson Reed P | PIT,0,0,0,0,0,0,0,0,0,0,0,0,0,0.00,0.00,9999
W ,McCade Brown P | COL,0,0,0,0,0,0,0,0,0,0,0,0,0,0.00,0.00,9999
W ,Victor Lizarraga P | SD,0,0,0,0,0,0,0,0,0,0,0,0,0,0.00,0.00,9999
W ,Seth Elledge P | ATL,0,0,0,0,0,0,0,0,0,0,0,0,0,0.00,0.00,9999
W ,Angel Macuare P | MIA,0,0,0,0,0,0,0,0,0,0,0,0,0,0.00,0.00,9999
W ,Julio Urias P | LAD ,0,0,0,0,0,0,0,0,0,0,0,0,0,0.00,0.00,9999
W ,Eduard Santos P | ATH,0,0,0,0,0,0,0,0,0,0,0,0,0,0.00,0.00,9999
W ,Julio Pinto P | CIN,0,0,0,0,0,0,0,0,0,0,0,0,0,0.00,0.00,9999
W ,Jonathan Cheshire P | MIN,0,0,0,0,0,0,0,0,0,0,0,0,0,0.00,0.00,9999
W ,Cole Duensing P | CHW,0,0,0,0,0,0,0,0,0,0,0,0,0,0.00,0.00,9999
W ,C.J. Culpepper P | MIN,0,0,0,0,0,0,0,0,0,0,0,0,0,0.00,0.00,9999
W ,Jake Gozzo P | CIN,0,0,0,0,0,0,0,0,0,0,0,0,0,0.00,0.00,9999
W ,Evan Kruczynski P | STL,0,0,0,0,0,0,0,0,0,0,0,0,0,0.00,0.00,9999
W ,Juan Martinez P | CIN,0,0,0,0,0,0,0,0,0,0,0,0,0,0.00,0.00,9999
W ,Geoff Broussard P | CIN,0,0,0,0,0,0,0,0,0,0,0,0,0,0.00,0.00,9999
W ,Jonathon Crawford P | CIN,0,0,0,0,0,0,0,0,0,0,0,0,0,0.00,0.00,9999
W ,Scott Barlow P | CIN,0,0,0,0,0,0,0,0,0,0,0,0,0,0.00,0.00,9999
W ,Brayan Perez P | SEA,0,0,0,0,0,0,0,0,0,0,0,0,0,0.00,0.00,9999
W ,Sam Coonrod P | NYM,0,0,0,0,0,0,0,0,0,0,0,0,0,0.00,0.00,9999
W ,Wes Parsons P | CLE,0,0,0,0,0,0,0,0,0,0,0,0,0,0.00,0.00,9999
W ,Reiver Sanmartin P | CIN,0,0,0,0,0,0,0,0,0,0,0,0,0,0.00,0.00,9999
W ,Jaden Woods P | PIT,0,0,0,0,0,0,0,0,0,0,0,0,0,0.00,0.00,9999
W ,Luis Palacios P | MIA,0,0,0,0,0,0,0,0,0,0,0,0,0,0.00,0.00,9999
W ,Eric Reyzelman P | NYY,0,0,0,0,0,0,0,0,0,0,0,0,0,0.00,0.00,9999
W ,Daniel Brown P | MIL,0,0,0,0,0,0,0,0,0,0,0,0,0,0.00,0.00,9999
W ,Kevin Smith P | BAL,0,0,0,0,0,0,0,0,0,0,0,0,0,0.00,0.00,9999
W ,Justin Bullock P | MIL,0,0,0,0,0,0,0,0,0,0,0,0,0,0.00,0.00,9999
W ,John Church P | NYM,0,0,0,0,0,0,0,0,0,0,0,0,0,0.00,0.00,9999
W ,Eric Torres P | LAA,0,0,0,0,0,0,0,0,0,0,0,0,0,0.00,0.00,9999
W ,Justin Meis P | PIT,0,0,0,0,0,0,0,0,0,0,0,0,0,0.00,0.00,9999
W ,Carlos Guzman P | NYM,0,0,0,0,0,0,0,0,0,0,0,0,0,0.00,0.00,9999
W ,Bubba Derby P | MIL,0,0,0,0,0,0,0,0,0,0,0,0,0,0.00,0.00,9999
W ,Will Carter P | CHW,0,0,0,0,0,0,0,0,0,0,0,0,0,0.00,0.00,9999
W ,Josh Martin P | PHI,0,0,0,0,0,0,0,0,0,0,0,0,0,0.00,0.00,9999
W ,Elian Leyva P | ATL,0,0,0,0,0,0,0,0,0,0,0,0,0,0.00,0.00,9999
W ,Ian Mejia P | ATL,0,0,0,0,0,0,0,0,0,0,0,0,0,0.00,0.00,9999
W ,Blayne Enlow P | SF,0,0,0,0,0,0,0,0,0,0,0,0,0,0.00,0.00,9999
W ,Alexis Ramirez P | MIL,0,0,0,0,0,0,0,0,0,0,0,0,0,0.00,0.00,9999
W ,Mike Augliera P | BOS,0,0,0,0,0,0,0,0,0,0,0,0,0,0.00,0.00,9999
W ,Mason Erla P | LAA,0,0,0,0,0,0,0,0,0,0,0,0,0,0.00,0.00,9999
W ,Alfred Morillo P | ARI,0,0,0,0,0,0,0,0,0,0,0,0,0,0.00,0.00,9999
W ,Walter Ford P | SEA,0,0,0,0,0,0,0,0,0,0,0,0,0,0.00,0.00,9999
W ,Will Gaddis P | COL,0,0,0,0,0,0,0,0,0,0,0,0,0,0.00,0.00,9999
W ,Jeff Ibarra P | SD,0,0,0,0,0,0,0,0,0,0,0,0,0,0.00,0.00,9999
W ,Dylan Smith P | DET,0,0,0,0,0,0,0,0,0,0,0,0,0,0.00,0.00,9999
W ,Jose Urbina P | TB,0,0,0,0,0,0,0,0,0,0,0,0,0,0.00,0.00,9999
W ,Brett McKinney P | PIT,0,0,0,0,0,0,0,0,0,0,0,0,0,0.00,0.00,9999
W ,T.J. Sikkema P | KC,0,0,0,0,0,0,0,0,0,0,0,0,0,0.00,0.00,9999
W ,Levi Stoudt P | BAL,0,0,0,0,0,0,0,0,0,0,0,0,0,0.00,0.00,9999
W ,Hunter Adkins P | MIA,0,0,0,0,0,0,0,0,0,0,0,0,0,0.00,0.00,9999
W ,Jackson Baumeister P | TB,0,0,0,0,0,0,0,0,0,0,0,0,0,0.00,0.00,9999
W ,Reiss Knehr P | SD,0,0,0,0,0,0,0,0,0,0,0,0,0,0.00,0.00,9999
W ,Cole Zaffiro P | NYY,0,0,0,0,0,0,0,0,0,0,0,0,0,0.00,0.00,9999
W ,Seth Lonsway P | SF,0,0,0,0,0,0,0,0,0,0,0,0,0,0.00,0.00,9999
W ,Robert Dominguez P | NYM ,0,0,0,0,0,0,0,0,0,0,0,0,0,0.00,0.00,9999
W ,Lucas Sims P | WAS,0,0,0,0,0,0,0,0,0,0,0,0,0,0.00,0.00,9999
W ,Endrys Briceno P | LAA,0,0,0,0,0,0,0,0,0,0,0,0,0,0.00,0.00,9999
W ,Brett Ash P | SEA,0,0,0,0,0,0,0,0,0,0,0,0,0,0.00,0.00,9999
W ,Evan Rutckyj P | NYY,0,0,0,0,0,0,0,0,0,0,0,0,0,0.00,0.00,9999
W ,Darren McCaughan P | MIN ,0,0,0,0,0,0,0,0,0,0,0,0,0,0.00,0.00,9999
W ,David Kubiak P | TEX,0,0,0,0,0,0,0,0,0,0,0,0,0,0.00,0.00,9999
W ,Jake Odorizzi P | TB,0,0,0,0,0,0,0,0,0,0,0,0,0,0.00,0.00,9999
W ,Nate Ocker P | CLE,0,0,0,0,0,0,0,0,0,0,0,0,0,0.00,0.00,9999
W ,Ben Wereski P | KC,0,0,0,0,0,0,0,0,0,0,0,0,0,0.00,0.00,9999
W ,Enrique Burgos P | MIA,0,0,0,0,0,0,0,0,0,0,0,0,0,0.00,0.00,9999
W ,Houston Roth P | BAL,0,0,0,0,0,0,0,0,0,0,0,0,0,0.00,0.00,9999
W ,Ben Peoples P | TB,0,0,0,0,0,0,0,0,0,0,0,0,0,0.00,0.00,9999
W ,Eddy Yean P | PIT,0,0,0,0,0,0,0,0,0,0,0,0,0,0.00,0.00,9999
W ,Grant Hartwig P | NYM,0,0,0,0,0,0,0,0,0,0,0,0,0,0.00,0.00,9999
W ,Kevin Coulter P | CLE,0,0,0,0,0,0,0,0,0,0,0,0,0,0.00,0.00,9999
W ,Carlos Hiraldo P | HOU,0,0,0,0,0,0,0,0,0,0,0,0,0,0.00,0.00,9999
W ,Durbin Feltman P | BOS,0,0,0,0,0,0,0,0,0,0,0,0,0,0.00,0.00,9999
W ,Zach Jackson P | ATH,0,0,0,0,0,0,0,0,0,0,0,0,0,0.00,0.00,9999
W ,Hector Lujan P | CIN,0,0,0,0,0,0,0,0,0,0,0,0,0,0.00,0.00,9999
W ,Logan Gillaspie P | SD,0,0,0,0,0,0,0,0,0,0,0,0,0,0.00,0.00,9999
W ,Tyler Warmoth P | LAA,0,0,0,0,0,0,0,0,0,0,0,0,0,0.00,0.00,9999
W ,Kohl Drake P | TEX,0,0,0,0,0,0,0,0,0,0,0,0,0,0.00,0.00,9999
W ,Adbert Alzolay P | NYM,0,0,0,0,0,0,0,0,0,0,0,0,0,0.00,0.00,9999
W ,Juan Then P | CHW,0,0,0,0,0,0,0,0,0,0,0,0,0,0.00,0.00,9999
W ,Heriberto Ruelas P | NYM,0,0,0,0,0,0,0,0,0,0,0,0,0,0.00,0.00,9999
W ,Blake Taylor P | TEX,0,0,0,0,0,0,0,0,0,0,0,0,0,0.00,0.00,9999
W ,Jimmy Reyes P | TEX,0,0,0,0,0,0,0,0,0,0,0,0,0,0.00,0.00,9999
W ,Phillip Diehl P | CLE,0,0,0,0,0,0,0,0,0,0,0,0,0,0.00,0.00,9999
W ,Mason Barnett P | ATH,0,0,0,0,0,0,0,0,0,0,0,0,0,0.00,0.00,9999
W ,Michael Danielak P | ATH,0,0,0,0,0,0,0,0,0,0,0,0,0,0.00,0.00,9999
W ,Braden Webb P | MIL,0,0,0,0,0,0,0,0,0,0,0,0,0,0.00,0.00,9999
W ,Jordan Lyles P | KC,0,0,0,0,0,0,0,0,0,0,0,0,0,0.00,0.00,9999
W ,Janser Lara P | KC,0,0,0,0,0,0,0,0,0,0,0,0,0,0.00,0.00,9999
W ,Brennan Malone P | ARI,0,0,0,0,0,0,0,0,0,0,0,0,0,0.00,0.00,9999
W ,Junior Garcia P | ARI,0,0,0,0,0,0,0,0,0,0,0,0,0,0.00,0.00,9999
W ,Adrian Hernandez P | TOR,0,0,0,0,0,0,0,0,0,0,0,0,0,0.00,0.00,9999
W ,Beau Sulser P | BAL,0,0,0,0,0,0,0,0,0,0,0,0,0,0.00,0.00,9999
W ,Jordan Geber P | NYM,0,0,0,0,0,0,0,0,0,0,0,0,0,0.00,0.00,9999
W ,Blake Holub P | MIL,0,0,0,0,0,0,0,0,0,0,0,0,0,0.00,0.00,9999
W ,Jake Walkinshaw P | ATH,0,0,0,0,0,0,0,0,0,0,0,0,0,0.00,0.00,9999
W ,Jarod Bayless P | PIT,0,0,0,0,0,0,0,0,0,0,0,0,0,0.00,0.00,9999
W ,Keeler Morfe P | BAL,0,0,0,0,0,0,0,0,0,0,0,0,0,0.00,0.00,9999
W ,Corbin Clouse P | ATL,0,0,0,0,0,0,0,0,0,0,0,0,0,0.00,0.00,9999
W ,Bryan Harper P | WAS,0,0,0,0,0,0,0,0,0,0,0,0,0,0.00,0.00,9999
W ,Christian McGowan P | PHI,0,0,0,0,0,0,0,0,0,0,0,0,0,0.00,0.00,9999
W ,Alex McFarlane P | PHI,0,0,0,0,0,0,0,0,0,0,0,0,0,0.00,0.00,9999
W ,Tate Scioneaux P | PIT,0,0,0,0,0,0,0,0,0,0,0,0,0,0.00,0.00,9999
W ,Craig Yoho P | MIL ,0,0,0,0,0,0,0,0,0,0,0,0,0,0.00,0.00,9999
W ,Andre Jackson P | PIT,0,0,0,0,0,0,0,0,0,0,0,0,0,0.00,0.00,9999
W ,Bryan Bonnell P | WAS,0,0,0,0,0,0,0,0,0,0,0,0,0,0.00,0.00,9999
W ,Samuel Sanchez P | LAD,0,0,0,0,0,0,0,0,0,0,0,0,0,0.00,0.00,9999
W ,Seth Keener P | CHW,0,0,0,0,0,0,0,0,0,0,0,0,0,0.00,0.00,9999
W ,Jacob Maton P | TEX,0,0,0,0,0,0,0,0,0,0,0,0,0,0.00,0.00,9999
W ,Tyler Erwin P | BAL,0,0,0,0,0,0,0,0,0,0,0,0,0,0.00,0.00,9999
W ,Sean Sullivan P | COL,0,0,0,0,0,0,0,0,0,0,0,0,0,0.00,0.00,9999
W ,Dominic DeMasi P | CLE,0,0,0,0,0,0,0,0,0,0,0,0,0,0.00,0.00,9999
W ,Trevor Brigden P | TB,0,0,0,0,0,0,0,0,0,0,0,0,0,0.00,0.00,9999
W ,Trace Bright P | BAL,0,0,0,0,0,0,0,0,0,0,0,0,0,0.00,0.00,9999
W ,Wladimir Pinto P | MIN,0,0,0,0,0,0,0,0,0,0,0,0,0,0.00,0.00,9999
W ,Jonathan Maciel P | DET,0,0,0,0,0,0,0,0,0,0,0,0,0,0.00,0.00,9999
W ,Tyler DeLoach P | LAA,0,0,0,0,0,0,0,0,0,0,0,0,0,0.00,0.00,9999
W ,Caden Monke P | KC,0,0,0,0,0,0,0,0,0,0,0,0,0,0.00,0.00,9999
W ,Matt Frawley P | NYY,0,0,0,0,0,0,0,0,0,0,0,0,0,0.00,0.00,9999
W ,Bryan Evans P | MIA,0,0,0,0,0,0,0,0,0,0,0,0,0,0.00,0.00,9999
W ,Naoyuki Uwasawa P | BOS,0,0,0,0,0,0,0,0,0,0,0,0,0,0.00,0.00,9999
W ,Avery Short P | ARI,0,0,0,0,0,0,0,0,0,0,0,0,0,0.00,0.00,9999
W ,Nick Bitsko P | TB,0,0,0,0,0,0,0,0,0,0,0,0,0,0.00,0.00,9999
W ,Logan Taylor P | NYM,0,0,0,0,0,0,0,0,0,0,0,0,0,0.00,0.00,9999
W ,Sean Guenther P | DET ,0,0,0,0,0,0,0,0,0,0,0,0,0,0.00,0.00,9999
W ,Daniel Tillo P | SF,0,0,0,0,0,0,0,0,0,0,0,0,0,0.00,0.00,9999
W ,Lane Ramsey P | CHW,0,0,0,0,0,0,0,0,0,0,0,0,0,0.00,0.00,9999
W ,Raymond Burgos P | SF,0,0,0,0,0,0,0,0,0,0,0,0,0,0.00,0.00,9999
W ,Will Kincanon P | CHW,0,0,0,0,0,0,0,0,0,0,0,0,0,0.00,0.00,9999
W ,Peyton Alford P | SEA,0,0,0,0,0,0,0,0,0,0,0,0,0,0.00,0.00,9999
W ,Zach Willeman P | KC,0,0,0,0,0,0,0,0,0,0,0,0,0,0.00,0.00,9999
W ,Trey Cochran-Gill P | ATH,0,0,0,0,0,0,0,0,0,0,0,0,0,0.00,0.00,9999
W ,Peyton Olejnik P | LAA,0,0,0,0,0,0,0,0,0,0,0,0,0,0.00,0.00,9999
W ,Joe Glassey P | BAL,0,0,0,0,0,0,0,0,0,0,0,0,0,0.00,0.00,9999
Sweep The Leg Johnny,Zebby Matthews P | MIN ,0,0,0,0,0,0,0,0,0,0,0,0,0,0.00,0.00,9999
W ,Tanner Gordon P | COL,0,0,0,0,0,0,0,0,0,0,0,0,0,0.00,0.00,9999
W ,Chad Kuhl P | ATL,0,0,0,0,0,0,0,0,0,0,0,0,0,0.00,0.00,9999
W ,Spencer Turnbull P | PHI,0,0,0,0,0,0,0,0,0,0,0,0,0,0.00,0.00,9999
W ,Luis Mey P | CIN,0,0,0,0,0,0,0,0,0,0,0,0,0,0.00,0.00,9999
W ,Zac Leigh P | CHC,0,0,0,0,0,0,0,0,0,0,0,0,0,0.00,0.00,9999
W ,Tom Windle P | NYM,0,0,0,0,0,0,0,0,0,0,0,0,0,0.00,0.00,9999
W ,Kent Emanuel P | MIA,0,0,0,0,0,0,0,0,0,0,0,0,0,0.00,0.00,9999
W ,Noel Vela P | SD,0,0,0,0,0,0,0,0,0,0,0,0,0,0.00,0.00,9999
W ,Norge Vera P | CHW,0,0,0,0,0,0,0,0,0,0,0,0,0,0.00,0.00,9999
W ,Connor O'Halloran P | TOR,0,0,0,0,0,0,0,0,0,0,0,0,0,0.00,0.00,9999
W ,Sandy Lugo P | CIN,0,0,0,0,0,0,0,0,0,0,0,0,0,0.00,0.00,9999
W ,Bradley Hanner P | CLE,0,0,0,0,0,0,0,0,0,0,0,0,0,0.00,0.00,9999
W ,Reid VanScoter P | SEA,0,0,0,0,0,0,0,0,0,0,0,0,0,0.00,0.00,9999
W ,Alex Royalty P | CLE,0,0,0,0,0,0,0,0,0,0,0,0,0,0.00,0.00,9999
W ,Lucas Wepf P | LAD,0,0,0,0,0,0,0,0,0,0,0,0,0,0.00,0.00,9999
W ,James Farris P | COL,0,0,0,0,0,0,0,0,0,0,0,0,0,0.00,0.00,9999
W ,Ivan Pineyro P | ARI,0,0,0,0,0,0,0,0,0,0,0,0,0,0.00,0.00,9999
W ,Luis Pena P | LAA,0,0,0,0,0,0,0,0,0,0,0,0,0,0.00,0.00,9999
W ,Justus Sheffield P | SEA,0,0,0,0,0,0,0,0,0,0,0,0,0,0.00,0.00,9999
W ,Jaydenn Estanista P | PHI,0,0,0,0,0,0,0,0,0,0,0,0,0,0.00,0.00,9999
W ,Wilkel Hernandez P | DET,0,0,0,0,0,0,0,0,0,0,0,0,0,0.00,0.00,9999
W ,Marco Gonzales P | PIT,0,0,0,0,0,0,0,0,0,0,0,0,0,0.00,0.00,9999
W ,Elliot Ashbeck P | SD,0,0,0,0,0,0,0,0,0,0,0,0,0,0.00,0.00,9999
W ,Brandon Barriera P | TOR ,0,0,0,0,0,0,0,0,0,0,0,0,0,0.00,0.00,9999
W ,Dylan Ray P | ARI,0,0,0,0,0,0,0,0,0,0,0,0,0,0.00,0.00,9999
W ,Keythel Key P | LAA,0,0,0,0,0,0,0,0,0,0,0,0,0,0.00,0.00,9999
W ,Jordan DiValerio P | BOS,0,0,0,0,0,0,0,0,0,0,0,0,0,0.00,0.00,9999
W ,Dario Beltre P | LAA,0,0,0,0,0,0,0,0,0,0,0,0,0,0.00,0.00,9999
W ,J.C. Sulbaran P | STL,0,0,0,0,0,0,0,0,0,0,0,0,0,0.00,0.00,9999
W ,Jeff Ames P | MIN,0,0,0,0,0,0,0,0,0,0,0,0,0,0.00,0.00,9999
W ,Connor Johnstone P | ATL,0,0,0,0,0,0,0,0,0,0,0,0,0,0.00,0.00,9999
W ,Anthony Vizcaya P | ATL,0,0,0,0,0,0,0,0,0,0,0,0,0,0.00,0.00,9999
W ,Alex Colome P | CHW,0,0,0,0,0,0,0,0,0,0,0,0,0,0.00,0.00,9999
W ,Carlos Espinosa P | LAA,0,0,0,0,0,0,0,0,0,0,0,0,0,0.00,0.00,9999
W ,Trevor Martin P | TB,0,0,0,0,0,0,0,0,0,0,0,0,0,0.00,0.00,9999
W ,Tink Hence P | STL,0,0,0,0,0,0,0,0,0,0,0,0,0,0.00,0.00,9999
W ,James Meeker P | MIL,0,0,0,0,0,0,0,0,0,0,0,0,0,0.00,0.00,9999
W ,Alfred Vega P | NYM,0,0,0,0,0,0,0,0,0,0,0,0,0,0.00,0.00,9999
W ,Andrew Schultz P | PHI,0,0,0,0,0,0,0,0,0,0,0,0,0,0.00,0.00,9999
W ,Russell Smith P | MIL,0,0,0,0,0,0,0,0,0,0,0,0,0,0.00,0.00,9999
W ,Paolo Espino P | TOR,0,0,0,0,0,0,0,0,0,0,0,0,0,0.00,0.00,9999
W ,Jacob Dorris P | HOU,0,0,0,0,0,0,0,0,0,0,0,0,0,0.00,0.00,9999
W ,Mason Vinyard P | NYY,0,0,0,0,0,0,0,0,0,0,0,0,0,0.00,0.00,9999
W ,Ryan Cook P | TOR,0,0,0,0,0,0,0,0,0,0,0,0,0,0.00,0.00,9999
W ,Tyler Bremer P | MIA,0,0,0,0,0,0,0,0,0,0,0,0,0,0.00,0.00,9999
W ,Will Stewart P | MIA,0,0,0,0,0,0,0,0,0,0,0,0,0,0.00,0.00,9999
W ,Tanner Jesson-Dalton P | CHC,0,0,0,0,0,0,0,0,0,0,0,0,0,0.00,0.00,9999
W ,Ryan Lawlor P | CHC,0,0,0,0,0,0,0,0,0,0,0,0,0,0.00,0.00,9999
W ,Odalvi Javier P | ATL,0,0,0,0,0,0,0,0,0,0,0,0,0,0.00,0.00,9999
W ,Darius Vines P | ATL,0,0,0,0,0,0,0,0,0,0,0,0,0,0.00,0.00,9999
W ,John Gavin P | SF,0,0,0,0,0,0,0,0,0,0,0,0,0,0.00,0.00,9999
W ,Keegan Long P | ARI,0,0,0,0,0,0,0,0,0,0,0,0,0,0.00,0.00,9999
W ,Austin Hyatt P | PHI,0,0,0,0,0,0,0,0,0,0,0,0,0,0.00,0.00,9999
W ,Amir Garrett P | TOR,0,0,0,0,0,0,0,0,0,0,0,0,0,0.00,0.00,9999
W ,Tyler Davis P | CHW,0,0,0,0,0,0,0,0,0,0,0,0,0,0.00,0.00,9999
W ,Holden Laws P | SEA,0,0,0,0,0,0,0,0,0,0,0,0,0,0.00,0.00,9999
W ,Logan Allen P | ARI,0,0,0,0,0,0,0,0,0,0,0,0,0,0.00,0.00,9999
W ,T.J. Fondtain P | TB,0,0,0,0,0,0,0,0,0,0,0,0,0,0.00,0.00,9999
W ,Eriq Swan P | LAD,0,0,0,0,0,0,0,0,0,0,0,0,0,0.00,0.00,9999
W ,Brad Hand P | ATL,0,0,0,0,0,0,0,0,0,0,0,0,0,0.00,0.00,9999
W ,Confesor Lara P | DET,0,0,0,0,0,0,0,0,0,0,0,0,0,0.00,0.00,9999
W ,Jimmy Joyce P | SEA,0,0,0,0,0,0,0,0,0,0,0,0,0,0.00,0.00,9999
W ,Cole Schoenwetter P | CIN,0,0,0,0,0,0,0,0,0,0,0,0,0,0.00,0.00,9999
W ,Chris Wright P | SF,0,0,0,0,0,0,0,0,0,0,0,0,0,0.00,0.00,9999
W ,Chaz Hebert P | NYY,0,0,0,0,0,0,0,0,0,0,0,0,0,0.00,0.00,9999
W ,Garrett Schilling P | COL,0,0,0,0,0,0,0,0,0,0,0,0,0,0.00,0.00,9999
W ,Logan Cozart P | COL,0,0,0,0,0,0,0,0,0,0,0,0,0,0.00,0.00,9999
W ,Mario Sanchez P | MIN,0,0,0,0,0,0,0,0,0,0,0,0,0,0.00,0.00,9999
W ,Alex Cook P | TB,0,0,0,0,0,0,0,0,0,0,0,0,0,0.00,0.00,9999
W ,James Paxton P | BOS,0,0,0,0,0,0,0,0,0,0,0,0,0,0.00,0.00,9999
W ,Andrew Hoffmann P | KC,0,0,0,0,0,0,0,0,0,0,0,0,0,0.00,0.00,9999
W ,Walter Pennington P | TEX,0,0,0,0,0,0,0,0,0,0,0,0,0,0.00,0.00,9999
W ,Angel Reyes P | DET,0,0,0,0,0,0,0,0,0,0,0,0,0,0.00,0.00,9999
W ,Jonathan Dziedzic P | KC,0,0,0,0,0,0,0,0,0,0,0,0,0,0.00,0.00,9999
W ,Hunter Strickland P | TEX ,0,0,0,0,0,0,0,0,0,0,0,0,0,0.00,0.00,9999
W ,Joey Marciano P | SF,0,0,0,0,0,0,0,0,0,0,0,0,0,0.00,0.00,9999
W ,Brody Brecht P | COL,0,0,0,0,0,0,0,0,0,0,0,0,0,0.00,0.00,9999
W ,Anthony Solometo P | PIT,0,0,0,0,0,0,0,0,0,0,0,0,0,0.00,0.00,9999
W ,Eli Villalobos P | MIA,0,0,0,0,0,0,0,0,0,0,0,0,0,0.00,0.00,9999
W ,Yu-Min Lin P | ARI,0,0,0,0,0,0,0,0,0,0,0,0,0,0.00,0.00,9999
W ,Dominic Leone P | CHW,0,0,0,0,0,0,0,0,0,0,0,0,0,0.00,0.00,9999
W ,Roniel Raudes P | BOS,0,0,0,0,0,0,0,0,0,0,0,0,0,0.00,0.00,9999
W ,Reid Morgan P | SEA,0,0,0,0,0,0,0,0,0,0,0,0,0,0.00,0.00,9999
W ,Solomon Bates P | SF,0,0,0,0,0,0,0,0,0,0,0,0,0,0.00,0.00,9999
W ,Juan Carela P | CHW ,0,0,0,0,0,0,0,0,0,0,0,0,0,0.00,0.00,9999
W ,Joely Rodriguez P | BOS,0,0,0,0,0,0,0,0,0,0,0,0,0,0.00,0.00,9999
W ,Chase Plymell P | CHW,0,0,0,0,0,0,0,0,0,0,0,0,0,0.00,0.00,9999
W ,Silvino Bracho P | CIN,0,0,0,0,0,0,0,0,0,0,0,0,0,0.00,0.00,9999
W ,Tyler Kolek P | MIA,0,0,0,0,0,0,0,0,0,0,0,0,0,0.00,0.00,9999
W ,Adam Oller P | MIA,0,0,0,0,0,0,0,0,0,0,0,0,0,0.00,0.00,9999
W ,Trevor Bauer P | LAD,0,0,0,0,0,0,0,0,0,0,0,0,0,0.00,0.00,9999
W ,Amos Willingham P | ATL,0,0,0,0,0,0,0,0,0,0,0,0,0,0.00,0.00,9999
W ,Brock Huntzinger P | COL,0,0,0,0,0,0,0,0,0,0,0,0,0,0.00,0.00,9999
W ,Adam Kolarek P | LAA,0,0,0,0,0,0,0,0,0,0,0,0,0,0.00,0.00,9999
W ,Luis Gastelum P | STL,0,0,0,0,0,0,0,0,0,0,0,0,0,0.00,0.00,9999
W ,Victor Garcia P | LAA,0,0,0,0,0,0,0,0,0,0,0,0,0,0.00,0.00,9999
W ,Michael Petersen P | LAA ,0,0,0,0,0,0,0,0,0,0,0,0,0,0.00,0.00,9999
W ,Miguel Cienfuegos P | SD,0,0,0,0,0,0,0,0,0,0,0,0,0,0.00,0.00,9999
W ,Blake Taylor P | NYM,0,0,0,0,0,0,0,0,0,0,0,0,0,0.00,0.00,9999
W ,Nate Savino P | ARI,0,0,0,0,0,0,0,0,0,0,0,0,0,0.00,0.00,9999
W ,Sean Harney P | TB,0,0,0,0,0,0,0,0,0,0,0,0,0,0.00,0.00,9999
W ,Tristan Smith P | CIN,0,0,0,0,0,0,0,0,0,0,0,0,0,0.00,0.00,9999
W ,Anthony Simonelli P | KC,0,0,0,0,0,0,0,0,0,0,0,0,0,0.00,0.00,9999
W ,Albert Abreu P | CIN,0,0,0,0,0,0,0,0,0,0,0,0,0,0.00,0.00,9999
W ,Justin Maese P | ATL,0,0,0,0,0,0,0,0,0,0,0,0,0,0.00,0.00,9999
W ,Chris Nunn P | ATL,0,0,0,0,0,0,0,0,0,0,0,0,0,0.00,0.00,9999
W ,Jimmy Cordero P | NYY,0,0,0,0,0,0,0,0,0,0,0,0,0,0.00,0.00,9999
W ,Spencer Herrmann P | SEA,0,0,0,0,0,0,0,0,0,0,0,0,0,0.00,0.00,9999
W ,Haden Erbe P | TB,0,0,0,0,0,0,0,0,0,0,0,0,0,0.00,0.00,9999
W ,Austin Brice P | PHI,0,0,0,0,0,0,0,0,0,0,0,0,0,0.00,0.00,9999
W ,Andrew Suarez P | BAL,0,0,0,0,0,0,0,0,0,0,0,0,0,0.00,0.00,9999
W ,Michael Alfonso P | TEX,0,0,0,0,0,0,0,0,0,0,0,0,0,0.00,0.00,9999
W ,Joander Suarez P | NYM,0,0,0,0,0,0,0,0,0,0,0,0,0,0.00,0.00,9999
W ,Jonathan Hennigan P | PHI,0,0,0,0,0,0,0,0,0,0,0,0,0,0.00,0.00,9999
W ,Jhonleider Salinas P | TB,0,0,0,0,0,0,0,0,0,0,0,0,0,0.00,0.00,9999
W ,Patrick Copen P | LAD,0,0,0,0,0,0,0,0,0,0,0,0,0,0.00,0.00,9999
W ,Tom Colletti P | SD,0,0,0,0,0,0,0,0,0,0,0,0,0,0.00,0.00,9999
W ,Trey Supak P | ATH,0,0,0,0,0,0,0,0,0,0,0,0,0,0.00,0.00,9999
W ,Jason Forjet P | SF,0,0,0,0,0,0,0,0,0,0,0,0,0,0.00,0.00,9999
W ,Tyler Cleveland P | SEA,0,0,0,0,0,0,0,0,0,0,0,0,0,0.00,0.00,9999
W ,Cristian Alvarado P | ATH,0,0,0,0,0,0,0,0,0,0,0,0,0,0.00,0.00,9999
W ,Roman Angelo P | ARI,0,0,0,0,0,0,0,0,0,0,0,0,0,0.00,0.00,9999
W ,Evan Taylor P | MIA,0,0,0,0,0,0,0,0,0,0,0,0,0,0.00,0.00,9999
W ,Tyler Schoff P | WAS,0,0,0,0,0,0,0,0,0,0,0,0,0,0.00,0.00,9999
W ,Sam Whiting P | SD,0,0,0,0,0,0,0,0,0,0,0,0,0,0.00,0.00,9999
W ,Jose Velez P | MIA,0,0,0,0,0,0,0,0,0,0,0,0,0,0.00,0.00,9999
W ,Cam Caminiti P | ATL,0,0,0,0,0,0,0,0,0,0,0,0,0,0.00,0.00,9999
W ,Adisyn Coffey P | CHW,0,0,0,0,0,0,0,0,0,0,0,0,0,0.00,0.00,9999
W ,Drey Jameson P | ARI ,0,0,0,0,0,0,0,0,0,0,0,0,0,0.00,0.00,9999
W ,Arturo Reyes P | TEX,0,0,0,0,0,0,0,0,0,0,0,0,0,0.00,0.00,9999
W ,Adam Seminaris P | MIL,0,0,0,0,0,0,0,0,0,0,0,0,0,0.00,0.00,9999
W ,Zander Mueth P | PIT,0,0,0,0,0,0,0,0,0,0,0,0,0,0.00,0.00,9999
W ,Yoniel Curet P | TB,0,0,0,0,0,0,0,0,0,0,0,0,0,0.00,0.00,9999
W ,Chase Cohen P | ATH,0,0,0,0,0,0,0,0,0,0,0,0,0,0.00,0.00,9999
W ,Patrick Weigel P | WAS,0,0,0,0,0,0,0,0,0,0,0,0,0,0.00,0.00,9999
W ,Thomas Pannone P | MIL,0,0,0,0,0,0,0,0,0,0,0,0,0,0.00,0.00,9999
W ,David Shields P | KC,0,0,0,0,0,0,0,0,0,0,0,0,0,0.00,0.00,9999
W ,Gene Escat P | BAL,0,0,0,0,0,0,0,0,0,0,0,0,0,0.00,0.00,9999
W ,Dustin Saenz P | WAS,0,0,0,0,0,0,0,0,0,0,0,0,0,0.00,0.00,9999
W ,Kyle Hooper P | LAD,0,0,0,0,0,0,0,0,0,0,0,0,0,0.00,0.00,9999
W ,Frank Batista P | CHC,0,0,0,0,0,0,0,0,0,0,0,0,0,0.00,0.00,9999
W ,Brody Hopkins P | TB,0,0,0,0,0,0,0,0,0,0,0,0,0,0.00,0.00,9999
W ,Gunner Mayer P | PHI,0,0,0,0,0,0,0,0,0,0,0,0,0,0.00,0.00,9999
W ,Carter Stewart P | ATL,0,0,0,0,0,0,0,0,0,0,0,0,0,0.00,0.00,9999
W ,Kyle Virbitsky P | BAL,0,0,0,0,0,0,0,0,0,0,0,0,0,0.00,0.00,9999
W ,Nazier Mule P | CHC,0,0,0,0,0,0,0,0,0,0,0,0,0,0.00,0.00,9999
W ,Emailin Montilla P | ARI,0,0,0,0,0,0,0,0,0,0,0,0,0,0.00,0.00,9999
W ,Jesus Gonzalez P | SD,0,0,0,0,0,0,0,0,0,0,0,0,0,0.00,0.00,9999
W ,Cameron Varga P | TB,0,0,0,0,0,0,0,0,0,0,0,0,0,0.00,0.00,9999
W ,Cory Taylor P | SF,0,0,0,0,0,0,0,0,0,0,0,0,0,0.00,0.00,9999
W ,Julio Frias P | ARI,0,0,0,0,0,0,0,0,0,0,0,0,0,0.00,0.00,9999
W ,Omar Cruz P | SD,0,0,0,0,0,0,0,0,0,0,0,0,0,0.00,0.00,9999
W ,Kyle Wilcox P | COL,0,0,0,0,0,0,0,0,0,0,0,0,0,0.00,0.00,9999
W ,Jimmy Burnette P | TOR,0,0,0,0,0,0,0,0,0,0,0,0,0,0.00,0.00,9999
W ,Chris Kachmar P | CHC,0,0,0,0,0,0,0,0,0,0,0,0,0,0.00,0.00,9999
W ,Tucker Healy P | ATH,0,0,0,0,0,0,0,0,0,0,0,0,0,0.00,0.00,9999
W ,Josh Fleming P | SEA,0,0,0,0,0,0,0,0,0,0,0,0,0,0.00,0.00,9999
W ,Mike Salvatore P | SEA,0,0,0,0,0,0,0,0,0,0,0,0,0,0.00,0.00,9999
W ,Argenis Angulo P | ATH,0,0,0,0,0,0,0,0,0,0,0,0,0,0.00,0.00,9999
W ,Samuel Reyes P | CHC,0,0,0,0,0,0,0,0,0,0,0,0,0,0.00,0.00,9999
W ,Kyle McMyne P | CIN,0,0,0,0,0,0,0,0,0,0,0,0,0,0.00,0.00,9999
W ,Santiago Garrido P | DET,0,0,0,0,0,0,0,0,0,0,0,0,0,0.00,0.00,9999
W ,Sean Sullivan P | PIT,0,0,0,0,0,0,0,0,0,0,0,0,0,0.00,0.00,9999
W ,Peter Van Loon P | BAL,0,0,0,0,0,0,0,0,0,0,0,0,0,0.00,0.00,9999
W ,Joe Elbis P | ARI,0,0,0,0,0,0,0,0,0,0,0,0,0,0.00,0.00,9999
W ,Nick Dombkowski P | PIT,0,0,0,0,0,0,0,0,0,0,0,0,0,0.00,0.00,9999
W ,Austin Love P | STL,0,0,0,0,0,0,0,0,0,0,0,0,0,0.00,0.00,9999
W ,Jared Johnson P | ATL,0,0,0,0,0,0,0,0,0,0,0,0,0,0.00,0.00,9999
W ,Sean Poppen P | SEA,0,0,0,0,0,0,0,0,0,0,0,0,0,0.00,0.00,9999
W ,Alex Reyes P | LAD,0,0,0,0,0,0,0,0,0,0,0,0,0,0.00,0.00,9999
W ,Matt Carasiti P | ATL,0,0,0,0,0,0,0,0,0,0,0,0,0,0.00,0.00,9999
W ,Trent Thornton P | SEA,0,0,0,0,0,0,0,0,0,0,0,0,0,0.00,0.00,9999
W ,Alex Cornwell P | STL,0,0,0,0,0,0,0,0,0,0,0,0,0,0.00,0.00,9999
W ,Dylan Bice P | MIA,0,0,0,0,0,0,0,0,0,0,0,0,0,0.00,0.00,9999
W ,Tyler Schimpf P | SF,0,0,0,0,0,0,0,0,0,0,0,0,0,0.00,0.00,9999
W ,Hunter Parsons P | NYM,0,0,0,0,0,0,0,0,0,0,0,0,0,0.00,0.00,9999
W ,Josh Wolf P | CLE,0,0,0,0,0,0,0,0,0,0,0,0,0,0.00,0.00,9999
W ,Justin Ferrell P | HOU,0,0,0,0,0,0,0,0,0,0,0,0,0,0.00,0.00,9999
W ,Slade Smith P | DET,0,0,0,0,0,0,0,0,0,0,0,0,0,0.00,0.00,9999
W ,Alex Burgos P | LAD,0,0,0,0,0,0,0,0,0,0,0,0,0,0.00,0.00,9999
W ,Matthew Peguero P | TB,0,0,0,0,0,0,0,0,0,0,0,0,0,0.00,0.00,9999
W ,John Kuchno P | PIT,0,0,0,0,0,0,0,0,0,0,0,0,0,0.00,0.00,9999
W ,Jake Walsh P | ATL,0,0,0,0,0,0,0,0,0,0,0,0,0,0.00,0.00,9999
W ,Ryan Anderson P | NYY,0,0,0,0,0,0,0,0,0,0,0,0,0,0.00,0.00,9999
W ,Edwin Jimenez P | MIL,0,0,0,0,0,0,0,0,0,0,0,0,0,0.00,0.00,9999
W ,Logan Boyd P | BOS,0,0,0,0,0,0,0,0,0,0,0,0,0,0.00,0.00,9999
W ,Adam Lopez P | CHW,0,0,0,0,0,0,0,0,0,0,0,0,0,0.00,0.00,9999
W ,A.J. Blubaugh P | HOU,0,0,0,0,0,0,0,0,0,0,0,0,0,0.00,0.00,9999
W ,Moises Chace P | PHI,0,0,0,0,0,0,0,0,0,0,0,0,0,0.00,0.00,9999
W ,Victor Santos P | STL,0,0,0,0,0,0,0,0,0,0,0,0,0,0.00,0.00,9999
W ,Jason Jester P | SD,0,0,0,0,0,0,0,0,0,0,0,0,0,0.00,0.00,9999
W ,Stephen Landazuri P | SEA,0,0,0,0,0,0,0,0,0,0,0,0,0,0.00,0.00,9999
W ,Matt Russell P | PHI,0,0,0,0,0,0,0,0,0,0,0,0,0,0.00,0.00,9999
W ,Austin Wright P | TB,0,0,0,0,0,0,0,0,0,0,0,0,0,0.00,0.00,9999
W ,Adam Smith P | BOS,0,0,0,0,0,0,0,0,0,0,0,0,0,0.00,0.00,9999
W ,Brock Moore P | SEA,0,0,0,0,0,0,0,0,0,0,0,0,0,0.00,0.00,9999
W ,Landon Marceaux P | LAA,0,0,0,0,0,0,0,0,0,0,0,0,0,0.00,0.00,9999
W ,Cody Laweryson P | MIN,0,0,0,0,0,0,0,0,0,0,0,0,0,0.00,0.00,9999
W ,Duque Hebbert P | DET,0,0,0,0,0,0,0,0,0,0,0,0,0,0.00,0.00,9999
W ,Kyle Marman P | CLE,0,0,0,0,0,0,0,0,0,0,0,0,0,0.00,0.00,9999
W ,Emilker Guzman P | LAA,0,0,0,0,0,0,0,0,0,0,0,0,0,0.00,0.00,9999
W ,Jeremy Kivel P | CIN,0,0,0,0,0,0,0,0,0,0,0,0,0,0.00,0.00,9999
W ,Jose Fleury P | HOU,0,0,0,0,0,0,0,0,0,0,0,0,0,0.00,0.00,9999
W ,Michael Plassmeyer P | TEX,0,0,0,0,0,0,0,0,0,0,0,0,0,0.00,0.00,9999
W ,R.C. Orlan P | CLE,0,0,0,0,0,0,0,0,0,0,0,0,0,0.00,0.00,9999
W ,Zack Greinke P | KC,0,0,0,0,0,0,0,0,0,0,0,0,0,0.00,0.00,9999
W ,Ryder Ryan P | PIT,0,0,0,0,0,0,0,0,0,0,0,0,0,0.00,0.00,9999
W ,Jimmy Yacabonis P | NYM,0,0,0,0,0,0,0,0,0,0,0,0,0,0.00,0.00,9999
W ,Joey Lucchesi P | SF,0,0,0,0,0,0,0,0,0,0,0,0,0,0.00,0.00,9999
W ,Blair Henley P | HOU,0,0,0,0,0,0,0,0,0,0,0,0,0,0.00,0.00,9999
W ,Cole Uvila P | BAL,0,0,0,0,0,0,0,0,0,0,0,0,0,0.00,0.00,9999
W ,Jean Munoz P | SEA,0,0,0,0,0,0,0,0,0,0,0,0,0,0.00,0.00,9999
W ,Edgar Escobar P | STL,0,0,0,0,0,0,0,0,0,0,0,0,0,0.00,0.00,9999
W ,T.J. Zeuch P | COL,0,0,0,0,0,0,0,0,0,0,0,0,0,0.00,0.00,9999
W ,Joel Seddon P | ATH,0,0,0,0,0,0,0,0,0,0,0,0,0,0.00,0.00,9999
W ,Karson Milbrandt P | MIA,0,0,0,0,0,0,0,0,0,0,0,0,0,0.00,0.00,9999
W ,RJ Hively P | ARI,0,0,0,0,0,0,0,0,0,0,0,0,0,0.00,0.00,9999
W ,Aneurys Zabala P | DET,0,0,0,0,0,0,0,0,0,0,0,0,0,0.00,0.00,9999
W ,Matt Wilkinson P | CLE,0,0,0,0,0,0,0,0,0,0,0,0,0,0.00,0.00,9999
W ,Lex Rutledge P | BAL,0,0,0,0,0,0,0,0,0,0,0,0,0,0.00,0.00,9999
W ,Christian Mejias P | MIL,0,0,0,0,0,0,0,0,0,0,0,0,0,0.00,0.00,9999
W ,Jason Ruffcorn P | SEA,0,0,0,0,0,0,0,0,0,0,0,0,0,0.00,0.00,9999
W ,Antonio Menendez P | TB,0,0,0,0,0,0,0,0,0,0,0,0,0,0.00,0.00,9999
W ,Felix Arronde P | KC,0,0,0,0,0,0,0,0,0,0,0,0,0,0.00,0.00,9999
W ,Carson Messina P | TOR,0,0,0,0,0,0,0,0,0,0,0,0,0,0.00,0.00,9999
W ,Yaya Chentouf P | DET,0,0,0,0,0,0,0,0,0,0,0,0,0,0.00,0.00,9999
W ,Josh Hartle P | CLE,0,0,0,0,0,0,0,0,0,0,0,0,0,0.00,0.00,9999
W ,Jack Dreyer P | LAD,0,0,0,0,0,0,0,0,0,0,0,0,0,0.00,0.00,9999
W ,Austin Sodders P | DET,0,0,0,0,0,0,0,0,0,0,0,0,0,0.00,0.00,9999
W ,Riley Cooper P | BAL,0,0,0,0,0,0,0,0,0,0,0,0,0,0.00,0.00,9999
W ,Jordan Carr P | MIN,0,0,0,0,0,0,0,0,0,0,0,0,0,0.00,0.00,9999
W ,Austin Briggs P | ATH,0,0,0,0,0,0,0,0,0,0,0,0,0,0.00,0.00,9999
W ,Blane Abeyta P | ATL,0,0,0,0,0,0,0,0,0,0,0,0,0,0.00,0.00,9999
W ,Evan Grills P | COL,0,0,0,0,0,0,0,0,0,0,0,0,0,0.00,0.00,9999
W ,Brendan Nail P | BOS,0,0,0,0,0,0,0,0,0,0,0,0,0,0.00,0.00,9999
W ,Luis Rodriguez P | NYM ,0,0,0,0,0,0,0,0,0,0,0,0,0,0.00,0.00,9999
W ,Tanner Chleborad P | BAL,0,0,0,0,0,0,0,0,0,0,0,0,0,0.00,0.00,9999
W ,Omar Bencomo P | MIN,0,0,0,0,0,0,0,0,0,0,0,0,0,0.00,0.00,9999
W ,Matt Pierpont P | COL,0,0,0,0,0,0,0,0,0,0,0,0,0,0.00,0.00,9999
W ,Aaron Phillips P | SF,0,0,0,0,0,0,0,0,0,0,0,0,0,0.00,0.00,9999
W ,Matt Cronin P | WAS,0,0,0,0,0,0,0,0,0,0,0,0,0,0.00,0.00,9999
W ,Trevor Clifton P | TOR,0,0,0,0,0,0,0,0,0,0,0,0,0,0.00,0.00,9999
W ,Travis Banwart P | CLE,0,0,0,0,0,0,0,0,0,0,0,0,0,0.00,0.00,9999
W ,D.J. McCarty P | TEX,0,0,0,0,0,0,0,0,0,0,0,0,0,0.00,0.00,9999
W ,Travis Smith P | MIL,0,0,0,0,0,0,0,0,0,0,0,0,0,0.00,0.00,9999
W ,Garrett Burhenn P | DET,0,0,0,0,0,0,0,0,0,0,0,0,0,0.00,0.00,9999
W ,Adam Leverett P | PHI,0,0,0,0,0,0,0,0,0,0,0,0,0,0.00,0.00,9999
W ,Bryan Shaw P | CIN ,0,0,0,0,0,0,0,0,0,0,0,0,0,0.00,0.00,9999
W ,Christian Little P | SEA,0,0,0,0,0,0,0,0,0,0,0,0,0,0.00,0.00,9999
W ,Regi Grace P | MIN,0,0,0,0,0,0,0,0,0,0,0,0,0,0.00,0.00,9999
W ,Corey Walter P | ATH,0,0,0,0,0,0,0,0,0,0,0,0,0,0.00,0.00,9999
W ,Tommy McCollum P | PHI,0,0,0,0,0,0,0,0,0,0,0,0,0,0.00,0.00,9999
W ,Daniel Martinez P | ATL,0,0,0,0,0,0,0,0,0,0,0,0,0,0.00,0.00,9999
W ,Hunter Hollan P | CIN,0,0,0,0,0,0,0,0,0,0,0,0,0,0.00,0.00,9999
W ,Brandon S. White P | ATL,0,0,0,0,0,0,0,0,0,0,0,0,0,0.00,0.00,9999
W ,Kyle Kinman P | ATL,0,0,0,0,0,0,0,0,0,0,0,0,0,0.00,0.00,9999
W ,Andry Lara P | WAS,0,0,0,0,0,0,0,0,0,0,0,0,0,0.00,0.00,9999
W ,Devin Smeltzer P | MIA,0,0,0,0,0,0,0,0,0,0,0,0,0,0.00,0.00,9999
W ,J.B. Olson P | CHW,0,0,0,0,0,0,0,0,0,0,0,0,0,0.00,0.00,9999
W ,Antoine Kelly P | COL,0,0,0,0,0,0,0,0,0,0,0,0,0,0.00,0.00,9999
W ,Adam Lau P | BOS,0,0,0,0,0,0,0,0,0,0,0,0,0,0.00,0.00,9999
W ,Matt Frisbee P | SF,0,0,0,0,0,0,0,0,0,0,0,0,0,0.00,0.00,9999
W ,Henry Williams P | KC,0,0,0,0,0,0,0,0,0,0,0,0,0,0.00,0.00,9999
W ,Lucas Benenati P | CIN,0,0,0,0,0,0,0,0,0,0,0,0,0,0.00,0.00,9999
W ,Kyle Haynes P | NYY,0,0,0,0,0,0,0,0,0,0,0,0,0,0.00,0.00,9999
W ,Nick Hull P | CHC,0,0,0,0,0,0,0,0,0,0,0,0,0,0.00,0.00,9999
W ,Josh Maciejewski P | MIL,0,0,0,0,0,0,0,0,0,0,0,0,0,0.00,0.00,9999
W ,Austin Pope P | ARI,0,0,0,0,0,0,0,0,0,0,0,0,0,0.00,0.00,9999
W ,Kyle Cody P | TEX,0,0,0,0,0,0,0,0,0,0,0,0,0,0.00,0.00,9999
W ,D.J. Brown P | CLE,0,0,0,0,0,0,0,0,0,0,0,0,0,0.00,0.00,9999
W ,Taylor Hearn P | KC,0,0,0,0,0,0,0,0,0,0,0,0,0,0.00,0.00,9999
W ,Adam Cimber P | LAA,0,0,0,0,0,0,0,0,0,0,0,0,0,0.00,0.00,9999
W ,Derek West P | HOU,0,0,0,0,0,0,0,0,0,0,0,0,0,0.00,0.00,9999
W ,Brady Choban P | LAA,0,0,0,0,0,0,0,0,0,0,0,0,0,0.00,0.00,9999
W ,Angel De Jesus P | DET,0,0,0,0,0,0,0,0,0,0,0,0,0,0.00,0.00,9999
W ,Dioris De La Rosa P | LAA,0,0,0,0,0,0,0,0,0,0,0,0,0,0.00,0.00,9999
W ,William Dion P | CLE,0,0,0,0,0,0,0,0,0,0,0,0,0,0.00,0.00,9999
W ,Danny Wirchansky P | SEA,0,0,0,0,0,0,0,0,0,0,0,0,0,0.00,0.00,9999
W ,Trevor Rogers P | BAL ,0,0,0,0,0,0,0,0,0,0,0,0,0,0.00,0.00,9999
W ,Josh Bostick P | SF,0,0,0,0,0,0,0,0,0,0,0,0,0,0.00,0.00,9999
W ,Corey Copping P | TOR,0,0,0,0,0,0,0,0,0,0,0,0,0,0.00,0.00,9999
W ,Tommy Doyle P | COL,0,0,0,0,0,0,0,0,0,0,0,0,0,0.00,0.00,9999
W ,Jerry Keel P | SD,0,0,0,0,0,0,0,0,0,0,0,0,0,0.00,0.00,9999
W ,Todd Van Steensel P | MIN,0,0,0,0,0,0,0,0,0,0,0,0,0,0.00,0.00,9999
W ,Jaime Barria P | CLE,0,0,0,0,0,0,0,0,0,0,0,0,0,0.00,0.00,9999
W ,Evan McKendry P | MIL,0,0,0,0,0,0,0,0,0,0,0,0,0,0.00,0.00,9999
W ,Gary Gill Hill P | TB,0,0,0,0,0,0,0,0,0,0,0,0,0,0.00,0.00,9999
W ,Didier Vargas P | CHC,0,0,0,0,0,0,0,0,0,0,0,0,0,0.00,0.00,9999
W ,Ryan Miller P | DET,0,0,0,0,0,0,0,0,0,0,0,0,0,0.00,0.00,9999
W ,Marcelo Perez P | SEA,0,0,0,0,0,0,0,0,0,0,0,0,0,0.00,0.00,9999
W ,Zach Barnes P | ARI,0,0,0,0,0,0,0,0,0,0,0,0,0,0.00,0.00,9999
W ,Blake Weiman P | HOU,0,0,0,0,0,0,0,0,0,0,0,0,0,0.00,0.00,9999
W ,Jhosmer Alvarez P | ARI,0,0,0,0,0,0,0,0,0,0,0,0,0,0.00,0.00,9999
W ,Matt Bush P | TEX,0,0,0,0,0,0,0,0,0,0,0,0,0,0.00,0.00,9999
W ,Austin Krob P | SD,0,0,0,0,0,0,0,0,0,0,0,0,0,0.00,0.00,9999
W ,Bryce Bonnin P | TEX,0,0,0,0,0,0,0,0,0,0,0,0,0,0.00,0.00,9999
W ,Tanner Hall P | MIN,0,0,0,0,0,0,0,0,0,0,0,0,0,0.00,0.00,9999
W ,C.D. Pelham P | ATH,0,0,0,0,0,0,0,0,0,0,0,0,0,0.00,0.00,9999
W ,Aaron Leasher P | SD,0,0,0,0,0,0,0,0,0,0,0,0,0,0.00,0.00,9999
W ,Derek Self P | WAS,0,0,0,0,0,0,0,0,0,0,0,0,0,0.00,0.00,9999
W ,Steven Echavarria P | ATH,0,0,0,0,0,0,0,0,0,0,0,0,0,0.00,0.00,9999
W ,Anthony Bass P | TOR,0,0,0,0,0,0,0,0,0,0,0,0,0,0.00,0.00,9999
W ,Mitch Lively P | WAS,0,0,0,0,0,0,0,0,0,0,0,0,0,0.00,0.00,9999
W ,Sean Mooney P | MIN,0,0,0,0,0,0,0,0,0,0,0,0,0,0.00,0.00,9999
W ,Wander Suero P | ATL,0,0,0,0,0,0,0,0,0,0,0,0,0,0.00,0.00,9999
W ,Jake Polancic P | MIL,0,0,0,0,0,0,0,0,0,0,0,0,0,0.00,0.00,9999
W ,Johan Quezada P | MIA,0,0,0,0,0,0,0,0,0,0,0,0,0,0.00,0.00,9999
W ,Caleb Freeman P | CHW,0,0,0,0,0,0,0,0,0,0,0,0,0,0.00,0.00,9999
W ,Mitch Farris P | LAA,0,0,0,0,0,0,0,0,0,0,0,0,0,0.00,0.00,9999
W ,Ben Sears P | KC,0,0,0,0,0,0,0,0,0,0,0,0,0,0.00,0.00,9999
W ,Jonathan Hughes P | ATL,0,0,0,0,0,0,0,0,0,0,0,0,0,0.00,0.00,9999
W ,Michael Koval P | SEA,0,0,0,0,0,0,0,0,0,0,0,0,0,0.00,0.00,9999
W ,Brian Holmes P | HOU,0,0,0,0,0,0,0,0,0,0,0,0,0,0.00,0.00,9999
W ,Adam Ravenelle P | DET,0,0,0,0,0,0,0,0,0,0,0,0,0,0.00,0.00,9999
W ,Luis Morales P | ATH,0,0,0,0,0,0,0,0,0,0,0,0,0,0.00,0.00,9999
W ,Samuel Aldegheri P | LAA,0,0,0,0,0,0,0,0,0,0,0,0,0,0.00,0.00,9999
W ,Vince Arobio P | CHW,0,0,0,0,0,0,0,0,0,0,0,0,0,0.00,0.00,9999
W ,Brody Colvin P | PHI,0,0,0,0,0,0,0,0,0,0,0,0,0,0.00,0.00,9999
W ,Anderson Paulino P | KC,0,0,0,0,0,0,0,0,0,0,0,0,0,0.00,0.00,9999
W ,Steven Gingery P | STL,0,0,0,0,0,0,0,0,0,0,0,0,0,0.00,0.00,9999
W ,Jayson Schroeder P | HOU,0,0,0,0,0,0,0,0,0,0,0,0,0,0.00,0.00,9999
W ,Ashton Izzi P | SEA,0,0,0,0,0,0,0,0,0,0,0,0,0,0.00,0.00,9999
W ,Frank Del Valle P | CHC,0,0,0,0,0,0,0,0,0,0,0,0,0,0.00,0.00,9999
W ,Samuel Vasquez P | WAS,0,0,0,0,0,0,0,0,0,0,0,0,0,0.00,0.00,9999
W ,Thomas Szapucki P | SF,0,0,0,0,0,0,0,0,0,0,0,0,0,0.00,0.00,9999
W ,Ethan Schiefelbein P | DET,0,0,0,0,0,0,0,0,0,0,0,0,0,0.00,0.00,9999
W ,Cody Dickson P | PIT,0,0,0,0,0,0,0,0,0,0,0,0,0,0.00,0.00,9999
W ,Moises Lugo P | SD,0,0,0,0,0,0,0,0,0,0,0,0,0,0.00,0.00,9999
W ,Chance Kirby P | DET,0,0,0,0,0,0,0,0,0,0,0,0,0,0.00,0.00,9999
W ,Carson Coleman P | TEX,0,0,0,0,0,0,0,0,0,0,0,0,0,0.00,0.00,9999
W ,Austin Krzeminski P | LAA,0,0,0,0,0,0,0,0,0,0,0,0,0,0.00,0.00,9999
W ,Chris Jensen P | COL,0,0,0,0,0,0,0,0,0,0,0,0,0,0.00,0.00,9999
W ,Ian McKinney P | SEA,0,0,0,0,0,0,0,0,0,0,0,0,0,0.00,0.00,9999
W ,Spencer Patton P | ATH,0,0,0,0,0,0,0,0,0,0,0,0,0,0.00,0.00,9999
W ,Vince Velasquez P | CLE,0,0,0,0,0,0,0,0,0,0,0,0,0,0.00,0.00,9999
W ,Kyle Hansen P | CHW,0,0,0,0,0,0,0,0,0,0,0,0,0,0.00,0.00,9999
W ,Adam Serwinowski P | CIN,0,0,0,0,0,0,0,0,0,0,0,0,0,0.00,0.00,9999
W ,Freddy Tarnok P | MIA,0,0,0,0,0,0,0,0,0,0,0,0,0,0.00,0.00,9999
W ,Logan Rinehart P | BAL,0,0,0,0,0,0,0,0,0,0,0,0,0,0.00,0.00,9999
W ,Breckin Williams P | ARI,0,0,0,0,0,0,0,0,0,0,0,0,0,0.00,0.00,9999
W ,Evan Justice P | COL,0,0,0,0,0,0,0,0,0,0,0,0,0,0.00,0.00,9999
W ,Christian Suarez P | LAD,0,0,0,0,0,0,0,0,0,0,0,0,0,0.00,0.00,9999
W ,Johendi Jiminian P | MIN,0,0,0,0,0,0,0,0,0,0,0,0,0,0.00,0.00,9999
W ,Dylan Wilson P | SEA,0,0,0,0,0,0,0,0,0,0,0,0,0,0.00,0.00,9999
W ,Matt Whitehouse P | CLE,0,0,0,0,0,0,0,0,0,0,0,0,0,0.00,0.00,9999
W ,Brady Anderson P | MIN,0,0,0,0,0,0,0,0,0,0,0,0,0,0.00,0.00,9999
W ,Daniel Camarena P | SD,0,0,0,0,0,0,0,0,0,0,0,0,0,0.00,0.00,9999
W ,Matt Seelinger P | DET,0,0,0,0,0,0,0,0,0,0,0,0,0,0.00,0.00,9999
W ,Jordan Milbrath P | MIA,0,0,0,0,0,0,0,0,0,0,0,0,0,0.00,0.00,9999
W ,Victor Mateo P | ATL,0,0,0,0,0,0,0,0,0,0,0,0,0,0.00,0.00,9999
W ,Logan Sendelbach P | PIT,0,0,0,0,0,0,0,0,0,0,0,0,0,0.00,0.00,9999
W ,Montreal Robertson P | DET,0,0,0,0,0,0,0,0,0,0,0,0,0,0.00,0.00,9999
W ,Matthew Gorst P | BOS,0,0,0,0,0,0,0,0,0,0,0,0,0,0.00,0.00,9999
W ,Cade Austin P | NYY,0,0,0,0,0,0,0,0,0,0,0,0,0,0.00,0.00,9999
W ,Daniel Robert P | TEX ,0,0,0,0,0,0,0,0,0,0,0,0,0,0.00,0.00,9999
W ,Emiliano Teodo P | TEX,0,0,0,0,0,0,0,0,0,0,0,0,0,0.00,0.00,9999
W ,John McMillon P | PHI,0,0,0,0,0,0,0,0,0,0,0,0,0,0.00,0.00,9999
W ,Jared Robinson P | NYM,0,0,0,0,0,0,0,0,0,0,0,0,0,0.00,0.00,9999
W ,Aaron Cox P | LAA,0,0,0,0,0,0,0,0,0,0,0,0,0,0.00,0.00,9999
W ,Alex Bustamante P | NYY,0,0,0,0,0,0,0,0,0,0,0,0,0,0.00,0.00,9999
W ,Jackson Nezuh P | HOU,0,0,0,0,0,0,0,0,0,0,0,0,0,0.00,0.00,9999
W ,Colin Peluse P | ATH,0,0,0,0,0,0,0,0,0,0,0,0,0,0.00,0.00,9999
W ,Tyler Gough P | SEA,0,0,0,0,0,0,0,0,0,0,0,0,0,0.00,0.00,9999
W ,Jose Romero P | CHC,0,0,0,0,0,0,0,0,0,0,0,0,0,0.00,0.00,9999
W ,Isaiah Campbell P | BOS ,0,0,0,0,0,0,0,0,0,0,0,0,0,0.00,0.00,9999
W ,Charlee Soto P | MIN,0,0,0,0,0,0,0,0,0,0,0,0,0,0.00,0.00,9999
W ,Evan Fitterer P | MIA,0,0,0,0,0,0,0,0,0,0,0,0,0,0.00,0.00,9999
W ,Doug Nikhazy P | CLE ,0,0,0,0,0,0,0,0,0,0,0,0,0,0.00,0.00,9999
W ,Andrew Morales P | STL,0,0,0,0,0,0,0,0,0,0,0,0,0,0.00,0.00,9999
W ,Sam Garcia P | MIL,0,0,0,0,0,0,0,0,0,0,0,0,0,0.00,0.00,9999
W ,Joey Krehbiel P | TB ,0,0,0,0,0,0,0,0,0,0,0,0,0,0.00,0.00,9999
W ,Florencio Serrano P | TEX,0,0,0,0,0,0,0,0,0,0,0,0,0,0.00,0.00,9999
W ,Christopher Gau P | PIT,0,0,0,0,0,0,0,0,0,0,0,0,0,0.00,0.00,9999
W ,Blas Castano P | SEA,0,0,0,0,0,0,0,0,0,0,0,0,0,0.00,0.00,9999
W ,Wilking Rodriguez P | NYY,0,0,0,0,0,0,0,0,0,0,0,0,0,0.00,0.00,9999
W ,Gunnar Hoglund P | ATH,0,0,0,0,0,0,0,0,0,0,0,0,0,0.00,0.00,9999
W ,Miguel Diaz P | SF,0,0,0,0,0,0,0,0,0,0,0,0,0,0.00,0.00,9999
W ,Williams Ramirez P | MIN,0,0,0,0,0,0,0,0,0,0,0,0,0,0.00,0.00,9999
W ,Jeff Belge P | TB,0,0,0,0,0,0,0,0,0,0,0,0,0,0.00,0.00,9999
W ,Paul Gervase P | TB,0,0,0,0,0,0,0,0,0,0,0,0,0,0.00,0.00,9999
W ,Sean Keselica P | PIT,0,0,0,0,0,0,0,0,0,0,0,0,0,0.00,0.00,9999
W ,Rubby De La Rosa P | LAD,0,0,0,0,0,0,0,0,0,0,0,0,0,0.00,0.00,9999
W ,Nick Wissman P | SD,0,0,0,0,0,0,0,0,0,0,0,0,0,0.00,0.00,9999
W ,Cole Phillips P | SEA ,0,0,0,0,0,0,0,0,0,0,0,0,0,0.00,0.00,9999
W ,Taylor Rashi P | ARI,0,0,0,0,0,0,0,0,0,0,0,0,0,0.00,0.00,9999
W ,River Ryan P | LAD ,0,0,0,0,0,0,0,0,0,0,0,0,0,0.00,0.00,9999
W ,Ricky Vanasco P | DET,0,0,0,0,0,0,0,0,0,0,0,0,0,0.00,0.00,9999
W ,Christian James P | NYM,0,0,0,0,0,0,0,0,0,0,0,0,0,0.00,0.00,9999
W ,Jose Acuna P | CIN,0,0,0,0,0,0,0,0,0,0,0,0,0,0.00,0.00,9999
W ,Peyton Gray P | TEX,0,0,0,0,0,0,0,0,0,0,0,0,0,0.00,0.00,9999
W ,Dauris Valdez P | SEA,0,0,0,0,0,0,0,0,0,0,0,0,0,0.00,0.00,9999
W ,Joel Kuhnel P | PHI,0,0,0,0,0,0,0,0,0,0,0,0,0,0.00,0.00,9999
W ,Cole Sulser P | TB ,0,0,0,0,0,0,0,0,0,0,0,0,0,0.00,0.00,9999
W ,Yeuris Jimenez P | WAS,0,0,0,0,0,0,0,0,0,0,0,0,0,0.00,0.00,9999
W ,Willy Paredes P | ARI,0,0,0,0,0,0,0,0,0,0,0,0,0,0.00,0.00,9999
W ,Daniel Bard P | COL,0,0,0,0,0,0,0,0,0,0,0,0,0,0.00,0.00,9999
W ,Drew VerHagen P | STL,0,0,0,0,0,0,0,0,0,0,0,0,0,0.00,0.00,9999
W ,Joey Mancini P | HOU,0,0,0,0,0,0,0,0,0,0,0,0,0,0.00,0.00,9999
W ,Tyler Zombro P | TB,0,0,0,0,0,0,0,0,0,0,0,0,0,0.00,0.00,9999
W ,Jose Disla P | TB,0,0,0,0,0,0,0,0,0,0,0,0,0,0.00,0.00,9999
W ,Eduarniel Nunez P | SD,0,0,0,0,0,0,0,0,0,0,0,0,0,0.00,0.00,9999
W ,Kevin Stevens P | NYY,0,0,0,0,0,0,0,0,0,0,0,0,0,0.00,0.00,9999
W ,Chris Muller P | TB,0,0,0,0,0,0,0,0,0,0,0,0,0,0.00,0.00,9999
W ,Brian Howard P | ATH,0,0,0,0,0,0,0,0,0,0,0,0,0,0.00,0.00,9999
W ,Lucas Gilbreath P | COL ,0,0,0,0,0,0,0,0,0,0,0,0,0,0.00,0.00,9999
W ,Francisco Perez P | ATH,0,0,0,0,0,0,0,0,0,0,0,0,0,0.00,0.00,9999
W ,Drew Rucinski P | ATH,0,0,0,0,0,0,0,0,0,0,0,0,0,0.00,0.00,9999
W ,Kyle Carr P | NYY,0,0,0,0,0,0,0,0,0,0,0,0,0,0.00,0.00,9999
W ,Gordon Graceffo P | STL ,0,0,0,0,0,0,0,0,0,0,0,0,0,0.00,0.00,9999
W ,Yoel Mecias P | PHI,0,0,0,0,0,0,0,0,0,0,0,0,0,0.00,0.00,9999
W ,Noah Syndergaard P | CLE,0,0,0,0,0,0,0,0,0,0,0,0,0,0.00,0.00,9999
W ,Nick Krauth P | TEX,0,0,0,0,0,0,0,0,0,0,0,0,0,0.00,0.00,9999
W ,Jose Cisnero P | LAA,0,0,0,0,0,0,0,0,0,0,0,0,0,0.00,0.00,9999
W ,Mason Albright P | COL,0,0,0,0,0,0,0,0,0,0,0,0,0,0.00,0.00,9999
W ,Andrew Moore P | CIN,0,0,0,0,0,0,0,0,0,0,0,0,0,0.00,0.00,9999
W ,John Doxakis P | TB,0,0,0,0,0,0,0,0,0,0,0,0,0,0.00,0.00,9999
W ,Jorgan Cavanerio P | MIA,0,0,0,0,0,0,0,0,0,0,0,0,0,0.00,0.00,9999
W ,Sam Benschoter P | CIN,0,0,0,0,0,0,0,0,0,0,0,0,0,0.00,0.00,9999
W ,Kelly Secrest P | NYM,0,0,0,0,0,0,0,0,0,0,0,0,0,0.00,0.00,9999
W ,Josh Winder P | ARI,0,0,0,0,0,0,0,0,0,0,0,0,0,0.00,0.00,9999
W ,Ethan Pecko P | HOU,0,0,0,0,0,0,0,0,0,0,0,0,0,0.00,0.00,9999
W ,Jhonatan German P | WAS,0,0,0,0,0,0,0,0,0,0,0,0,0,0.00,0.00,9999
W ,Roddery Munoz P | STL ,0,0,0,0,0,0,0,0,0,0,0,0,0,0.00,0.00,9999
W ,Joshua Cornielly P | NYM,0,0,0,0,0,0,0,0,0,0,0,0,0,0.00,0.00,9999
W ,Daury Torrez P | CHC,0,0,0,0,0,0,0,0,0,0,0,0,0,0.00,0.00,9999
W ,Nick Jones P | LAA,0,0,0,0,0,0,0,0,0,0,0,0,0,0.00,0.00,9999
W ,Yefri Del Rosario P | KC,0,0,0,0,0,0,0,0,0,0,0,0,0,0.00,0.00,9999
W ,Alan Garcia P | SD,0,0,0,0,0,0,0,0,0,0,0,0,0,0.00,0.00,9999
W ,Tyler Skulina P | CHC,0,0,0,0,0,0,0,0,0,0,0,0,0,0.00,0.00,9999
W ,Michael Hobbs P | LAD,0,0,0,0,0,0,0,0,0,0,0,0,0,0.00,0.00,9999
W ,Carlos Tavera P | BAL,0,0,0,0,0,0,0,0,0,0,0,0,0,0.00,0.00,9999
W ,Jake Reindl P | CHC,0,0,0,0,0,0,0,0,0,0,0,0,0,0.00,0.00,9999
W ,Gabriel Hughes P | COL,0,0,0,0,0,0,0,0,0,0,0,0,0,0.00,0.00,9999
W ,Ray Gaither P | HOU,0,0,0,0,0,0,0,0,0,0,0,0,0,0.00,0.00,9999
W ,Steven Zobac P | KC,0,0,0,0,0,0,0,0,0,0,0,0,0,0.00,0.00,9999
W ,Aaron Hernandez P | LAA,0,0,0,0,0,0,0,0,0,0,0,0,0,0.00,0.00,9999
W ,Zack Draper P | CLE,0,0,0,0,0,0,0,0,0,0,0,0,0,0.00,0.00,9999
W ,Sixto Sanchez P | MIA,0,0,0,0,0,0,0,0,0,0,0,0,0,0.00,0.00,9999
W ,Devin Sweet P | PHI ,0,0,0,0,0,0,0,0,0,0,0,0,0,0.00,0.00,9999
W ,Adam Shoemaker P | ATL,0,0,0,0,0,0,0,0,0,0,0,0,0,0.00,0.00,9999
W ,Alex Katz P | CHW,0,0,0,0,0,0,0,0,0,0,0,0,0,0.00,0.00,9999
W ,Daulton Jefferies P | PIT,0,0,0,0,0,0,0,0,0,0,0,0,0,0.00,0.00,9999
W ,Chandler Jozwiak P | MIA,0,0,0,0,0,0,0,0,0,0,0,0,0,0.00,0.00,9999
W ,Alan Busenitz P | CIN,0,0,0,0,0,0,0,0,0,0,0,0,0,0.00,0.00,9999
W ,Blake Quinn P | PHI,0,0,0,0,0,0,0,0,0,0,0,0,0,0.00,0.00,9999
W ,Tyler Bryant P | MIL,0,0,0,0,0,0,0,0,0,0,0,0,0,0.00,0.00,9999
W ,Morgan McSweeney P | BAL,0,0,0,0,0,0,0,0,0,0,0,0,0,0.00,0.00,9999
W ,Miguel Gomez P | WAS,0,0,0,0,0,0,0,0,0,0,0,0,0,0.00,0.00,9999
W ,Ryan Mason P | MIN,0,0,0,0,0,0,0,0,0,0,0,0,0,0.00,0.00,9999
W ,Joel Diaz P | NYM,0,0,0,0,0,0,0,0,0,0,0,0,0,0.00,0.00,9999
W ,Jackson Finley P | ATH,0,0,0,0,0,0,0,0,0,0,0,0,0,0.00,0.00,9999
W ,Michael Boyle P | MIN,0,0,0,0,0,0,0,0,0,0,0,0,0,0.00,0.00,9999
W ,Dylan Rheault P | SF,0,0,0,0,0,0,0,0,0,0,0,0,0,0.00,0.00,9999
W ,Sean Hermann P | NYY ,0,0,0,0,0,0,0,0,0,0,0,0,0,0.00,0.00,9999
W ,Pedro Santos P | ATH,0,0,0,0,0,0,0,0,0,0,0,0,0,0.00,0.00,9999
W ,Clayton Andrews P | NYY,0,0,0,0,0,0,0,0,0,0,0,0,0,0.00,0.00,9999
W ,Luke Hayden P | CIN,0,0,0,0,0,0,0,0,0,0,0,0,0,0.00,0.00,9999
W ,Matt Solter P | SF,0,0,0,0,0,0,0,0,0,0,0,0,0,0.00,0.00,9999
W ,Josh James P | STL,0,0,0,0,0,0,0,0,0,0,0,0,0,0.00,0.00,9999
W ,Travis Ballew P | HOU,0,0,0,0,0,0,0,0,0,0,0,0,0,0.00,0.00,9999
W ,Anthony Gose P | NYM ,0,0,0,0,0,0,0,0,0,0,0,0,0,0.00,0.00,9999
W ,Chase Shugart P | PIT,0,0,0,0,0,0,0,0,0,0,0,0,0,0.00,0.00,9999
W ,Juan Hillman P | CLE,0,0,0,0,0,0,0,0,0,0,0,0,0,0.00,0.00,9999
W ,Carlos Pimentel P | SD,0,0,0,0,0,0,0,0,0,0,0,0,0,0.00,0.00,9999
W ,Austin Kubitza P | DET,0,0,0,0,0,0,0,0,0,0,0,0,0,0.00,0.00,9999
W ,Andrew Misiaszek P | CLE,0,0,0,0,0,0,0,0,0,0,0,0,0,0.00,0.00,9999
W ,Robert Gsellman P | WAS,0,0,0,0,0,0,0,0,0,0,0,0,0,0.00,0.00,9999
W ,Paulshawn Pasqualotto P | MIN,0,0,0,0,0,0,0,0,0,0,0,0,0,0.00,0.00,9999
W ,Gerson Garabito P | TEX ,0,0,0,0,0,0,0,0,0,0,0,0,0,0.00,0.00,9999
W ,Jorge Juan P | ATL,0,0,0,0,0,0,0,0,0,0,0,0,0,0.00,0.00,9999
W ,Jason Urquidez P | ARI,0,0,0,0,0,0,0,0,0,0,0,0,0,0.00,0.00,9999
W ,Jayson McKinley P | ARI,0,0,0,0,0,0,0,0,0,0,0,0,0,0.00,0.00,9999
W ,Nick Sinacola P | SF,0,0,0,0,0,0,0,0,0,0,0,0,0,0.00,0.00,9999
W ,Trey McGough P | CHW,0,0,0,0,0,0,0,0,0,0,0,0,0,0.00,0.00,9999
W ,Derek Molina P | MIN,0,0,0,0,0,0,0,0,0,0,0,0,0,0.00,0.00,9999
W ,Joelvis Del Rosario P | ATH,0,0,0,0,0,0,0,0,0,0,0,0,0,0.00,0.00,9999
W ,Melvin Adon P | BOS,0,0,0,0,0,0,0,0,0,0,0,0,0,0.00,0.00,9999
W ,Brandon Sproat P | NYM,0,0,0,0,0,0,0,0,0,0,0,0,0,0.00,0.00,9999
W ,Braden Zarbnisky P | PHI,0,0,0,0,0,0,0,0,0,0,0,0,0,0.00,0.00,9999
W ,Tyler Alexander P | PHI,0,0,0,0,0,0,0,0,0,0,0,0,0,0.00,0.00,9999
W ,Ryne Inman P | SEA,0,0,0,0,0,0,0,0,0,0,0,0,0,0.00,0.00,9999
W ,Aidan Curry P | TEX,0,0,0,0,0,0,0,0,0,0,0,0,0,0.00,0.00,9999
W ,Zach Maxwell P | CIN,0,0,0,0,0,0,0,0,0,0,0,0,0,0.00,0.00,9999
W ,Jacob Dahlstrand P | BOS,0,0,0,0,0,0,0,0,0,0,0,0,0,0.00,0.00,9999
W ,Brian Loconsole P | LAA,0,0,0,0,0,0,0,0,0,0,0,0,0,0.00,0.00,9999
W ,Francisco Rios P | NYM,0,0,0,0,0,0,0,0,0,0,0,0,0,0.00,0.00,9999
W ,Hunter Barco P | PIT,0,0,0,0,0,0,0,0,0,0,0,0,0,0.00,0.00,9999
W ,Ryan Murphy P | SF,0,0,0,0,0,0,0,0,0,0,0,0,0,0.00,0.00,9999
W ,Reggie Crawford P | SF ,0,0,0,0,0,0,0,0,0,0,0,0,0,0.00,0.00,9999
W ,Brian Clark P | CHW,0,0,0,0,0,0,0,0,0,0,0,0,0,0.00,0.00,9999
W ,Josh Dye P | KC,0,0,0,0,0,0,0,0,0,0,0,0,0,0.00,0.00,9999
W ,Mark Washington P | HOU,0,0,0,0,0,0,0,0,0,0,0,0,0,0.00,0.00,9999
W ,Tyler McKay P | PHI,0,0,0,0,0,0,0,0,0,0,0,0,0,0.00,0.00,9999
W ,Alex Wood P | ATH,0,0,0,0,0,0,0,0,0,0,0,0,0,0.00,0.00,9999
W ,Jack Weisenburger P | ATH,0,0,0,0,0,0,0,0,0,0,0,0,0,0.00,0.00,9999
W ,Harol Gonzalez P | NYM,0,0,0,0,0,0,0,0,0,0,0,0,0,0.00,0.00,9999
W ,Victor Castaneda P | MIL,0,0,0,0,0,0,0,0,0,0,0,0,0,0.00,0.00,9999
W ,Scott Williams P | TEX,0,0,0,0,0,0,0,0,0,0,0,0,0,0.00,0.00,9999
W ,Deyni Olivero P | ARI,0,0,0,0,0,0,0,0,0,0,0,0,0,0.00,0.00,9999
W ,Charlie Shirek P | CHW,0,0,0,0,0,0,0,0,0,0,0,0,0,0.00,0.00,9999
W ,Jose Geraldo P | SD,0,0,0,0,0,0,0,0,0,0,0,0,0,0.00,0.00,9999
W ,Joey DeNato P | PHI,0,0,0,0,0,0,0,0,0,0,0,0,0,0.00,0.00,9999
W ,Jordan Jones P | CLE,0,0,0,0,0,0,0,0,0,0,0,0,0,0.00,0.00,9999
W ,Cesar Lares P | MIN,0,0,0,0,0,0,0,0,0,0,0,0,0,0.00,0.00,9999
W ,Aaron Holiday P | SD,0,0,0,0,0,0,0,0,0,0,0,0,0,0.00,0.00,9999
W ,Luis Moreno P | NYM,0,0,0,0,0,0,0,0,0,0,0,0,0,0.00,0.00,9999
W ,Tyler Mizenko P | SF,0,0,0,0,0,0,0,0,0,0,0,0,0,0.00,0.00,9999
W ,Rich Hill P | BOS,0,0,0,0,0,0,0,0,0,0,0,0,0,0.00,0.00,9999
W ,Owen Holt P | CIN,0,0,0,0,0,0,0,0,0,0,0,0,0,0.00,0.00,9999
W ,Eric Adler P | CHW,0,0,0,0,0,0,0,0,0,0,0,0,0,0.00,0.00,9999
W ,Jonathan Hernandez P | TB,0,0,0,0,0,0,0,0,0,0,0,0,0,0.00,0.00,9999
W ,Franklin De La Paz P | LAD,0,0,0,0,0,0,0,0,0,0,0,0,0,0.00,0.00,9999
W ,Leonardo Rodriguez P | BAL,0,0,0,0,0,0,0,0,0,0,0,0,0,0.00,0.00,9999
W ,Tyler Mark P | ARI,0,0,0,0,0,0,0,0,0,0,0,0,0,0.00,0.00,9999
W ,Michael Byrne P | CIN,0,0,0,0,0,0,0,0,0,0,0,0,0,0.00,0.00,9999
W ,John O'Reilly P | PIT,0,0,0,0,0,0,0,0,0,0,0,0,0,0.00,0.00,9999
W ,Adrian Alcantara P | KC,0,0,0,0,0,0,0,0,0,0,0,0,0,0.00,0.00,9999
W ,Jacob Webb P | BOS,0,0,0,0,0,0,0,0,0,0,0,0,0,0.00,0.00,9999
W ,Connor McCullough P | CHW,0,0,0,0,0,0,0,0,0,0,0,0,0,0.00,0.00,9999
W ,Haylen Green P | CHW,0,0,0,0,0,0,0,0,0,0,0,0,0,0.00,0.00,9999
W ,Erasmo Pinales P | HOU,0,0,0,0,0,0,0,0,0,0,0,0,0,0.00,0.00,9999
W ,Seth Keller P | ATL ,0,0,0,0,0,0,0,0,0,0,0,0,0,0.00,0.00,9999
W ,Daniel Tillman P | MIL,0,0,0,0,0,0,0,0,0,0,0,0,0,0.00,0.00,9999
W ,Bryce Montes de Oca P | NYM ,0,0,0,0,0,0,0,0,0,0,0,0,0,0.00,0.00,9999
W ,Zander Sechrist P | MIN,0,0,0,0,0,0,0,0,0,0,0,0,0,0.00,0.00,9999
W ,David Garner P | TOR,0,0,0,0,0,0,0,0,0,0,0,0,0,0.00,0.00,9999
W ,Scott Boches P | SEA,0,0,0,0,0,0,0,0,0,0,0,0,0,0.00,0.00,9999
W ,Tyler Samaniego P | PIT,0,0,0,0,0,0,0,0,0,0,0,0,0,0.00,0.00,9999
W ,Anderson Brito P | HOU,0,0,0,0,0,0,0,0,0,0,0,0,0,0.00,0.00,9999
W ,Peter Solomon P | ARI,0,0,0,0,0,0,0,0,0,0,0,0,0,0.00,0.00,9999
W ,William Corcoran P | ARI,0,0,0,0,0,0,0,0,0,0,0,0,0,0.00,0.00,9999
W ,Ben Wright P | CHW,0,0,0,0,0,0,0,0,0,0,0,0,0,0.00,0.00,9999
Report Updated as of  3/22/25  1:42 PM EST
